player,player_id,position,team_name,player_game_count,assists,batted_passes,catch_rate,declined_penalties,forced_fumbles,franchise_id,fumble_recoveries,fumble_recovery_touchdowns,grades_coverage_defense,grades_defense,grades_defense_penalty,grades_pass_rush_defense,grades_run_defense,grades_tackle,hits,hurries,interception_touchdowns,interceptions,longest,missed_tackle_rate,missed_tackles,pass_break_ups,penalties,qb_rating_against,receptions,sacks,safeties,snap_counts_box,snap_counts_corner,snap_counts_coverage,snap_counts_defense,snap_counts_dl,snap_counts_dl_a_gap,snap_counts_dl_b_gap,snap_counts_dl_outside_t,snap_counts_dl_over_t,snap_counts_fs,snap_counts_offball,snap_counts_pass_rush,snap_counts_run_defense,snap_counts_slot,stops,tackles,tackles_for_loss,targets,total_pressures,touchdowns,yards,yards_after_catch,yards_per_reception
Calais Campbell,4364,DI,MIA,11,6,5,,0,1,17,0,0,61.9,79.7,87.5,69.0,78.2,37.5,3,17,0,0,,16.2,6,0,0,0.0,0,4,0,2,0,10,392,390,11,180,124,75,0,2,253,129,0,22,25,5,0,24,0,0,0,
Brandon Graham,5538,ED,PHI,11,4,0,100.0,0,1,24,0,0,50.9,78.6,63.9,71.8,80.1,34.0,3,13,0,0,5,23.8,5,0,1,87.5,1,4,0,1,0,15,311,309,0,6,269,34,0,2,169,127,1,12,12,3,1,20,0,5,8,5.0
Jerry Hughes,5556,ED,HST,6,2,0,,0,0,13,0,0,60.9,46.8,82.5,45.9,51.9,73.8,0,1,0,0,,0.0,0,0,0,0.0,0,0,0,0,0,3,65,64,0,0,62,2,1,1,38,24,0,1,2,0,0,1,0,0,0,
Linval Joseph,5571,DI,DAL,11,4,0,,0,1,9,0,0,79.3,49.3,54.0,82.1,33.1,54.0,0,2,0,0,,9.1,1,0,1,0.0,0,1,0,0,0,0,186,186,125,61,0,0,0,0,77,109,0,3,6,0,0,3,0,0,0,
Von Miller,6154,ED,BUF,7,2,0,,0,0,4,0,0,65.2,76.3,47.0,76.0,61.6,77.2,2,11,0,0,,0.0,0,0,1,0.0,0,4,0,0,0,4,158,158,0,0,158,0,0,0,122,32,0,6,3,0,0,17,0,0,0,
Cameron Jordan,6176,ED,NO,11,6,2,,0,0,20,0,0,67.8,50.5,87.6,54.1,43.4,32.1,1,13,0,1,,23.8,5,0,0,0.0,0,1,0,1,0,6,339,338,3,15,225,95,0,1,209,124,0,7,10,0,0,15,0,0,0,
Cameron Heyward,6183,DI,PIT,11,4,6,,0,0,25,0,0,59.1,90.5,85.1,90.0,78.9,68.1,8,23,0,0,,5.1,2,0,0,0.0,0,7,0,1,0,0,487,486,10,275,19,182,0,1,296,191,0,29,33,2,0,38,0,0,0,
Lawrence Guy Sr.,6385,DI,CIN,4,2,0,,0,0,7,0,0,,51.1,80.2,52.5,52.7,25.2,0,0,0,0,,33.3,1,0,0,0.0,0,0,0,0,0,0,90,90,1,73,3,13,0,0,41,49,0,0,0,0,0,0,0,0,0,
Nick Bellore,6515,LB,WAS,3,0,0,100.0,0,0,32,0,0,79.4,87.9,68.9,60.0,63.2,73.2,0,0,0,0,2,0.0,0,0,0,79.2,2,0,0,6,0,3,7,0,0,0,0,0,0,7,1,3,0,1,1,1,2,0,0,-4,3,-2.0
Stephon Gilmore,7016,CB,MIN,11,9,0,67.7,0,1,18,0,0,60.2,64.3,86.5,,82.0,68.6,0,0,0,1,27,11.3,6,5,3,94.5,44,0,0,80,522,445,641,6,0,0,6,0,5,635,0,196,28,17,38,1,65,0,3,422,173,9.6
Bobby Wagner,7050,LB,WAS,12,26,0,73.1,0,1,32,2,0,63.7,83.7,58.5,86.4,89.8,78.8,3,10,0,0,32,6.9,7,1,1,111.1,19,3,0,692,2,353,745,11,0,0,11,0,1,734,61,331,39,35,69,6,26,16,1,220,141,11.6
Lavonte David,7060,LB,TB,11,17,1,84.5,0,3,30,0,0,59.7,69.7,83.9,67.0,77.4,39.6,1,14,0,1,49,17.9,15,3,1,106.5,49,3,0,607,5,400,727,55,0,0,55,0,1,672,76,251,59,33,52,2,58,18,2,495,313,10.1
Demario Davis,7079,LB,NO,10,29,0,77.4,0,0,20,0,0,67.7,69.3,56.6,55.4,70.5,61.9,0,3,0,0,23,10.7,9,3,2,99.7,24,1,0,602,0,377,665,35,0,0,35,0,2,630,39,249,26,27,46,1,31,4,0,246,172,10.3
Rodney McLeod,7271,S,CLV,11,5,0,54.2,0,0,8,1,1,42.3,46.9,82.1,53.0,63.3,57.4,0,0,0,0,17,15.2,5,4,0,77.4,13,0,0,139,0,217,383,13,0,0,13,0,148,370,5,161,83,7,23,2,24,0,1,94,75,7.2
Harrison Smith,7641,S,MIN,11,10,2,67.6,0,0,18,1,0,57.1,61.9,88.5,55.4,75.0,68.8,0,5,0,2,42,11.3,7,2,0,100.4,25,1,0,173,4,440,693,94,0,0,94,0,367,599,38,215,55,14,45,1,37,6,3,333,156,13.3
Darius Slay,7817,CB,PHI,10,6,0,59.5,2,1,24,0,0,67.0,65.0,45.5,,56.4,58.8,0,0,0,0,41,12.8,5,7,4,95.3,22,0,0,45,428,305,479,5,0,0,5,0,0,474,0,174,1,10,28,2,37,0,2,228,66,10.4
Robert Woods,7822,WR,HST,1,0,0,,0,0,13,0,0,60.7,70.2,60.0,,,,0,0,0,0,,,0,0,1,0.0,0,0,0,0,0,1,1,0,0,0,0,0,0,1,0,0,0,0,0,0,0,0,0,0,0,
Johnathan Hankins,7830,DI,SEA,11,5,0,,1,0,29,0,0,65.8,33.0,8.3,54.1,35.0,29.0,1,4,0,1,,17.9,5,0,4,0.0,0,0,0,0,0,0,298,298,94,204,0,0,0,0,119,179,0,12,18,3,0,5,0,0,0,
Tyrann Mathieu,7850,S,NO,11,6,0,75.0,0,1,20,1,0,59.2,58.5,86.2,51.2,55.9,37.7,0,3,0,3,50,23.2,13,1,0,77.1,12,0,0,170,0,393,627,15,0,0,15,0,404,612,9,225,38,7,37,1,16,3,0,275,121,22.9
John Jenkins,7863,DI,LV,11,10,1,,0,0,23,0,0,60.0,55.5,86.0,54.5,55.0,54.4,0,3,0,0,,8.8,3,0,0,0.0,0,2,0,0,0,1,404,404,201,200,0,3,0,0,178,225,0,16,21,3,0,5,0,0,0,
William Gholston,7908,DI,TB,11,4,0,,0,0,30,0,0,66.8,66.1,45.8,70.0,55.5,73.8,2,5,0,0,,0.0,0,0,1,0.0,0,1,0,0,0,0,159,159,3,80,29,47,0,0,80,79,0,5,6,0,0,8,0,0,0,
Jordan Poyer,8000,S,MIA,10,15,0,70.8,0,0,17,0,0,57.8,58.8,0.0,64.1,68.4,71.9,0,0,0,0,33,7.8,5,2,3,131.4,17,0,0,156,6,368,593,17,0,0,17,0,366,576,8,217,48,10,44,0,24,0,2,245,107,14.4
Tony Jefferson,8361,S,LAC,1,0,0,,0,0,27,0,0,60.5,60.8,67.9,,,,0,0,0,0,,,0,0,0,0.0,0,0,0,0,0,7,7,0,0,0,0,0,6,7,0,0,1,0,0,0,0,0,0,0,0,
Jadeveon Clowney,8636,ED,CAR,9,10,1,100.0,1,0,5,0,0,60.4,67.9,57.7,65.1,68.6,50.4,2,22,0,0,15,14.7,5,0,2,118.8,2,3,0,2,0,27,431,427,0,0,426,1,0,4,228,176,2,17,19,4,2,27,0,30,19,15.0
Khalil Mack,8640,ED,LAC,10,2,4,100.0,0,2,27,1,0,82.8,91.5,72.0,81.9,91.3,49.5,4,22,0,0,11,20.0,5,0,1,112.5,1,5,0,1,0,12,387,386,0,0,383,3,0,1,239,136,0,17,18,1,1,31,0,11,6,11.0
C.J. Mosley,8652,LB,NYJ,4,3,0,100.0,0,0,22,0,0,61.0,74.7,78.7,38.7,81.6,57.0,0,1,0,0,15,15.8,3,0,0,103.1,4,0,0,108,0,44,110,2,0,0,2,0,0,108,3,63,0,6,13,0,4,1,0,35,14,8.8
Jimmie Ward,8665,S,HST,7,8,0,61.9,0,0,13,0,0,71.7,74.1,82.1,56.5,70.3,81.4,0,0,1,2,63,5.9,2,1,0,98.9,13,0,0,86,5,192,312,5,0,0,5,0,143,307,2,118,73,7,24,4,21,0,3,228,65,17.5
DeMarcus Lawrence,8669,ED,DAL,4,4,0,,0,1,9,0,0,60.3,56.8,53.1,53.9,62.4,27.9,2,4,0,0,,33.3,6,0,1,0.0,0,3,0,1,0,3,167,166,0,4,146,16,0,1,89,75,0,7,8,1,0,9,0,0,0,
Kyle Van Noy,8675,ED,BLT,12,6,2,100.0,0,2,3,0,0,58.8,75.8,57.9,75.4,68.8,59.9,8,26,0,0,26,16.7,4,0,2,118.8,5,8,0,19,0,40,496,475,0,0,475,0,0,21,328,128,2,17,14,2,5,42,0,71,31,14.2
Jordan Matthews,8677,TE,CAR,1,0,0,,0,0,5,0,0,,60.0,60.0,,60.0,,0,0,0,0,,,0,0,0,0.0,0,0,0,0,0,0,1,0,0,0,0,0,0,1,0,1,0,0,0,0,0,0,0,0,0,
DaQuan Jones,8747,DI,BUF,11,5,1,,0,0,4,0,0,63.2,59.5,51.8,72.1,47.9,27.4,3,11,0,0,,26.3,5,0,2,0.0,0,2,0,0,0,0,386,386,48,314,2,22,0,0,223,163,0,7,9,1,0,16,0,0,0,
Brent Urban,8769,ED,BLT,8,4,1,,0,0,3,0,0,62.0,57.6,81.5,56.3,55.4,75.2,0,2,0,0,,0.0,0,0,0,0.0,0,0,0,0,0,2,126,126,1,82,16,27,0,0,64,60,0,7,10,0,0,2,0,0,0,
Shelby Harris,8869,DI,CLV,11,10,1,,0,1,8,0,0,61.4,71.2,85.1,59.6,72.1,67.4,1,15,0,0,,3.8,1,0,0,0.0,0,2,0,1,0,5,401,400,7,288,1,104,0,1,206,190,0,15,15,2,0,18,0,0,0,
Denico Autry,8982,ED,HST,6,4,2,,0,0,13,1,0,54.5,53.2,85.1,58.5,47.7,49.8,3,5,0,0,,10.0,1,0,0,0.0,0,3,0,1,0,1,197,196,1,9,114,72,0,1,142,54,0,5,5,0,0,11,0,0,0,
C.J. Goodwin,9243,CB,DAL,2,0,0,,0,0,9,0,0,60.2,61.4,99.9,60.0,60.0,,0,0,0,0,,,0,0,0,0.0,0,0,0,0,4,1,5,0,0,0,0,0,0,5,1,3,0,0,0,0,0,0,0,0,0,
Mike Pennel,9316,DI,KC,11,3,0,,0,1,16,0,0,52.9,63.6,54.9,62.7,69.4,73.9,0,4,0,0,,0.0,0,0,1,0.0,0,2,0,0,0,5,213,213,28,184,0,1,0,0,94,114,0,9,9,0,0,6,0,0,0,
Dante Fowler Jr.,9436,ED,WAS,12,4,0,100.0,0,1,32,0,0,81.0,62.3,70.5,62.3,52.4,29.6,1,22,1,1,9,30.8,8,0,1,62.5,4,9,0,1,0,16,363,362,0,4,344,14,0,1,211,136,0,17,14,3,4,32,0,34,31,8.5
Leonard Williams,9439,DI,SEA,10,6,0,,0,0,29,0,0,60.6,77.8,71.4,69.9,75.7,43.6,10,21,0,0,,17.2,5,0,1,0.0,0,5,0,1,0,6,452,451,10,190,89,162,0,1,283,163,0,16,18,2,0,36,0,0,0,
Arik Armstead,9450,ED,JAX,11,0,0,,0,0,15,0,0,60.8,60.2,53.1,63.8,54.8,43.0,3,13,0,0,,19.0,4,0,2,0.0,0,1,0,1,0,2,361,359,6,35,227,91,0,2,241,118,1,14,17,1,0,17,0,0,0,
Bud Dupree,9455,ED,LAC,11,2,1,100.0,0,1,27,0,0,66.0,46.4,49.9,50.8,47.5,42.1,4,11,0,1,9,21.1,4,0,2,58.3,2,5,0,7,0,9,404,397,0,0,397,0,0,7,274,121,0,14,13,1,2,20,0,15,18,7.5
Shaq Thompson,9458,LB,CAR,4,8,0,93.3,0,0,5,0,0,62.9,67.4,19.4,52.7,73.2,51.0,1,1,0,0,21,16.3,7,0,1,114.2,14,0,0,206,2,116,245,18,0,0,18,0,0,227,17,112,19,16,28,3,15,2,1,91,66,6.5
Mario Edwards Jr.,9468,DI,HST,8,7,0,,0,0,13,2,0,65.7,55.1,22.6,65.3,46.8,38.4,4,11,0,0,,18.2,4,0,3,0.0,0,3,0,0,0,0,295,295,9,244,4,38,0,0,202,93,0,10,11,0,0,18,0,0,0,
Preston Smith,9471,ED,PIT,12,7,0,75.0,0,0,25,0,0,68.9,63.3,55.4,55.9,67.4,73.4,1,8,0,0,20,8.7,2,0,2,100.0,3,3,0,0,0,22,365,364,0,7,342,15,0,1,200,143,1,11,14,1,4,12,0,34,18,11.3
Eddie Goldman,9472,DI,ATL,11,5,0,,0,0,2,0,0,,62.9,53.1,66.7,60.6,28.7,2,5,0,0,,18.2,2,0,1,0.0,0,0,0,1,0,0,187,186,137,49,0,0,0,1,82,105,0,2,4,0,0,7,0,0,0,
Eric Kendricks,9478,LB,DAL,10,28,0,60.0,0,2,9,1,0,57.6,67.9,85.7,60.8,74.5,64.1,1,2,0,1,57,12.0,12,0,0,90.1,15,2,0,553,3,294,606,14,0,0,14,0,3,592,35,277,33,31,60,0,25,5,1,248,185,16.5
Denzel Perryman,9481,LB,LAC,10,10,0,94.4,0,0,27,0,0,63.4,61.6,81.7,83.9,50.7,29.4,2,3,0,0,23,21.5,14,0,0,97.7,17,1,0,302,1,162,329,2,0,0,2,0,0,327,19,148,24,24,41,1,18,6,0,134,72,7.9
Ronald Darby,9483,CB,JAX,11,4,0,73.7,1,0,15,0,0,58.8,59.7,85.2,60.0,59.8,67.4,0,0,0,0,80,10.4,5,3,3,134.3,42,0,0,60,510,370,595,9,0,0,9,0,0,586,1,224,16,9,39,3,57,0,5,569,213,13.5
Jordan Phillips,9485,DI,BUF,4,0,0,,0,0,4,0,0,,41.1,78.8,69.8,29.5,70.5,2,2,0,0,,0.0,0,0,0,0.0,0,0,0,0,0,0,71,71,0,51,0,20,0,0,38,33,0,4,4,0,0,4,0,0,0,
Chris Conley,9509,WR,SF,1,0,0,,0,0,28,0,0,,62.7,60.0,,61.9,68.4,0,0,0,0,,0.0,0,0,1,0.0,0,0,0,0,0,0,1,0,0,0,0,0,0,1,0,1,0,0,1,0,0,0,0,0,0,
Jordan Hicks,9517,LB,CLV,7,11,0,78.6,0,0,8,0,0,49.9,67.8,30.1,78.1,80.5,48.2,3,2,0,0,19,18.4,7,1,1,105.1,11,2,0,287,2,154,318,15,0,1,14,0,5,303,28,136,9,17,20,3,14,7,0,129,75,11.7
Danielle Hunter,9521,ED,HST,12,6,1,,1,2,13,0,0,67.8,86.4,59.5,83.6,70.9,71.0,10,32,0,0,,13.8,4,0,3,0.0,0,11,0,5,0,4,576,571,0,3,562,6,0,5,379,193,0,28,19,3,0,53,0,0,0,
Angelo Blackson,9533,DI,ARZ,1,0,0,,0,0,1,0,0,,66.5,74.1,66.7,61.5,68.1,0,1,0,0,,0.0,0,0,0,0.0,0,0,0,0,0,0,23,23,0,7,0,16,0,0,10,13,0,1,1,0,0,1,0,0,0,
Za'Darius Smith,9555,ED,DET,11,4,0,100.0,0,0,11,0,0,55.3,77.3,88.3,75.9,64.3,35.9,3,26,0,0,12,24.0,6,0,0,116.7,1,6,0,16,0,9,398,382,0,9,337,36,0,16,255,134,0,13,15,2,1,35,0,12,13,12.0
Kwon Alexander,9557,LB,DEN,3,3,0,100.0,0,1,10,1,0,65.3,90.8,73.7,60.0,91.3,57.4,0,0,0,0,3,11.1,1,0,0,118.8,1,0,0,65,0,20,65,0,0,0,0,0,0,65,1,44,0,3,5,0,1,0,1,3,2,3.0
Grady Jarrett,9570,DI,ATL,11,9,0,,1,0,2,0,0,63.4,61.1,71.7,58.8,59.1,49.0,6,9,0,0,,14.3,5,0,1,0.0,0,3,0,0,0,4,477,477,39,311,18,109,0,0,286,187,0,17,21,3,0,18,0,0,0,
Bobby McCain,9578,S,MIN,1,0,0,,0,0,18,0,0,45.4,43.2,67.2,,,,0,0,0,0,,,0,0,0,0.0,0,0,0,0,0,3,3,0,0,0,0,0,0,3,0,0,3,0,0,0,0,0,0,0,0,
Michael Burton,9601,FB,DEN,2,0,0,,0,0,10,0,0,,60.0,60.1,60.0,,,0,0,0,0,,,0,0,0,0.0,0,0,0,0,0,0,2,0,0,0,0,0,0,2,2,0,0,0,0,0,0,0,0,0,0,
Quandre Diggs,9633,S,TEN,8,4,0,78.6,0,0,31,0,0,70.6,73.2,90.3,55.4,70.0,87.2,0,1,0,0,30,4.7,2,0,0,138.1,11,0,0,75,3,237,419,6,0,0,6,0,312,413,2,180,23,13,37,0,14,1,2,107,61,9.7
Rakeem Nunez-Roches,9650,DI,NYG,11,21,1,,0,0,21,0,0,52.7,46.2,56.1,54.3,50.0,51.5,3,6,0,0,,8.9,4,0,2,0.0,0,2,0,0,0,1,460,460,16,283,41,120,0,0,225,234,0,13,20,1,0,11,0,0,0,
Neville Hewitt,9836,LB,HST,7,13,0,66.7,0,1,13,0,0,74.2,71.5,10.1,65.9,63.8,51.8,1,0,0,1,12,15.8,6,1,1,38.0,6,0,0,209,1,133,224,2,0,0,2,0,0,222,9,82,11,10,19,0,9,1,0,43,35,7.2
Troy Hill,9881,CB,TB,6,5,0,87.5,0,0,30,0,0,70.6,63.2,15.0,50.2,49.0,65.6,0,0,0,0,29,11.1,4,1,1,96.9,14,0,0,28,1,141,236,5,0,0,5,0,0,231,9,86,202,10,27,1,16,0,0,116,74,8.3
DeShawn Williams,9891,DI,CAR,8,1,0,,0,0,5,0,0,61.7,47.5,83.7,52.9,42.0,45.7,3,5,0,0,,10.0,1,0,0,0.0,0,1,0,0,0,2,206,205,9,124,30,42,0,1,143,61,0,7,8,0,0,9,0,0,0,
Alex Singleton,9994,LB,DEN,3,11,0,81.8,0,0,10,0,0,53.5,62.9,81.1,54.3,73.5,44.2,1,0,0,1,30,19.4,7,0,0,92.0,9,0,0,173,3,88,190,1,0,0,1,0,0,189,21,81,13,11,18,0,11,1,1,87,64,9.7
T.Y. McGill,10156,DI,SF,1,1,0,,0,0,28,0,0,60.0,51.4,72.9,55.8,54.2,66.8,0,0,0,0,,0.0,0,0,0,0.0,0,0,0,0,0,0,11,11,0,11,0,0,0,0,5,6,0,0,0,0,0,0,0,0,0,
Efe Obada,10235,ED,WAS,6,1,0,,0,0,32,0,0,,54.1,82.8,51.7,56.4,73.6,0,1,0,0,,0.0,0,0,0,0.0,0,0,0,0,0,0,84,84,0,8,69,7,0,0,36,48,0,2,3,0,0,1,0,0,0,
Joey Bosa,10637,ED,LAC,8,4,0,,0,1,27,0,0,56.7,70.4,61.0,67.9,70.5,30.0,7,8,0,0,,17.6,3,0,1,0.0,0,3,0,0,0,1,209,209,0,1,203,5,0,0,146,62,0,12,10,1,0,18,0,0,0,
Jalen Ramsey,10639,CB,MIA,11,11,3,71.4,0,0,17,0,0,79.4,83.0,58.2,75.0,87.0,51.3,3,7,0,2,33,18.0,9,2,3,78.2,30,1,0,53,430,384,660,24,0,0,24,0,1,636,33,243,152,10,30,3,42,11,1,287,145,9.6
DeForest Buckner,10641,DI,IND,7,11,0,,0,0,14,0,0,61.5,79.5,84.8,80.7,65.2,47.0,5,13,0,0,,15.4,6,0,0,0.0,0,5,0,2,0,1,317,315,3,226,11,75,0,2,180,136,0,21,22,0,0,23,0,0,0,
Leonard Floyd,10643,ED,SF,11,8,0,100.0,2,1,28,0,0,66.6,55.5,59.6,56.3,55.6,50.3,7,24,0,0,5,20.0,6,0,2,87.5,1,9,0,3,0,5,433,430,0,2,427,1,0,3,277,151,0,20,16,1,1,40,0,5,2,5.0
Eli Apple,10644,CB,LAC,3,0,0,50.0,0,0,27,0,0,78.6,78.0,77.6,,60.3,75.4,0,0,0,0,8,0.0,0,1,0,56.3,2,0,0,0,44,40,47,0,0,0,0,0,0,47,0,7,3,1,2,0,4,0,0,12,1,6.0
Sheldon Rankins,10646,DI,CIN,7,5,0,,0,0,7,0,0,71.2,55.3,83.7,58.9,46.2,32.9,0,3,0,0,,15.0,3,0,0,0.0,0,1,0,0,0,0,287,287,16,216,7,48,0,0,163,124,0,6,12,0,0,4,0,0,0,
Shaq Lawson,10653,ED,CAR,1,0,0,,0,0,5,0,0,,57.0,73.1,59.3,57.2,,0,3,0,0,,,0,0,0,0.0,0,0,0,0,0,0,14,14,0,0,14,0,0,0,7,7,0,0,0,0,0,3,0,0,0,
Artie Burns,10659,CB,SEA,1,0,0,50.0,0,0,29,0,0,74.3,68.6,72.1,,60.0,35.9,0,0,0,0,15,50.0,1,1,0,66.7,2,0,0,1,0,12,14,0,0,0,0,0,0,14,0,2,13,0,1,0,4,0,0,22,20,11.0
Kenny Clark,10661,DI,GB,11,8,0,,1,0,12,2,0,64.5,50.2,17.1,60.4,49.0,40.0,3,15,0,0,,12.0,3,0,5,0.0,0,0,0,1,0,2,464,463,19,337,5,102,0,1,274,188,0,8,14,3,0,18,0,0,0,
Emmanuel Ogbah,10666,ED,MIA,10,7,1,66.7,1,0,17,0,0,59.8,56.1,61.8,46.9,70.8,38.8,3,10,0,1,15,17.9,5,0,2,41.7,2,4,0,1,0,29,433,432,0,4,415,13,0,1,242,162,0,17,16,4,3,17,0,17,2,8.5
Chris Jones,10671,DI,KC,11,5,0,,2,0,16,0,0,67.0,89.4,37.0,91.0,58.9,58.0,9,38,0,0,,4.8,1,0,4,0.0,0,4,0,0,0,1,563,563,1,242,107,213,0,0,398,164,0,16,15,2,0,51,0,0,0,
Austin Johnson,10677,DI,BUF,10,9,0,,0,0,4,0,0,67.2,59.9,83.3,62.8,49.0,36.9,1,3,0,2,,12.5,2,0,0,0.0,0,0,0,0,0,0,196,196,14,167,0,15,0,0,113,83,0,4,5,0,0,4,0,0,0,
Jihad Ward,10678,DI,MIN,11,0,1,,0,0,18,1,0,71.6,56.0,31.7,56.8,59.2,45.5,9,10,0,0,,25.0,1,0,2,0.0,0,1,0,8,0,2,254,246,20,117,21,88,0,8,236,16,0,4,3,0,0,20,0,0,0,
A'Shawn Robinson,10680,DI,CAR,10,14,1,,0,1,5,0,0,66.4,52.0,71.3,56.7,50.3,54.4,2,12,0,0,,7.5,4,0,1,0.0,0,3,0,1,0,0,502,500,1,314,29,156,0,2,245,257,0,20,35,2,0,17,0,0,0,
Jarran Reed,10683,DI,SEA,11,9,0,,0,0,29,0,0,61.5,69.1,86.3,68.0,61.9,69.0,7,22,0,0,,3.4,1,0,0,0.0,0,2,0,0,0,11,456,456,15,317,23,101,0,0,267,178,0,17,19,1,0,31,0,0,0,
Vonn Bell,10695,S,CIN,11,16,0,72.7,0,0,7,0,0,61.1,57.5,83.9,60.2,48.3,55.0,1,1,0,1,55,13.5,7,2,0,98.9,16,0,0,301,17,343,622,40,0,0,40,0,185,582,18,261,79,9,29,1,22,2,1,211,84,13.2
Adam Gotsis,10697,ED,IND,5,4,0,,0,0,14,0,0,63.4,64.4,20.7,52.9,70.5,46.9,2,1,0,0,,11.1,1,0,1,0.0,0,0,0,0,0,0,71,71,0,1,66,4,0,0,37,34,0,4,4,0,0,3,0,0,0,
Kevin Byard,10698,S,CHI,11,21,0,76.9,1,0,6,2,0,72.5,80.0,81.4,73.1,86.6,90.4,0,1,0,1,24,4.5,4,3,1,91.3,20,1,0,196,2,381,665,8,0,0,8,0,398,657,1,283,61,16,63,2,26,2,1,177,112,8.9
Maliek Collins,10701,DI,SF,11,3,0,,0,0,28,2,0,63.8,57.9,57.4,66.9,46.1,30.5,4,24,0,0,,21.7,5,0,3,0.0,0,5,0,0,0,1,486,486,1,257,4,224,0,0,305,180,0,11,15,0,0,33,0,0,0,
Yannick Ngakoue,10703,ED,NE,7,4,0,,0,0,19,0,0,48.8,60.0,85.3,55.9,71.6,76.2,1,5,0,0,,0.0,0,0,0,0.0,0,2,0,0,0,3,132,132,0,0,132,0,0,0,102,27,0,2,1,0,0,8,0,0,0,
Jonathan Bullard,10706,DI,MIN,11,9,2,,0,0,18,0,0,62.6,60.7,49.5,47.8,71.8,78.5,1,4,0,0,,3.4,1,0,2,0.0,0,0,0,0,0,1,362,362,5,136,64,157,0,0,190,171,0,18,19,4,0,5,0,0,0,
Daryl Worley,10711,S,TEN,2,0,0,50.0,0,0,31,0,0,58.2,64.3,76.1,,75.9,80.9,0,0,0,0,16,0.0,0,1,0,77.1,1,0,0,17,0,50,76,0,0,0,0,0,55,76,0,26,4,2,3,0,2,0,0,16,1,16.0
Kendall Fuller,10718,CB,MIA,8,8,0,56.5,1,0,17,1,0,66.8,69.5,84.2,,74.0,77.8,0,0,0,0,22,5.6,2,4,1,94.1,13,0,0,39,347,236,395,5,0,0,5,0,0,390,0,159,4,6,26,1,23,0,1,168,18,12.9
Nick Vigil,10721,LB,DAL,5,2,0,0.0,0,0,9,0,0,58.3,40.3,83.9,55.6,34.9,26.7,0,0,0,0,,33.3,2,0,0,39.6,0,0,0,49,0,23,54,1,0,0,1,0,1,53,3,28,2,2,2,0,1,0,0,0,0,
Javon Hargrave,10723,DI,SF,3,1,0,,0,0,28,0,0,60.4,60.6,79.4,73.3,44.7,45.1,0,7,0,0,,16.7,1,0,0,0.0,0,1,0,0,0,0,104,104,4,82,0,18,0,0,63,41,0,4,4,0,0,8,0,0,0,
Justin Simmons,10732,S,ATL,10,9,0,64.0,0,0,2,0,0,59.4,59.0,92.3,53.3,56.0,41.9,0,0,0,1,40,22.2,12,2,0,102.6,16,0,0,156,0,364,639,7,0,0,7,0,421,632,12,263,55,13,33,2,25,0,2,223,77,13.9
Sheldon Day,10737,DI,WAS,7,7,0,,0,0,32,0,0,60.0,61.6,82.4,56.7,61.6,75.5,0,3,0,0,,0.0,0,0,0,0.0,0,0,0,0,0,0,157,157,1,137,0,19,0,0,76,81,0,7,13,2,0,3,0,0,0,
Eric Murray,10740,S,HST,12,6,0,57.5,2,0,13,0,0,53.4,52.5,24.2,55.7,57.6,34.2,0,0,0,1,38,20.4,10,6,4,108.7,23,1,0,193,1,365,588,23,0,0,23,0,236,565,12,211,134,10,33,0,40,1,4,344,130,15.0
Miles Killebrew,10745,S,PIT,4,0,0,,0,0,25,0,0,60.0,63.9,70.1,,60.0,,0,0,0,0,,,0,0,0,0.0,0,0,0,0,0,1,6,6,0,0,6,0,0,0,0,5,0,0,0,0,0,0,0,0,0,
De'Vondre Campbell,10749,LB,SF,11,20,1,86.0,0,0,28,0,0,55.3,53.9,81.2,52.6,53.3,40.7,1,4,0,0,32,15.6,12,1,1,104.6,43,0,0,529,8,361,644,35,0,0,35,0,2,609,22,261,69,24,45,2,50,5,1,375,300,8.7
David Onyemata,10754,DI,ATL,11,7,1,,0,0,2,0,0,55.9,65.1,85.5,60.8,65.2,52.7,1,9,0,0,,10.0,3,0,0,0.0,0,1,0,1,0,2,392,391,25,238,23,105,0,1,212,178,0,17,20,4,0,11,0,0,0,
Andrew Billings,10756,DI,CHI,8,1,0,,0,1,6,0,0,59.7,62.5,64.4,78.6,50.0,51.8,2,11,0,0,,11.1,1,0,1,0.0,0,1,0,0,0,2,297,297,113,173,1,10,0,0,144,151,0,7,7,1,0,14,0,0,0,
Dean Lowry,10771,DI,PIT,9,1,1,,0,0,25,0,0,60.0,35.9,79.4,63.1,28.7,69.2,0,3,0,0,,0.0,0,0,0,0.0,0,1,0,0,0,1,85,85,15,34,1,35,0,0,48,36,0,1,0,0,0,4,0,0,0,
Matthew Judon,10780,ED,ATL,11,6,3,57.1,0,0,2,0,0,56.0,48.0,37.8,53.0,51.2,65.5,1,11,0,0,14,6.9,2,0,3,106.5,4,3,0,8,0,38,439,425,0,5,411,9,0,14,232,169,6,14,21,2,7,15,1,29,45,7.3
Quinton Jefferson,10781,DI,BUF,7,4,0,,0,0,4,0,0,59.7,52.7,81.7,56.8,49.2,50.8,1,5,0,0,,16.7,1,0,1,0.0,0,2,0,0,0,1,158,158,4,50,4,100,0,0,106,51,0,3,1,0,0,8,0,0,0,
DJ Reader,10800,DI,DET,10,4,0,,0,0,11,0,0,59.1,68.1,85.3,66.0,63.6,46.8,5,6,0,0,,8.3,1,0,0,0.0,0,1,0,0,0,2,313,313,160,150,0,3,0,0,186,125,0,7,7,1,0,12,0,0,0,
Kamu Grugier-Hill,10842,LB,MIN,7,3,0,53.8,0,0,18,0,0,56.3,43.8,78.8,46.3,37.9,47.4,0,3,0,2,30,16.7,3,1,0,32.7,7,0,0,122,1,82,139,7,0,0,7,0,0,132,18,39,8,6,12,0,13,3,0,79,42,11.3
Elandon Roberts,10848,LB,PIT,11,7,0,76.9,0,1,25,0,0,55.7,83.9,78.7,65.1,91.8,45.7,2,3,0,0,57,19.4,7,0,0,109.8,10,1,0,251,2,108,272,2,0,0,2,0,0,270,25,139,17,18,22,4,13,6,0,136,114,13.6
Jalen Mills,10867,S,NYJ,6,12,0,41.2,0,0,22,0,0,54.1,56.0,81.8,55.6,60.9,40.8,0,0,0,0,39,20.9,9,2,1,64.6,7,0,0,136,8,181,349,13,0,0,13,0,146,336,3,165,46,8,22,1,17,0,0,115,44,16.4
Mike Hilton,10898,CB,CIN,10,9,0,69.2,0,0,7,0,0,62.0,71.6,43.7,50.5,92.3,78.7,1,2,0,0,28,6.4,3,2,1,87.4,27,0,0,61,0,253,453,13,0,0,13,0,1,440,33,167,378,19,35,7,39,3,0,259,164,9.6
Kyle Peko,11027,DI,DET,5,0,0,,0,0,11,0,0,,45.8,80.0,58.3,36.8,67.6,2,0,0,0,,0.0,0,0,0,0.0,0,0,0,0,0,0,86,86,51,32,1,2,0,0,61,25,0,1,1,1,0,2,0,0,0,
Michael Pierce,11101,DI,BLT,7,7,0,,0,0,3,0,0,60.1,68.6,82.3,64.7,65.6,61.8,1,7,0,0,,6.7,1,0,0,0.0,0,2,0,0,0,5,156,156,13,141,0,2,0,0,100,51,0,3,7,0,0,10,0,0,0,
Morgan Fox,11184,DI,LAC,11,5,1,,0,0,27,0,0,60.3,53.5,85.1,62.5,41.7,49.8,2,15,0,0,,10.0,2,0,0,0.0,0,4,0,2,0,5,385,383,6,171,30,176,0,2,251,129,0,12,13,1,0,21,0,0,0,
Jonathan Jones,11217,CB,NE,12,7,0,75.8,0,1,19,0,0,65.7,63.0,85.2,57.5,47.9,74.6,0,0,0,0,69,6.7,3,2,1,155.3,25,0,0,52,342,317,542,5,0,0,5,0,59,537,2,223,84,9,35,0,33,0,5,400,148,16.0
Roy Robertson-Harris,11341,DI,SEA,11,5,1,,1,0,29,0,0,55.5,55.5,67.8,55.1,58.7,29.8,2,8,0,0,,25.0,5,0,1,0.0,0,2,0,1,0,6,328,327,0,94,159,74,0,1,194,128,0,11,10,3,0,12,0,0,0,
C.J. Ham,11347,FB,MIN,1,1,0,,0,0,18,0,0,,60.0,60.0,,60.0,70.9,0,0,0,0,,0.0,0,0,0,0.0,0,0,0,0,0,0,1,0,0,0,0,0,0,1,0,1,0,0,0,0,0,0,0,0,0,
Antonio Hamilton Sr.,11353,CB,ATL,1,0,0,100.0,0,0,2,0,0,33.4,28.4,74.4,52.9,28.5,27.3,0,0,0,0,23,50.0,2,0,0,147.9,4,0,0,6,1,22,39,0,0,0,0,0,0,39,3,14,32,2,2,0,4,0,3,40,16,10.0
Myles Garrett,11756,ED,CLV,11,4,0,100.0,0,3,8,0,0,63.1,91.9,30.8,92.6,77.1,74.8,6,36,0,0,7,10.0,2,0,5,95.8,1,10,0,7,0,11,513,506,1,7,489,9,0,7,293,209,0,22,14,3,1,52,0,7,2,7.0
Solomon Thomas,11758,DI,NYJ,10,5,0,,1,1,22,0,0,52.0,41.3,37.6,54.1,42.9,33.1,0,8,0,0,,22.2,4,1,2,0.0,0,3,0,0,0,1,266,266,3,105,52,106,0,0,144,121,0,7,9,0,0,11,0,0,0,
Jamal Adams,11761,S,TEN,3,2,0,100.0,0,0,31,0,0,37.7,49.8,72.3,,69.3,48.5,0,0,0,0,21,20.0,1,0,0,115.3,3,0,0,7,1,6,20,3,0,0,3,0,5,17,0,14,4,1,2,0,3,0,0,35,45,11.7
Marshon Lattimore,11766,CB,WAS,7,5,0,57.1,1,0,32,0,0,71.6,69.5,85.8,55.3,54.1,67.0,0,2,0,0,18,9.1,3,2,2,74.4,8,0,0,26,362,257,410,5,0,0,5,0,0,405,2,151,17,7,25,0,14,2,0,83,41,10.4
Haason Reddick,11768,ED,NYJ,4,0,0,,0,0,22,0,0,,66.1,81.6,59.8,68.5,75.8,0,10,0,0,,20.0,1,0,0,0.0,0,2,0,1,0,0,119,118,0,0,117,1,0,1,79,40,0,4,4,0,0,12,0,0,0,
Derek Barnett,11769,ED,HST,11,2,0,,0,2,13,1,1,60.0,70.6,87.6,66.2,63.2,53.8,2,6,0,0,,10.0,1,0,0,0.0,0,4,0,0,0,0,268,268,0,4,238,26,0,0,159,109,0,9,7,0,0,12,0,0,0,
Malik Hooker,11770,S,DAL,11,10,0,55.6,0,0,9,0,0,57.9,63.0,85.9,62.0,70.5,52.0,1,0,0,1,52,14.3,8,2,0,98.8,10,0,0,132,8,375,685,12,0,0,12,0,479,673,7,303,54,9,38,0,18,1,2,158,113,15.8
Marlon Humphrey,11771,CB,BLT,11,5,0,58.6,2,1,3,0,0,84.0,80.2,4.2,50.9,74.2,83.3,3,2,0,5,41,4.4,2,7,9,56.3,34,0,0,87,269,428,634,11,0,0,11,0,1,623,20,186,266,18,38,3,58,5,3,335,113,9.9
Jonathan Allen,11772,DI,WAS,6,0,0,,0,0,32,0,0,67.2,53.5,82.5,61.3,39.9,49.9,4,7,0,0,,12.5,2,0,0,0.0,0,2,0,2,0,0,229,227,12,157,3,55,0,2,143,86,0,10,14,1,0,13,0,0,0,
Adoree' Jackson,11773,CB,NYG,8,1,0,42.9,1,0,21,0,0,67.5,66.3,80.5,,51.7,57.3,0,0,0,0,28,14.3,1,2,3,59.8,3,0,0,4,106,99,116,0,0,0,0,0,0,116,0,17,6,3,5,0,7,0,0,37,14,12.3
Charles Harris,11777,ED,CAR,9,4,0,100.0,0,0,5,0,0,29.0,52.6,85.8,57.8,59.1,28.2,4,9,0,0,23,24.0,6,0,0,118.8,6,3,0,0,0,30,421,412,0,1,404,7,0,9,209,182,8,13,15,1,6,16,0,83,59,13.8
Jabrill Peppers,11780,S,NE,4,8,0,57.1,0,0,19,0,0,83.6,82.9,81.3,46.7,68.4,64.3,0,2,0,1,6,12.5,3,1,0,22.6,4,0,0,104,9,143,241,14,0,0,14,0,89,227,11,87,25,6,13,0,7,2,0,17,7,4.3
Takk McKinley,11781,ED,NYJ,7,3,0,,0,0,22,0,0,61.2,50.0,39.8,57.7,49.4,29.9,1,4,0,0,,20.0,2,0,1,0.0,0,1,0,1,0,3,130,129,0,1,123,5,0,1,67,60,0,4,5,1,0,6,0,0,0,
Tre'Davious White,11782,CB,BLT,6,2,0,59.1,2,0,3,0,0,52.2,52.9,29.0,58.7,62.4,84.8,0,0,0,0,52,0.0,0,4,6,124.4,13,0,0,33,268,178,311,3,0,0,3,0,0,308,1,132,7,3,13,0,22,0,4,177,35,13.6
T.J. Watt,11785,ED,PIT,11,8,1,100.0,0,4,25,2,0,81.1,92.7,90.3,89.0,92.3,55.3,12,9,0,0,6,15.8,6,0,1,80.6,3,8,0,3,0,22,619,616,0,1,615,0,0,3,370,227,0,28,24,6,3,29,0,10,13,3.3
Kevin King,11788,CB,ATL,9,1,0,100.0,0,0,2,0,0,54.2,57.0,95.1,58.8,65.6,52.0,0,0,0,0,25,20.0,1,0,0,118.8,4,0,0,9,0,27,35,2,0,0,2,0,2,33,1,7,20,0,3,0,4,0,0,64,29,16.0
Budda Baker,11791,S,ARZ,11,25,0,83.8,0,0,1,0,0,72.6,74.4,86.9,56.1,73.7,54.2,0,6,0,0,44,17.3,22,3,0,124.7,31,2,0,259,2,398,700,13,0,0,13,0,329,687,25,277,97,40,80,8,37,8,2,355,167,11.5
Marcus Maye,11794,S,MIA,8,7,0,45.5,0,0,17,0,0,67.2,70.5,82.8,58.2,69.7,49.6,1,2,0,0,9,17.1,6,1,0,52.5,5,0,0,72,2,162,293,24,0,0,24,0,167,269,6,125,28,9,22,2,11,3,0,22,24,4.4
Marcus Williams,11797,S,BLT,11,3,0,82.4,1,0,3,1,0,37.3,42.9,56.4,55.1,69.4,82.5,0,0,0,0,70,6.1,2,1,2,158.3,14,0,0,122,2,432,601,18,0,0,18,0,413,583,3,166,46,4,28,1,17,0,3,247,82,17.6
Tyus Bowser,11802,ED,MIA,9,5,0,100.0,0,0,17,0,0,57.0,53.0,59.5,51.6,57.0,65.6,0,5,0,0,7,8.3,1,0,1,95.8,1,0,0,7,0,61,276,262,0,0,262,0,0,14,104,111,7,2,6,0,1,5,0,7,12,7.0
DeMarcus Walker,11806,ED,CHI,11,14,0,,1,0,6,0,0,71.9,71.9,77.4,65.5,67.3,53.6,6,16,0,0,,13.5,5,0,1,0.0,0,4,0,2,2,9,506,502,0,32,354,116,0,4,291,206,0,18,18,0,0,26,0,0,0,
Raekwon McMillan,11809,LB,NE,8,13,0,81.8,0,0,19,0,0,59.0,40.8,82.2,50.6,31.4,54.4,0,3,0,0,20,12.5,6,0,0,106.1,9,0,0,242,6,121,267,7,0,0,7,0,0,260,7,139,11,11,29,1,11,3,0,104,39,11.6
Dalvin Tomlinson,11810,DI,CLV,11,6,0,,0,0,8,0,0,59.5,71.5,68.7,70.6,66.9,39.5,5,13,0,0,,15.0,3,0,1,0.0,0,4,0,0,0,4,392,392,19,351,2,20,0,0,198,190,0,12,11,2,0,22,0,0,0,
Zach Cunningham,11812,LB,DEN,2,1,0,,0,0,10,0,0,64.4,65.9,72.4,58.8,62.3,76.9,0,0,0,0,,0.0,0,0,0,0.0,0,0,0,12,0,3,13,1,0,0,1,0,0,12,1,9,0,1,2,0,0,0,0,0,0,
Chidobe Awuzie,11815,CB,TEN,3,0,0,50.0,0,0,31,0,0,66.0,66.8,79.9,,65.3,44.1,0,0,0,0,19,20.0,1,0,0,63.9,3,0,0,8,97,63,110,3,0,0,3,0,0,107,0,47,2,1,4,0,6,0,0,29,13,9.7
Larry Ogunjobi,11820,DI,PIT,11,15,0,,0,0,25,0,0,,49.8,68.8,59.0,44.2,49.2,4,7,0,0,,11.4,4,0,1,0.0,0,2,0,1,0,0,393,392,4,183,19,186,0,1,239,154,0,13,16,4,0,13,0,0,0,
Ahkello Witherspoon,11821,CB,LA,8,0,0,70.0,2,0,26,0,0,61.8,61.9,82.9,,58.3,31.3,0,0,0,0,53,26.7,4,1,3,117.7,14,0,0,29,242,165,274,2,0,0,2,0,0,272,0,109,1,5,11,0,20,0,1,195,52,13.9
Dawuane Smoot,11823,ED,BUF,7,3,0,,0,1,4,0,0,62.5,57.6,57.2,62.9,51.5,29.8,2,3,0,0,,33.3,4,0,1,0.0,0,2,0,0,0,3,213,213,10,36,133,34,0,0,135,75,0,6,5,2,0,7,0,0,0,
Chris Wormley,11829,DI,BLT,1,1,0,,0,0,3,0,0,,68.5,76.5,56.7,70.3,71.3,0,1,0,0,,0.0,0,0,0,0.0,0,0,0,0,0,0,30,30,0,18,5,7,0,0,15,15,0,2,3,0,0,1,0,0,0,
Duke Riley,11830,LB,MIA,6,0,0,100.0,0,0,17,0,0,78.7,68.2,70.5,53.4,56.9,77.1,0,0,0,0,4,0.0,0,0,0,83.3,1,0,0,12,0,6,17,2,0,0,2,0,0,15,3,8,3,1,2,0,1,0,0,4,2,4.0
Alex Anzalone,11831,LB,DET,9,10,0,77.1,0,0,11,0,0,72.2,66.8,84.7,58.9,54.0,67.8,2,5,0,0,33,9.7,6,3,1,102.1,37,1,0,395,22,329,544,39,0,0,39,0,2,505,47,168,86,23,46,4,48,8,1,332,174,9.0
Fabian Moreau,11836,CB,MIN,1,0,0,,0,0,18,0,0,,60.7,87.9,,60.0,,0,0,0,0,,,0,0,0,0.0,0,0,0,0,0,0,2,0,0,0,0,0,0,2,0,2,1,0,0,0,0,0,0,0,0,
Shaquill Griffin,11845,CB,MIN,11,3,0,46.7,1,0,18,0,0,54.0,56.5,83.9,,75.8,69.8,0,0,0,1,33,8.7,2,2,2,74.0,14,0,0,19,288,272,320,1,0,0,1,0,0,319,0,48,12,7,18,0,30,0,2,178,60,12.7
Jourdan Lewis,11846,CB,DAL,10,14,0,71.8,1,1,9,1,0,79.3,70.3,84.0,46.3,42.2,56.9,0,0,0,0,86,13.2,7,2,2,108.2,28,0,0,62,73,285,499,14,0,0,14,0,4,485,13,201,346,15,32,1,39,0,2,273,198,9.8
John Johnson III,11847,S,LA,2,3,0,80.0,0,0,26,0,0,88.5,90.7,81.0,,68.8,62.5,0,0,0,1,18,11.1,1,0,0,52.1,4,0,0,20,0,38,59,0,0,0,0,0,29,59,0,21,10,1,5,0,5,0,0,30,12,7.5
Montravius Adams,11848,DI,PIT,7,1,0,,0,0,25,0,0,60.0,51.0,80.6,57.7,40.8,48.3,0,2,0,0,,14.3,1,0,0,0.0,0,1,0,0,0,0,108,108,29,77,0,2,0,0,73,35,0,3,5,0,0,3,0,0,0,
Cameron Sutton,11850,CB,PIT,3,0,0,25.0,0,0,25,0,0,32.9,36.9,75.4,67.9,57.8,31.5,0,1,0,0,8,50.0,1,0,0,39.6,1,0,0,9,1,31,44,4,0,0,4,0,4,40,2,11,26,1,1,0,4,1,0,8,6,8.0
Rasul Douglas,11854,CB,BUF,11,9,0,75.6,1,1,4,0,0,64.5,66.1,87.5,53.5,68.3,79.0,0,1,0,0,67,4.2,2,3,4,125.2,31,0,0,42,581,409,666,33,0,0,33,0,1,633,5,252,9,15,37,5,41,1,3,351,151,11.3
Trey Hendrickson,11858,ED,CIN,11,4,3,100.0,0,1,7,0,0,39.0,89.2,50.0,90.4,72.4,48.8,12,31,0,0,11,25.0,7,0,3,101.4,3,12,0,0,0,15,516,515,0,9,499,7,0,1,325,176,1,22,17,1,3,55,0,25,16,8.3
Eddie Jackson,11867,S,BLT,9,5,0,69.6,0,0,3,0,0,49.0,50.7,26.5,55.4,69.4,66.1,1,1,0,0,52,15.2,5,1,1,144.9,16,0,0,89,3,245,339,8,0,0,8,0,213,331,3,91,26,4,23,1,23,2,3,250,44,15.6
Rayshawn Jenkins,11868,S,SEA,7,6,0,90.5,0,0,29,1,1,64.0,54.2,81.9,40.5,39.6,38.9,0,1,0,0,30,21.7,10,0,0,117.5,19,0,0,162,4,224,416,13,0,0,13,0,172,403,18,174,65,13,30,0,21,1,1,176,81,9.3
Carl Lawson,11871,ED,DAL,9,2,0,,2,1,9,0,0,62.7,53.1,23.3,58.5,53.4,61.4,2,7,0,0,,14.3,1,0,3,0.0,0,4,0,1,0,10,248,246,0,2,234,10,0,2,159,79,0,5,4,0,0,13,0,0,0,
Mack Hollins,11873,WR,BUF,1,0,0,,0,0,4,0,0,60.0,60.0,62.9,,,,0,0,0,0,,,0,0,1,0.0,0,0,0,0,0,1,1,0,0,0,0,0,1,1,0,0,0,0,0,0,0,0,0,0,0,
Jalen Reeves-Maybin,11879,LB,DET,8,2,0,100.0,0,1,11,0,0,69.4,62.5,0.0,54.3,53.5,58.9,0,1,0,0,20,15.4,2,0,1,101.9,9,0,0,55,7,80,111,12,0,0,12,0,7,99,12,19,30,4,9,0,9,1,0,76,40,8.4
Deatrich Wise Jr.,11886,ED,NE,10,5,1,,0,0,19,0,0,61.7,58.4,66.9,59.7,53.9,52.3,1,8,0,0,,12.5,2,0,1,0.0,0,5,0,2,0,0,311,308,0,24,201,83,0,3,211,100,0,10,9,1,0,14,0,0,0,
Carlos Watkins,11897,DI,DAL,10,5,0,,0,0,9,0,0,62.6,66.3,82.3,54.1,66.9,73.0,0,1,0,0,,0.0,0,0,0,0.0,0,0,0,0,0,0,148,147,3,128,5,11,0,1,70,78,0,2,4,0,0,1,0,0,0,
Grover Stewart,11899,DI,IND,12,15,2,,1,1,14,1,0,57.0,74.2,58.2,68.3,73.9,41.9,2,8,0,0,,10.4,5,0,2,0.0,0,4,0,1,0,1,491,490,45,433,0,12,0,1,233,257,0,26,28,5,0,14,0,0,0,
Damontae Kazee,11904,S,PIT,9,1,0,77.8,0,0,25,0,0,62.7,65.5,79.6,,69.5,87.1,0,0,0,1,49,0.0,0,0,0,79.2,7,0,0,6,0,105,130,0,0,0,0,0,113,130,0,25,11,2,10,0,9,0,0,117,42,16.7
Anthony Walker Jr.,11916,LB,MIA,8,11,1,83.3,0,0,17,0,0,53.7,59.4,82.2,44.3,71.8,71.0,0,4,0,1,21,8.7,4,0,0,76.2,15,0,0,299,4,184,342,8,0,0,8,0,4,334,23,135,27,11,31,0,18,4,0,141,90,9.4
Davon Godchaux,11934,DI,NE,12,9,1,,0,0,19,0,0,,56.0,87.3,58.6,52.9,68.2,1,5,0,0,,2.4,1,0,0,0.0,0,0,0,0,0,0,521,520,151,285,33,51,0,1,244,277,0,25,32,1,0,6,0,0,0,
Chuck Clark,11941,S,NYJ,7,12,0,50.0,0,1,22,1,0,47.8,56.0,0.0,66.7,79.7,73.5,0,0,0,0,26,10.5,4,1,2,104.6,5,1,0,175,4,215,403,3,0,0,3,0,187,400,4,184,34,5,22,0,10,1,1,66,12,13.2
Xavier Woods,11946,S,CAR,11,21,0,67.7,0,0,5,0,0,59.6,63.2,58.8,53.6,70.2,80.9,0,0,0,2,52,7.3,6,1,2,82.2,21,0,0,247,3,412,780,18,0,0,18,0,429,762,3,365,83,15,55,2,31,0,2,216,68,10.3
Al-Quadin Muhammad,11951,ED,DET,3,1,0,0.0,0,0,11,0,0,58.3,53.4,84.0,62.7,43.7,69.2,1,7,0,0,,0.0,0,0,0,39.6,0,0,0,0,0,1,96,96,0,0,95,1,0,0,58,37,0,0,0,0,1,8,0,0,0,
D.J. Jones,11953,DI,DEN,12,6,1,100.0,0,0,10,0,0,51.2,61.9,67.1,65.9,59.2,50.7,1,7,0,0,15,9.7,3,0,1,118.8,1,1,0,1,0,2,333,332,120,202,0,10,0,1,181,150,0,17,22,1,1,9,0,15,6,15.0
Jeremiah Ledbetter,11960,DI,JAX,9,5,0,,0,0,15,0,0,65.1,62.0,84.6,49.4,64.3,60.7,2,3,0,0,,6.5,2,0,0,0.0,0,1,0,0,0,1,295,295,18,262,1,14,0,0,141,153,0,19,24,6,0,6,0,0,0,
David Moore,11981,WR,CAR,1,0,0,,0,0,5,0,0,,60.0,60.0,,60.0,,0,0,0,0,,,0,0,0,0.0,0,0,0,0,0,0,1,0,0,0,0,0,0,1,0,1,0,0,0,0,0,0,0,0,0,
Patrick O'Connor,12005,DI,DET,6,5,0,,0,0,11,0,0,59.5,45.9,80.3,48.9,49.9,25.0,0,2,0,0,,40.0,4,0,0,0.0,0,1,0,0,0,1,78,78,34,37,3,4,0,0,40,37,0,2,1,1,0,3,0,0,0,
Michael Davis,12040,CB,WAS,7,3,0,50.0,0,0,32,0,0,49.3,53.1,77.6,,63.4,25.8,0,0,0,0,28,50.0,4,0,0,86.8,3,0,0,12,65,42,82,2,0,0,2,0,0,80,0,40,2,0,1,0,6,0,0,62,51,20.7
Josh Tupou,12093,DI,BLT,3,3,0,,0,0,3,0,0,,52.1,78.7,50.6,55.9,71.5,0,0,0,0,,0.0,0,0,0,0.0,0,1,0,0,0,0,61,61,2,59,0,0,0,0,33,28,0,3,2,0,0,1,0,0,0,
Taysom Hill,12112,TE,NO,1,0,0,,0,1,20,0,0,,62.1,60.0,,60.0,,0,0,0,0,,,0,0,0,0.0,0,0,0,0,0,0,1,0,0,0,0,0,0,1,0,1,0,0,0,0,0,0,0,0,0,
Adam Butler,12214,DI,LV,11,9,0,,0,0,23,0,0,61.5,58.3,59.9,59.3,56.9,35.2,4,12,0,0,,14.0,6,0,2,0.0,0,2,0,1,0,23,560,559,54,337,6,162,0,1,333,204,0,21,28,3,0,18,0,0,0,
Arthur Maulet,12224,CB,BLT,3,3,0,62.5,0,0,3,0,0,50.1,45.8,77.0,51.5,40.6,45.0,0,0,0,0,17,22.2,2,0,0,109.9,5,0,0,16,1,48,72,7,0,0,7,0,0,65,5,19,48,1,4,0,8,0,1,31,19,6.2
Dare Ogunbowale,12329,HB,HST,1,0,0,,0,0,13,0,0,,60.0,60.0,60.0,,,0,0,0,0,,,0,0,2,0.0,0,0,0,0,0,0,1,0,0,0,0,0,0,1,1,0,0,0,0,0,0,0,0,0,0,
Sione Takitaki,12666,LB,NE,6,3,0,66.7,0,0,19,0,0,62.1,56.2,80.4,57.8,50.8,27.7,0,0,0,0,12,42.9,3,0,0,126.4,2,0,0,55,0,38,96,36,0,0,36,0,0,60,11,47,5,1,1,0,3,0,1,21,15,10.5
Sam Eguavoen,15301,LB,NYJ,5,2,0,,0,0,22,0,0,61.4,65.4,74.6,53.5,66.4,52.0,0,0,0,0,,18.2,2,0,0,0.0,0,0,0,52,0,17,71,16,0,0,16,0,0,55,4,50,3,4,7,1,0,0,0,0,0,
Ross Dwelley,20994,TE,ATL,1,0,0,,0,0,2,0,0,,60.0,60.0,,60.0,,0,0,0,0,,,0,0,0,0.0,0,0,0,0,0,0,1,0,0,0,0,0,0,1,0,1,0,0,0,0,0,0,0,0,0,
Sam Kamara,24176,DI,CLV,7,1,0,,0,0,8,0,0,,55.7,80.6,55.3,56.2,36.9,0,3,0,0,,25.0,1,0,0,0.0,0,0,0,0,0,0,120,120,0,89,2,29,0,0,54,66,0,1,2,0,0,3,0,0,0,
Nathan Shepherd,24614,DI,NO,11,11,0,,1,0,20,0,0,60.0,46.4,68.2,70.1,30.8,51.9,4,9,0,0,,9.7,3,0,1,0.0,0,1,0,0,0,2,402,402,50,311,0,41,0,0,227,173,0,12,17,2,0,14,0,0,0,
Foyesade Oluokun,24904,LB,JAX,7,14,1,86.4,0,0,15,0,0,77.3,72.0,84.5,76.9,57.1,66.0,0,3,0,1,64,10.9,7,1,1,99.2,19,1,0,285,6,223,430,71,0,0,71,0,5,359,11,196,63,20,43,3,22,4,1,192,137,10.1
Levi Wallace,25445,CB,DEN,12,3,0,76.5,0,0,10,0,0,79.6,80.7,83.7,58.5,78.9,74.7,0,0,0,0,32,4.8,1,1,0,96.9,13,0,0,33,172,184,234,2,0,0,2,0,0,232,1,49,26,5,17,0,17,0,0,127,71,9.8
Anfernee Jennings,25449,ED,NE,11,10,0,100.0,0,0,19,0,0,55.9,69.5,74.7,58.5,77.2,68.4,5,14,0,0,14,7.5,4,0,1,106.9,6,3,0,1,1,55,569,561,0,0,558,3,0,8,243,271,6,30,39,4,6,22,0,58,43,9.7
Sean Murphy-Bunting,25891,CB,ARZ,9,7,0,80.0,0,0,1,0,0,47.3,52.9,82.4,59.0,71.1,44.4,0,0,0,1,20,16.7,6,1,6,100.5,20,0,0,99,360,264,461,1,0,0,1,0,1,460,1,196,0,7,23,2,25,0,1,223,49,11.2
Clelin Ferrell,25955,ED,WAS,9,6,0,100.0,2,0,32,0,0,50.3,47.7,14.8,52.7,59.1,60.4,3,5,0,0,11,11.1,2,0,4,112.5,1,2,0,0,0,6,287,287,0,4,261,22,0,0,139,142,0,7,10,0,1,10,0,11,7,11.0
Dexter Lawrence,25991,DI,NYG,11,10,0,,0,1,21,0,0,58.5,90.3,88.4,81.9,86.0,52.2,5,21,0,0,,11.1,4,0,1,0.0,0,10,0,0,0,2,511,511,306,155,0,50,0,0,308,201,0,24,22,1,0,36,0,0,0,
KhaDarel Hodge,26104,WR,ATL,1,0,0,,0,0,2,0,0,,60.0,60.4,,60.0,70.8,0,0,0,0,,0.0,0,0,1,0.0,0,0,0,0,0,0,1,0,0,0,0,0,0,1,0,1,0,1,1,1,0,0,0,0,0,
Maxx Crosby,26316,ED,LV,10,8,4,,1,0,23,0,0,69.7,79.5,48.0,72.6,77.2,49.2,8,27,0,0,,14.3,5,0,5,0.0,0,7,0,5,0,6,633,628,0,3,622,3,0,5,371,256,0,23,22,9,0,42,0,0,0,
Jeremiah Moon,26453,ED,PIT,5,0,0,50.0,0,0,25,0,0,46.0,43.4,81.2,47.0,52.6,69.2,0,2,0,0,9,0.0,0,0,0,62.5,1,0,0,0,0,4,99,99,0,1,98,0,0,0,56,39,0,0,1,0,2,2,0,9,4,9.0
D.J. Reed,26940,CB,NYJ,9,2,0,56.1,1,0,22,0,0,75.1,76.6,86.6,77.8,71.3,59.3,0,0,0,0,50,13.2,5,6,6,87.4,23,1,0,31,518,309,561,6,0,0,6,0,0,555,3,249,6,12,31,1,41,1,1,300,87,13.0
Isaiah Rodgers,27069,CB,PHI,7,3,0,50.0,0,1,24,0,0,70.3,74.2,81.7,,90.0,72.1,0,0,0,0,29,0.0,0,2,1,80.2,8,0,0,5,173,119,184,2,0,0,2,0,0,182,0,65,4,6,13,0,16,0,1,60,32,7.5
Bryce Huff,27128,ED,PHI,10,1,0,,0,1,24,0,0,65.0,68.9,85.5,66.4,60.6,77.1,1,11,0,0,,12.5,1,0,0,0.0,0,2,0,0,0,7,225,225,0,0,225,0,0,0,154,64,0,6,6,1,0,14,0,0,0,
Siran Neal,27130,CB,MIA,6,0,0,100.0,0,0,17,0,0,51.6,54.5,72.0,56.9,64.1,78.7,0,0,0,0,21,0.0,0,0,1,104.2,3,0,0,10,4,12,27,2,0,0,2,0,0,25,2,13,11,1,4,0,3,0,0,27,17,9.0
Montez Sweat,27271,ED,CHI,10,3,2,,0,1,6,0,0,66.3,69.6,43.5,67.3,69.1,68.4,4,24,0,0,,7.1,1,0,3,0.0,0,5,0,2,2,7,397,393,0,2,370,21,0,4,234,156,0,11,10,3,0,33,0,0,0,
Devin Bush,27375,LB,CLV,11,15,0,85.7,0,0,8,0,0,51.6,67.8,80.6,70.6,75.1,78.1,0,5,0,0,33,7.5,4,1,0,108.9,12,1,0,290,1,131,348,37,1,0,36,0,2,311,21,196,18,16,34,2,14,6,0,142,90,11.8
Joshua Uche,27379,ED,KC,11,3,0,100.0,1,0,16,0,0,30.0,54.4,23.1,69.3,64.1,40.6,2,10,0,0,26,18.8,3,0,3,115.5,7,2,0,4,0,32,198,193,0,0,193,0,0,5,127,39,1,8,10,0,7,14,0,82,63,11.7
D'Angelo Ross,27732,CB,HST,2,1,0,100.0,0,0,13,0,0,66.3,67.6,81.1,,69.0,66.0,0,0,0,0,23,9.1,1,0,0,110.7,7,0,0,4,119,84,124,0,0,0,0,0,0,124,0,40,1,2,9,0,7,0,0,74,29,10.6
Khalil Dorsey,27819,CB,DET,4,1,0,25.0,0,0,11,0,0,43.6,42.2,75.3,,47.5,40.8,0,0,0,0,22,20.0,1,0,0,50.0,1,0,0,5,33,20,39,0,0,0,0,0,0,39,0,19,1,0,3,0,4,0,0,22,5,22.0
Armon Watts,27844,DI,NYG,4,3,0,,0,0,21,0,0,60.0,56.1,79.0,70.9,43.2,28.4,0,4,0,0,,28.6,2,0,0,0.0,0,0,0,0,0,1,74,74,0,33,8,33,0,0,40,33,0,2,2,1,0,4,0,0,0,
Joe Gaziano,27949,ED,JAX,2,1,0,,0,0,15,0,0,,51.8,77.6,41.8,63.9,37.8,0,1,0,0,,0.0,0,0,0,0.0,0,0,0,0,0,0,20,20,0,0,18,2,0,0,10,10,0,1,2,0,0,1,0,0,0,
DaVon Hamilton,28072,DI,JAX,11,6,0,,0,0,15,0,0,65.0,49.8,86.4,51.3,47.2,42.9,1,11,0,0,,13.5,5,0,0,0.0,0,0,0,3,0,1,417,414,52,359,0,3,0,3,232,184,0,21,26,2,0,12,0,0,0,
Dre'Mont Jones,28075,ED,SEA,11,4,1,100.0,0,0,29,0,0,41.2,52.0,71.4,62.8,43.1,59.7,8,23,0,0,12,12.5,2,0,1,116.7,1,3,1,3,0,6,429,426,0,14,358,54,0,3,251,172,0,10,10,2,1,34,0,12,6,12.0
Malik Harrison,28081,LB,BLT,10,9,0,81.8,0,0,3,0,0,46.2,68.5,82.8,55.9,84.0,55.9,0,1,0,0,70,14.3,5,0,0,149.1,9,1,0,98,0,66,176,70,0,0,70,0,0,106,17,93,8,16,21,1,11,2,1,183,172,20.3
Jerome Baker,28091,LB,TEN,7,13,0,75.0,0,1,31,1,0,52.9,60.9,81.1,54.0,72.2,58.0,1,6,0,0,29,15.1,8,0,1,94.9,24,1,0,336,0,220,408,33,0,0,33,0,0,375,29,159,39,17,32,3,32,8,0,233,173,9.7
Neville Gallimore,28094,DI,LA,8,7,0,,0,0,26,0,0,60.0,54.2,82.1,47.4,58.3,75.7,1,1,0,0,,0.0,0,0,0,0.0,0,0,0,0,0,0,159,159,0,83,6,70,0,0,63,96,0,4,9,0,0,2,0,0,0,
Tremon Smith,28196,CB,DEN,4,0,0,0.0,0,0,10,0,0,33.2,38.8,81.2,,61.1,,0,0,0,0,,,0,0,0,39.6,0,0,0,0,16,9,18,0,0,0,0,0,0,18,0,9,0,0,0,0,1,0,0,0,0,
Troy Dye,28251,LB,LAC,8,0,0,100.0,0,0,27,0,0,60.9,71.0,77.2,59.5,78.0,74.5,0,1,0,0,17,7.1,1,0,0,97.2,6,1,0,88,1,58,99,4,0,0,4,0,0,95,5,36,6,8,13,1,6,2,0,44,16,7.3
Brenden Schooler,28253,S,NE,3,0,0,,0,0,19,0,0,61.3,90.7,71.6,92.0,60.0,73.0,1,0,0,0,,,0,0,0,0.0,0,2,0,0,0,5,8,5,0,0,5,0,1,3,2,1,1,2,0,0,0,3,0,0,0,
Kevin Givens,28308,DI,SF,7,2,0,,0,0,28,0,0,60.0,51.6,48.4,68.2,40.9,42.6,2,5,0,0,,25.0,2,0,1,0.0,0,4,0,0,0,0,182,181,3,159,0,19,0,1,108,74,0,7,4,0,0,11,0,0,0,
Myles Adams,28430,DI,SEA,3,0,0,,0,0,29,0,0,59.3,40.4,76.6,57.4,37.9,28.5,0,1,0,0,,33.3,1,0,0,0.0,0,0,0,0,0,1,36,36,3,31,0,2,0,0,20,15,0,1,2,0,0,1,0,0,0,
Bilal Nichols,28451,DI,ARZ,6,3,0,,0,0,1,0,0,60.0,39.6,46.4,54.1,39.8,43.6,1,3,0,0,,9.1,1,0,1,0.0,0,0,0,1,0,0,173,172,13,88,6,65,0,1,85,88,0,4,7,1,0,4,0,0,0,
DeShon Elliott,28854,S,PIT,11,21,1,69.8,1,2,25,3,0,68.5,75.8,55.4,63.4,86.1,83.3,1,0,0,1,26,2.7,2,3,2,93.4,30,0,0,232,9,328,578,32,0,0,32,0,126,546,19,231,179,19,52,4,43,1,2,282,130,9.4
Jack Jones,29050,CB,LV,11,6,0,67.3,3,0,23,0,0,63.4,61.4,24.6,66.4,57.6,40.0,0,0,1,1,47,18.0,11,6,5,115.3,33,0,0,61,553,399,661,12,0,0,12,0,1,649,3,259,34,16,44,3,49,0,5,372,150,11.3
David Long Jr.,29367,LB,DET,7,6,0,91.7,0,0,11,0,0,37.0,34.5,82.2,62.6,39.4,27.3,0,6,0,0,37,29.4,15,0,0,123.3,22,0,0,267,0,146,295,5,0,0,5,0,0,290,26,123,23,14,30,1,24,6,1,246,136,11.2
Germaine Pratt,29407,LB,CIN,11,16,1,81.3,1,2,7,2,0,54.2,61.4,61.9,55.5,71.3,48.4,4,3,0,1,30,12.4,13,2,2,98.4,39,0,0,564,5,370,706,94,0,0,94,0,2,612,42,294,41,39,76,1,48,7,1,385,235,9.9
Chris Board,29456,LB,BLT,5,2,0,80.0,0,0,3,0,0,62.1,66.6,76.5,56.8,72.9,45.6,0,0,0,0,11,20.0,1,0,0,97.5,4,0,0,39,1,38,48,5,0,0,5,0,0,43,2,8,3,1,2,0,5,0,0,37,19,9.3
Logan Wilson,29623,LB,CIN,11,33,0,87.9,0,2,7,2,0,57.0,72.3,85.8,55.6,90.0,66.0,4,8,0,0,18,9.3,10,1,0,114.5,29,0,0,631,1,370,743,48,0,0,48,0,9,695,76,297,54,31,65,2,33,12,2,219,152,7.6
Andrew Van Ginkel,30267,ED,MIN,11,8,1,81.3,1,1,18,0,0,82.9,72.3,74.1,64.2,60.4,50.0,7,15,2,2,40,16.0,8,0,1,84.4,13,9,0,71,0,148,584,486,0,0,486,0,0,98,257,179,27,27,34,5,16,31,1,140,65,10.8
T.J. Edwards,30737,LB,CHI,11,22,0,88.1,0,1,6,1,0,60.2,61.9,83.8,56.6,62.7,78.5,1,5,0,1,69,6.9,6,1,0,115.3,37,1,0,553,3,336,664,70,0,0,70,0,2,594,45,283,36,32,59,5,42,7,2,430,288,11.6
George Odum,31342,S,SF,7,2,0,42.9,0,0,28,0,0,66.7,70.5,79.5,,69.8,57.0,0,0,0,0,97,14.3,2,4,0,129.5,3,0,0,34,1,96,139,8,0,0,8,0,82,131,0,43,13,2,10,0,7,0,1,120,63,40.0
Khalen Saunders,31534,DI,NO,7,4,0,100.0,0,0,20,0,0,60.1,47.2,56.8,56.8,45.6,42.5,1,6,0,1,6,14.3,3,0,1,52.1,1,1,0,1,0,3,236,235,67,167,0,1,0,1,117,116,0,8,14,0,1,8,0,6,2,6.0
Abdullah Anderson,32708,DI,TEN,4,0,0,,0,0,31,0,0,,62.4,77.6,56.4,64.0,,0,0,0,0,,,0,0,0,0.0,0,0,0,0,0,0,38,38,14,19,0,5,0,0,20,18,0,0,0,0,0,0,0,0,0,
Dane Jackson,32989,CB,CAR,4,2,0,71.4,0,0,5,0,0,40.7,39.1,79.1,40.1,47.2,28.1,0,1,0,0,23,30.0,6,0,1,121.3,15,0,0,45,16,107,172,5,0,0,5,0,0,167,6,59,106,4,12,1,21,1,2,141,68,9.4
Cam Gill,33560,ED,CAR,4,4,0,100.0,0,0,5,0,0,50.8,56.4,80.2,53.4,62.1,76.8,1,2,0,0,0,0.0,0,0,0,79.2,1,0,0,0,0,9,111,108,0,0,108,0,0,3,51,51,2,0,3,0,1,3,0,0,2,0.0
Eric Johnson,33698,DI,NE,6,3,0,,0,0,19,0,0,,46.9,79.6,61.4,44.2,71.2,1,1,0,0,,0.0,0,0,0,0.0,0,0,0,0,0,0,68,68,34,24,1,9,0,0,24,44,0,0,2,0,0,2,0,0,0,
Mike Hughes,34057,CB,ATL,10,4,0,70.3,0,0,2,0,0,72.1,71.5,84.8,52.4,64.6,41.6,0,1,0,0,28,20.0,11,2,0,99.4,26,0,0,58,431,295,499,10,0,0,10,0,0,489,4,200,0,16,40,3,37,1,1,264,105,10.2
Kendall Sheffield,34105,CB,NYJ,2,0,0,20.0,0,0,22,0,0,38.7,46.5,76.2,59.5,76.1,78.8,0,0,0,0,7,0.0,0,0,0,39.6,1,0,0,0,1,27,42,0,0,0,0,0,0,42,1,14,41,1,3,0,5,0,0,7,3,7.0
Kris Boyd,34222,CB,HST,1,0,0,,0,0,13,0,0,60.7,70.2,60.0,,,,0,0,0,0,,,0,0,0,0.0,0,0,0,0,0,1,1,0,0,0,0,0,0,1,0,0,0,0,0,0,0,0,0,0,0,
Darnell Savage,34247,S,JAX,8,2,0,65.2,0,0,15,0,0,55.0,57.4,81.5,55.5,63.8,64.2,0,0,0,1,32,14.8,4,2,1,101.2,15,0,0,141,2,295,501,11,0,0,11,0,222,490,2,204,125,5,21,1,23,0,2,187,46,12.5
Zayne Anderson,34622,S,GB,2,0,0,,0,0,12,0,0,62.3,69.1,71.0,,60.0,,0,0,0,0,,,0,0,0,0.0,0,0,0,2,0,6,8,1,0,0,1,0,5,7,0,2,0,0,0,0,0,0,0,0,0,
Zack Baun,34632,LB,PHI,11,24,0,76.6,0,3,24,1,0,91.5,87.3,35.4,63.8,65.9,65.4,0,6,0,1,34,8.9,10,2,2,79.8,36,2,0,458,2,348,637,92,0,0,92,0,0,545,67,222,85,46,78,4,47,8,0,257,212,7.1
Johnathan Abram,34646,S,NO,3,3,0,60.0,0,0,20,0,0,45.1,35.1,0.0,40.4,46.1,28.9,0,2,0,1,13,31.6,6,0,1,76.3,3,0,0,53,1,61,114,7,0,0,7,0,38,107,4,49,15,3,10,0,5,2,1,29,15,9.7
Akeem Davis-Gaither,34788,LB,CIN,11,6,0,69.2,0,0,7,0,0,74.7,72.4,78.8,61.3,63.3,53.1,0,4,0,1,22,14.3,3,1,0,74.2,9,0,0,92,3,79,160,28,0,0,28,0,2,132,21,60,34,7,12,2,13,4,1,65,36,7.2
Jamel Dean,34918,CB,TB,7,6,0,64.9,1,1,30,0,0,73.8,73.8,85.8,55.8,66.7,68.0,0,0,0,0,50,8.3,4,3,1,89.2,24,0,0,22,387,294,425,6,0,0,6,0,0,419,2,129,10,10,38,0,37,0,0,294,90,12.3
Josh Butler,35097,CB,DAL,3,3,0,75.0,0,0,9,0,0,54.0,53.5,79.8,63.6,49.4,66.7,0,0,0,0,26,10.5,2,2,0,97.9,12,1,0,10,115,83,131,1,0,0,1,0,0,130,0,48,5,2,14,0,16,1,0,128,36,10.7
Trevis Gipson,35241,ED,SEA,5,0,0,100.0,0,0,29,0,0,29.1,33.1,0.0,53.5,57.1,21.5,0,1,0,0,9,100.0,1,0,1,139.6,2,0,0,0,0,5,47,47,0,1,46,0,0,0,25,17,0,0,0,0,2,1,1,16,13,8.0
Blake Cashman,35413,LB,MIN,8,19,1,65.5,0,0,18,0,0,65.2,72.7,49.5,69.4,77.3,73.6,4,5,0,0,20,8.8,5,3,1,84.3,19,3,0,457,1,293,503,37,0,0,37,0,0,466,78,132,8,20,33,3,29,12,0,192,124,10.1
Darrell Taylor,36001,ED,CHI,10,1,1,,0,1,6,0,0,51.9,60.8,62.4,65.1,55.5,53.4,5,13,0,0,,11.8,2,0,1,0.0,0,2,0,5,0,11,249,244,0,0,242,2,0,5,159,79,0,12,14,0,0,20,0,0,0,
T.J. Smith,36851,DI,CAR,3,1,0,,0,0,5,0,0,,47.1,78.4,55.2,44.7,68.7,0,2,0,0,,0.0,0,0,0,0.0,0,0,0,0,0,0,54,54,0,35,4,15,0,0,33,21,0,0,1,0,0,2,0,0,0,
Shy Tuttle,37279,DI,CAR,9,11,1,,0,1,5,2,0,97.6,48.6,67.9,55.8,35.2,41.2,1,1,0,0,,11.1,4,0,1,0.0,0,0,0,0,0,0,357,356,221,133,0,2,0,1,147,210,0,7,21,0,0,2,0,0,0,
Quinton Bell,37468,ED,MIA,10,0,0,0.0,0,1,17,0,0,70.2,79.8,82.6,74.2,70.4,64.9,0,3,0,0,,9.1,1,1,0,39.6,0,1,0,1,0,10,123,122,0,0,120,2,0,1,50,63,0,8,10,2,2,4,0,0,0,
Troy Reeder,38268,LB,LA,6,15,0,73.7,0,0,26,0,0,55.9,57.9,80.8,50.2,61.7,62.0,0,2,0,0,27,11.5,6,1,0,96.2,14,0,0,345,1,170,372,8,0,0,8,0,2,364,19,183,16,14,31,1,19,2,0,149,124,10.6
Camryn Bynum,38408,S,MIN,11,14,0,60.6,0,0,18,1,0,59.7,61.0,89.4,53.1,62.7,71.0,0,0,0,3,35,12.1,7,4,0,81.3,20,0,0,52,8,460,638,19,0,0,19,0,478,619,5,173,81,8,37,0,33,0,3,287,94,14.4
Casey Toohill,38472,ED,BUF,11,3,1,,0,0,4,1,0,68.2,52.9,85.7,54.4,48.5,65.2,0,3,0,0,,9.1,1,0,0,0.0,0,1,0,0,0,1,178,178,0,0,178,0,0,0,84,93,0,6,7,1,0,4,0,0,0,
Matthew Adams,38526,LB,NYG,1,0,0,,0,0,21,0,0,,29.4,64.1,39.4,,25.6,0,1,0,0,,100.0,1,0,0,0.0,0,0,0,1,0,0,1,0,0,0,0,0,0,1,1,0,0,0,0,0,0,1,0,0,0,
Folorunso Fatukasi,38558,DI,HST,10,5,0,,0,0,13,0,0,65.7,34.2,22.9,56.4,31.8,56.8,2,7,0,0,,8.0,2,0,3,0.0,0,1,0,0,0,0,302,302,12,279,0,11,0,0,144,158,0,15,18,4,0,10,0,0,0,
Maurice Hurst,38563,DI,CLV,7,4,0,,0,0,8,0,0,57.5,44.3,39.1,56.3,48.9,62.4,0,0,0,0,,6.3,1,0,1,0.0,0,1,0,0,0,1,136,136,0,106,2,28,0,0,53,82,0,7,11,4,0,1,0,0,0,
Eric Wilson,38587,LB,GB,11,11,0,66.7,0,1,12,0,0,76.0,80.4,83.3,74.6,73.9,61.9,0,2,0,1,26,11.9,5,1,0,80.4,10,2,0,144,0,108,268,81,0,0,81,0,0,187,15,145,43,16,26,5,15,4,1,102,54,10.2
Joe Giles-Harris,39382,LB,NE,2,1,0,100.0,0,0,19,0,0,50.6,73.7,71.4,60.0,77.2,75.9,1,0,0,0,6,0.0,0,0,0,91.7,1,0,0,17,0,8,17,0,0,0,0,0,0,17,1,8,0,0,1,0,1,1,0,6,4,6.0
Tershawn Wharton,40292,DI,KC,11,5,1,50.0,0,1,16,0,0,51.0,59.0,71.5,66.2,51.4,44.6,2,19,0,0,18,15.0,3,0,1,81.3,1,3,0,4,0,10,472,468,81,344,3,40,0,4,328,134,0,12,12,1,2,24,0,18,18,18.0
Chazz Surratt,40313,LB,NYJ,6,2,0,100.0,0,0,22,0,0,63.3,54.0,73.7,61.2,49.8,58.6,1,0,0,0,6,20.0,2,0,0,91.7,1,0,0,59,0,21,72,10,0,0,10,0,0,62,6,45,3,4,6,2,1,1,0,6,2,6.0
L'Jarius Sneed,40588,CB,TEN,5,2,0,42.9,0,0,31,0,0,36.8,36.3,0.0,42.4,57.7,45.9,0,1,0,0,26,22.2,6,0,4,74.9,9,0,0,13,278,168,301,1,0,0,1,0,0,300,1,132,9,7,19,2,21,1,1,107,30,11.9
Ko Kieft,41372,TE,TB,1,0,0,,0,0,30,0,0,,60.0,60.1,60.0,,,0,0,0,0,,,0,0,0,0.0,0,0,0,0,0,0,1,0,0,0,0,0,0,1,1,0,0,0,0,0,0,0,0,0,0,
Alohi Gilman,41662,S,LAC,10,11,0,63.2,0,0,27,0,0,51.3,52.4,24.6,61.7,61.7,55.1,0,0,0,1,36,17.2,10,3,3,84.5,12,1,0,117,4,408,619,5,0,0,5,0,463,614,2,209,30,9,37,1,19,1,1,156,41,13.0
Trevon Diggs,41817,CB,DAL,10,3,1,63.4,3,0,9,0,0,59.4,55.1,24.9,60.0,42.6,35.3,0,1,0,2,39,24.4,11,2,5,87.8,26,0,0,35,546,337,612,4,0,0,4,0,0,608,0,275,27,11,31,0,41,1,3,283,164,10.9
Ed Oliver,42200,DI,BUF,9,5,0,100.0,0,0,4,0,0,63.4,67.2,84.9,72.9,51.5,27.7,5,17,0,0,3,26.3,5,0,0,79.2,1,1,0,4,0,3,384,380,11,185,25,159,0,4,249,132,0,8,9,1,1,23,0,3,5,3.0
Divine Deablo,42208,LB,LV,8,9,0,92.3,1,0,23,0,0,44.3,48.6,51.5,67.2,54.5,43.3,0,4,0,0,26,18.8,9,0,1,134.3,24,1,0,302,2,193,430,96,0,0,96,0,1,334,33,204,29,12,30,1,26,5,2,262,143,10.9
Charlie Woerner,42257,TE,ATL,1,0,0,,0,0,2,0,0,,60.0,60.0,60.0,,,0,0,0,0,,,0,0,0,0.0,0,0,0,0,0,0,1,0,0,0,0,0,0,1,1,0,0,0,0,0,0,0,0,0,0,
Bryce Hall,42313,CB,TB,1,0,0,0.0,0,0,30,0,0,43.1,45.2,72.1,,60.0,,0,0,0,0,,,0,0,0,39.6,0,0,0,2,13,11,17,0,0,0,0,0,0,17,0,6,2,0,0,0,2,0,0,0,0,
Janarius Robinson,42447,ED,LV,8,0,1,100.0,0,0,23,0,0,63.4,44.0,0.8,52.9,50.8,49.4,0,3,0,0,4,25.0,1,0,2,83.3,1,1,0,0,0,3,101,101,0,2,96,3,0,0,67,31,0,4,3,0,1,4,0,4,1,4.0
Amen Ogbongbemiga,42449,LB,CHI,3,0,0,100.0,0,0,6,0,0,75.9,84.9,71.1,75.4,60.0,76.0,0,0,0,0,0,0.0,0,0,0,79.2,1,1,0,9,0,10,13,1,0,0,1,0,0,12,1,2,3,2,1,0,1,1,0,0,5,0.0
Isaiah Simmons,42451,LB,NYG,8,2,0,50.0,0,1,21,0,0,52.6,56.1,79.5,56.0,73.5,44.7,0,3,0,0,24,23.1,3,1,0,68.8,4,0,0,46,4,81,111,8,0,0,8,0,2,103,12,18,51,3,8,0,8,3,0,48,43,12.0
K'Von Wallace,42467,S,SEA,9,0,0,80.0,0,1,29,0,0,41.8,38.1,79.4,60.0,48.1,33.9,0,0,0,0,70,23.1,3,0,0,158.3,4,0,0,31,2,54,127,4,0,0,4,0,74,123,1,72,16,2,10,0,5,0,2,85,63,21.3
Antoine Winfield Jr.,42475,S,TB,7,16,1,70.0,0,0,30,1,1,56.0,59.5,3.5,72.8,68.5,69.2,1,3,0,0,30,10.9,6,1,2,125.4,7,2,0,101,1,249,442,21,0,0,21,0,284,421,26,167,35,8,33,0,10,6,1,76,63,10.9
Tomon Fox,42486,ED,NYG,4,3,0,,0,0,21,0,0,61.5,62.5,79.5,61.9,59.4,47.0,1,0,0,0,,14.3,1,0,0,0.0,0,1,0,5,0,2,61,56,0,0,55,1,0,5,20,39,0,3,3,0,0,2,0,0,0,
Rashad Weaver,42495,ED,HST,2,0,0,,0,0,13,0,0,,37.6,76.3,66.9,35.9,24.2,0,0,0,0,,100.0,1,0,0,0.0,0,0,0,0,0,0,14,14,0,0,14,0,0,0,5,9,0,0,0,0,0,0,0,0,0,
Shemar Jean-Charles,42496,CB,NO,2,4,0,70.0,0,0,20,0,0,53.1,50.7,80.1,,43.2,62.5,0,0,0,1,46,10.0,1,0,0,106.3,7,0,0,10,109,76,130,2,0,0,2,0,0,128,0,54,9,0,5,0,10,0,1,143,55,20.4
Daniel Thomas,42544,S,JAX,4,2,0,,0,0,15,0,0,60.1,53.1,0.0,58.4,60.0,44.7,0,0,0,0,,25.0,1,0,1,0.0,0,0,0,0,0,26,31,3,0,0,3,0,26,28,1,4,2,0,1,0,0,0,0,0,0,
Krys Barnes,42548,LB,ARZ,11,7,0,88.9,0,0,1,0,0,51.6,51.5,0.0,64.8,57.7,65.0,0,1,0,0,13,12.0,3,0,1,131.9,8,2,0,139,0,91,158,1,0,0,1,0,0,157,16,51,18,8,15,1,9,3,1,61,33,7.6
Nazeeh Johnson,42553,CB,KC,9,10,0,54.5,1,0,16,0,0,47.8,52.3,84.1,71.1,67.6,75.5,0,1,0,0,41,5.4,2,0,2,98.2,18,1,0,18,272,211,307,7,0,0,7,0,0,300,4,92,10,10,25,1,33,2,2,241,89,13.4
Justin Strnad,42659,LB,DEN,9,8,2,80.5,1,0,10,0,0,53.6,64.0,35.9,75.5,72.9,54.0,1,7,0,0,27,14.3,7,0,2,91.8,33,3,0,366,1,233,393,5,0,0,5,0,0,388,49,111,21,26,34,5,41,11,0,247,222,7.5
Chauncey Golston,42718,ED,DAL,11,10,1,,0,0,9,0,0,67.4,69.1,89.3,64.9,60.0,39.2,1,20,0,1,,11.1,4,0,0,0.0,0,3,0,2,0,2,471,468,3,49,302,114,0,3,253,216,0,17,22,1,0,24,0,0,0,
Nick Bosa,42741,ED,SF,10,6,0,100.0,1,1,28,1,0,75.4,90.3,42.1,87.2,74.6,32.0,10,34,0,1,7,27.5,11,0,5,54.2,2,8,0,2,0,4,504,501,0,3,493,5,0,3,320,180,0,23,23,4,2,52,0,13,8,6.5
Osa Odighizuwa,42754,DI,DAL,11,2,0,,0,0,9,0,0,64.1,64.1,74.0,73.1,50.6,53.5,8,23,0,0,,11.5,3,1,1,0.0,0,4,0,0,0,0,552,551,24,393,8,126,0,1,312,240,0,20,21,2,0,35,0,0,0,
Curtis Robinson,42871,LB,SF,1,0,0,,0,0,28,0,0,,61.6,60.1,,60.0,,0,0,0,0,,,0,0,0,0.0,0,0,0,0,0,0,1,0,0,0,0,0,0,1,0,1,0,0,0,0,0,0,0,0,0,
Avery Williams,42873,HB,ATL,2,0,0,,0,0,2,0,0,60.7,70.3,60.0,,60.0,,0,0,0,0,,,0,0,0,0.0,0,0,0,0,0,1,2,0,0,0,0,0,0,2,0,1,0,0,0,0,0,0,0,0,0,
Kristian Fulton,42894,CB,LAC,9,3,0,51.7,4,0,27,0,0,72.9,75.0,85.2,60.0,77.3,55.2,0,0,0,1,54,18.2,4,4,6,92.7,15,0,0,38,383,256,432,2,0,0,2,0,1,430,1,175,8,9,15,2,29,0,3,191,31,12.7
Rashan Gary,42905,ED,GB,11,6,1,,0,1,12,0,0,48.3,70.0,88.8,63.9,70.0,66.5,5,18,0,0,,6.7,2,0,0,0.0,0,5,0,3,0,2,437,434,0,1,410,23,0,3,269,166,0,20,22,1,0,28,0,0,0,
Dicaprio Bootle,42913,CB,LAC,1,0,0,,0,0,27,0,0,64.3,64.7,68.7,,,,0,0,0,0,,,0,0,0,0.0,0,0,0,0,4,4,4,0,0,0,0,0,0,4,0,0,0,0,0,0,0,0,0,0,0,
Khalid Kareem,42993,ED,ATL,2,2,0,,0,0,2,0,0,60.4,79.1,76.5,72.3,72.7,75.0,0,3,0,0,,0.0,0,0,0,0.0,0,0,0,0,0,3,32,32,0,0,30,2,0,0,11,18,0,2,3,0,0,3,0,0,0,
Jonathon Cooper,43021,ED,DEN,12,8,0,85.7,0,1,10,0,0,62.8,73.2,75.4,64.7,76.6,42.9,6,26,0,0,13,14.9,7,0,1,87.5,6,8,0,1,0,52,568,564,0,0,564,0,0,4,315,201,3,32,32,2,7,40,0,35,31,5.8
Charvarius Ward,43034,CB,SF,7,4,0,53.1,0,0,28,0,0,61.7,58.0,83.7,43.6,44.8,61.7,0,1,0,0,50,11.1,4,3,2,86.5,17,0,0,38,349,239,404,7,0,0,7,0,0,397,0,165,10,8,28,0,32,1,1,228,51,13.4
Brandon Jones,43049,S,DEN,11,13,0,69.0,0,1,10,1,0,87.7,85.0,81.9,62.8,70.4,69.3,0,1,0,2,31,12.9,11,3,1,53.2,20,0,0,195,9,441,683,20,0,0,20,0,386,663,10,232,73,22,61,2,29,1,0,156,101,7.8
Devin White,43089,LB,HST,5,2,0,50.0,0,0,13,0,0,53.1,48.9,75.9,38.0,58.3,29.9,0,4,0,0,11,25.0,4,0,0,56.7,5,0,0,101,2,69,121,2,0,0,2,0,0,119,13,39,16,3,10,0,10,4,0,31,32,6.2
Jeremy Chinn,43179,S,WAS,12,14,0,82.1,0,0,32,2,0,66.7,66.0,59.6,43.4,66.9,66.7,0,2,0,1,35,10.0,8,2,1,115.3,23,0,0,296,9,370,711,53,0,0,53,0,212,658,19,322,141,21,58,3,28,2,3,187,106,8.1
Mack Wilson Sr.,43190,LB,ARZ,11,17,2,85.7,0,0,1,1,0,67.8,67.4,67.9,56.3,68.5,54.8,2,6,0,1,28,16.1,10,0,1,74.0,18,1,0,211,0,199,566,273,0,0,273,0,0,293,118,249,82,17,35,1,21,9,0,137,119,7.6
Richie Grant,43196,S,ATL,6,2,0,76.9,0,0,2,0,0,41.1,35.5,0.0,62.6,48.7,51.5,0,1,0,0,29,16.7,2,1,1,123.2,10,0,0,22,0,87,126,1,0,0,1,0,68,125,4,35,33,2,8,1,13,1,1,98,87,9.8
Joe Bachie,43250,LB,CIN,9,0,0,100.0,0,0,7,0,0,52.6,59.0,80.6,58.3,67.4,73.5,0,1,0,0,1,0.0,0,0,0,118.8,1,0,0,5,1,10,21,10,0,0,10,0,0,11,2,9,4,2,2,0,1,1,1,1,0,1.0
Damar Hamlin,43291,S,BUF,11,11,0,69.6,0,0,4,1,0,57.9,61.9,87.8,62.2,68.0,83.0,0,0,0,2,32,9.5,7,2,2,68.6,16,0,0,199,3,419,686,19,0,0,19,0,407,667,5,262,58,12,56,2,23,0,1,167,71,10.4
Myles Bryant,43336,CB,HST,1,0,0,100.0,0,0,13,0,0,54.8,55.5,71.0,,60.0,77.5,0,0,0,0,6,0.0,0,0,0,91.7,1,0,0,2,0,7,11,0,0,0,0,0,0,11,0,4,9,0,2,0,1,0,0,6,0,6.0
Josh Metellus,43395,S,MIN,11,10,0,75.0,0,1,18,0,0,54.6,66.7,84.8,63.0,90.9,90.4,3,5,0,1,98,1.5,1,2,1,97.1,39,0,0,298,20,402,629,32,0,0,32,0,69,597,58,169,209,23,54,2,52,8,1,426,250,10.9
Nick Niemann,43500,LB,LAC,2,1,0,0.0,0,0,27,0,0,64.0,70.7,75.6,,68.1,57.5,0,0,0,0,,11.1,1,0,0,39.6,0,0,0,40,0,12,41,0,0,0,0,0,0,41,0,29,1,1,7,0,1,0,0,0,0,
Alex Highsmith,43507,ED,PIT,6,4,1,100.0,0,0,25,0,0,70.0,83.5,5.9,84.6,75.4,73.1,8,13,0,0,9,6.3,1,0,4,93.1,3,3,0,1,0,15,280,276,0,1,275,0,0,4,169,96,3,8,11,1,3,24,0,19,14,6.3
Darrell Baker Jr.,43542,CB,TEN,8,1,0,53.8,0,0,31,0,0,66.0,69.8,84.7,,82.6,55.3,0,0,0,0,47,4.5,1,3,1,110.6,14,0,0,14,364,232,382,0,0,0,0,0,1,382,0,150,3,6,20,1,26,0,4,150,47,10.7
Ben Stille,43555,DI,ARZ,6,1,1,,0,0,1,1,0,,47.7,80.7,56.8,41.9,26.8,0,4,0,0,,50.0,2,0,0,0.0,0,1,0,1,0,0,120,119,4,72,4,39,0,1,80,40,0,2,1,0,0,5,0,0,0,
Sam Franklin Jr.,43580,S,CAR,2,0,0,,0,0,5,0,0,60.4,62.9,70.7,,60.0,,0,0,0,0,,,0,0,0,0.0,0,0,0,0,0,2,3,0,0,0,0,0,2,3,0,1,0,0,0,0,0,0,0,0,0,
Jake Hansen,43645,LB,HST,4,4,0,88.9,0,0,13,0,0,61.8,75.2,81.3,64.2,82.9,55.8,0,1,0,0,16,12.5,2,0,0,124.5,8,1,0,90,0,64,111,3,0,0,3,0,0,108,10,37,17,8,10,1,9,2,1,45,40,5.6
Levi Onwuzurike,43679,DI,DET,11,3,0,100.0,0,1,11,0,0,69.2,65.6,70.5,66.1,58.3,58.6,10,16,0,0,11,11.1,2,0,1,112.5,1,3,0,1,0,4,438,436,6,150,85,195,1,2,286,148,0,11,13,0,1,29,0,11,-1,11.0
Jeffery Simmons,43742,DI,TEN,10,6,2,,0,1,31,2,0,58.4,76.4,56.8,81.2,64.3,41.4,3,24,0,0,,13.5,5,0,2,0.0,0,4,0,5,0,11,487,482,13,255,27,187,0,5,289,187,0,26,26,3,0,31,0,0,0,
Elerson Smith,43766,ED,CLV,2,1,0,,0,0,8,0,0,,46.3,77.4,56.0,48.3,29.7,0,0,0,0,,33.3,1,0,0,0.0,0,0,0,0,0,0,20,20,0,1,18,1,0,0,4,16,0,1,1,0,0,0,0,0,0,
Derrick Brown,43883,DI,CAR,1,2,0,,0,0,5,0,0,60.8,47.7,78.7,51.4,48.1,26.7,0,0,0,0,,25.0,1,0,0,0.0,0,0,0,0,0,1,60,60,0,29,4,27,0,0,24,35,0,1,1,0,0,0,0,0,0,
Pat Jones II,43974,ED,MIN,11,10,0,100.0,0,0,18,0,0,45.9,54.6,86.4,51.1,67.8,57.2,4,7,0,0,19,16.0,4,0,0,109.2,5,7,0,4,0,30,355,351,0,12,303,36,0,4,240,85,0,18,11,3,5,18,0,51,26,10.2
Byron Murphy Jr.,44027,CB,MIN,11,5,0,72.2,1,1,18,0,0,68.8,70.8,86.4,55.4,75.6,44.1,0,0,0,4,36,17.7,11,3,3,80.0,52,0,0,49,426,464,665,5,0,0,5,0,8,660,2,199,177,14,46,5,72,0,2,547,214,10.5
Benito Jones,44035,DI,MIA,11,7,0,,0,0,17,0,0,56.0,56.7,84.9,63.3,52.7,59.1,2,5,0,0,,6.7,1,0,0,0.0,0,0,0,0,0,5,284,284,36,247,0,1,0,0,132,147,0,7,7,0,0,7,0,0,0,
Adetokunbo Ogundeji,44047,ED,PIT,3,0,0,,0,0,25,0,0,61.3,60.9,77.1,59.2,59.3,,0,2,0,0,,,0,0,0,0.0,0,0,0,0,0,3,25,25,0,0,25,0,0,0,17,5,0,0,0,0,0,2,0,0,0,
Julian Okwara,44152,ED,ARZ,8,5,0,71.4,0,0,1,0,0,41.7,58.6,47.3,60.8,69.8,44.2,1,4,0,0,13,18.2,2,1,1,90.8,5,0,0,3,0,28,177,173,0,0,173,0,0,4,71,78,1,2,4,0,7,5,0,49,29,9.8
Quinnen Williams,44216,DI,NYJ,11,5,0,,0,0,22,0,0,69.2,75.3,71.5,76.1,62.2,36.0,6,25,0,0,,19.4,6,0,1,0.0,0,7,0,1,0,3,517,516,69,282,17,148,0,1,304,210,0,21,20,3,0,38,0,0,0,
Nnamdi Madubuike,44304,DI,BLT,12,7,0,,0,1,3,0,0,62.7,68.3,51.8,70.4,59.2,56.3,6,29,0,0,,8.0,2,0,4,0.0,0,6,0,2,0,11,611,609,15,414,32,148,0,2,433,167,0,18,16,4,0,41,0,0,0,
Boogie Basham,44320,ED,NYG,1,1,1,,0,0,21,0,0,60.0,64.9,76.4,61.5,61.1,69.6,0,0,0,0,,0.0,0,0,0,0.0,0,0,0,0,0,0,16,16,0,0,16,0,0,0,10,6,0,0,0,0,0,0,0,0,0,
Naquan Jones,44363,DI,ARZ,6,5,1,,0,0,1,0,0,60.0,60.9,81.2,63.1,56.1,74.1,1,4,0,0,,0.0,0,0,0,0.0,0,2,0,0,0,0,135,135,11,89,0,35,0,0,77,58,0,6,6,0,0,7,0,0,0,
Isaiahh Loudermilk,44416,DI,PIT,11,2,1,,0,0,25,0,0,55.3,45.6,80.4,56.6,47.6,74.1,0,3,0,0,,0.0,0,0,0,0.0,0,0,0,1,0,0,117,116,0,68,7,41,0,1,71,46,0,6,8,0,0,3,0,0,0,
Kyzir White,44485,LB,ARZ,11,29,0,86.8,0,0,1,1,0,38.8,52.1,85.1,46.3,74.2,61.7,2,8,0,1,25,11.8,10,1,0,98.4,33,1,0,600,0,327,650,18,0,0,18,0,5,632,71,252,27,21,46,4,38,11,0,389,260,11.8
Trysten Hill,44519,DI,NE,2,0,0,,0,0,19,0,0,,30.5,72.3,51.9,37.5,,0,0,0,0,,,0,0,0,0.0,0,0,0,0,0,0,14,14,1,2,0,11,0,0,9,5,0,0,0,0,0,0,0,0,0,
Brian Burns,44522,ED,NYG,11,8,4,50.0,1,1,21,0,0,82.0,81.3,89.0,77.3,65.4,73.3,6,27,0,0,9,6.7,3,1,1,58.3,2,6,0,14,0,26,573,556,0,0,554,2,0,17,313,234,3,31,34,5,4,39,0,14,3,7.0
D.J. Wonnum,44550,ED,CAR,2,3,0,100.0,0,1,5,0,0,70.4,78.3,79.6,73.3,67.3,79.9,1,5,0,0,12,0.0,0,0,0,93.8,2,2,0,1,0,10,107,106,0,1,105,0,0,1,63,34,0,6,6,1,2,8,0,13,3,6.5
Raekwon Davis,44582,DI,IND,12,3,0,,1,0,14,0,0,62.2,38.4,19.4,52.1,41.0,73.2,0,4,0,0,,0.0,0,0,3,0.0,0,0,0,0,0,0,280,280,15,239,0,26,0,0,142,138,0,5,7,2,0,4,0,0,0,
Jonah Williams,44597,DI,LA,7,1,0,,0,0,26,0,0,,39.3,79.2,61.0,34.0,36.7,1,1,0,0,,33.3,1,0,0,0.0,0,0,0,0,0,0,63,63,0,26,16,21,0,0,27,36,0,1,1,1,0,2,0,0,0,
Leki Fotu,44614,DI,NYJ,2,2,0,,0,0,22,0,0,,36.3,77.1,53.0,38.1,70.4,0,0,0,0,,0.0,0,0,0,0.0,0,0,0,0,0,0,46,46,11,23,0,12,0,0,14,32,0,1,1,0,0,0,0,0,0,
Olamide Zaccheaus,44920,WR,WAS,1,0,0,,0,0,32,0,0,60.7,70.2,60.0,,,,0,0,0,0,,,0,0,2,0.0,0,0,0,0,0,1,1,0,0,0,0,0,0,1,0,0,0,0,0,0,0,0,0,0,0,
Luke Masterson,45046,LB,LV,4,4,0,62.5,0,0,23,0,0,29.8,46.7,79.1,61.5,77.1,28.5,0,0,0,0,17,27.8,5,0,0,79.2,5,0,0,82,0,54,102,15,0,0,15,0,0,87,7,41,5,3,9,0,8,0,0,48,35,9.6
Jordan Fuller,45326,S,CAR,5,7,0,100.0,0,1,5,0,0,48.1,51.7,82.0,58.3,64.9,66.7,0,0,0,0,59,10.7,3,0,0,158.3,7,0,0,66,0,165,312,4,0,0,4,0,210,308,1,146,32,3,18,0,7,0,3,124,60,17.7
Eyioma Uwazurike,45414,DI,DEN,3,5,0,,0,0,10,0,0,,72.9,77.5,62.5,71.2,73.7,0,2,0,0,,0.0,0,0,0,0.0,0,1,0,0,0,0,50,50,0,32,2,16,0,0,21,29,0,3,2,0,0,3,0,0,0,
Brandon Stephens,45644,CB,BLT,12,1,0,67.6,0,0,3,0,0,49.7,52.7,88.0,71.0,64.5,56.2,0,0,0,0,37,13.8,8,4,4,110.6,48,1,0,57,689,557,783,1,0,0,1,0,0,782,2,224,36,7,49,1,71,1,3,649,177,13.5
Trayveon Williams,45775,HB,CIN,1,0,0,,0,0,7,0,0,60.7,70.2,60.0,,,,0,0,0,0,,,0,0,0,0.0,0,0,0,0,0,1,1,0,0,0,0,0,0,1,0,0,0,0,0,0,0,0,0,0,0,
Trent Sherfield,48021,WR,MIN,1,0,0,,0,0,18,0,0,,60.0,60.5,,60.0,,0,0,0,0,,,0,0,1,0.0,0,0,0,0,0,0,1,0,0,0,0,0,0,1,0,1,0,0,0,0,0,0,0,0,0,
Brandon Powell,48036,WR,MIN,1,0,0,,1,0,18,0,0,,60.0,60.0,,60.0,,0,0,0,0,,,0,0,2,0.0,0,0,0,0,0,0,1,0,0,0,0,0,0,1,0,1,0,0,0,0,0,0,0,0,0,
Da'Shawn Hand,48386,DI,MIA,11,6,1,,0,1,17,0,0,60.2,63.0,86.2,61.6,59.5,63.7,3,7,0,0,,4.0,1,0,0,0.0,0,1,0,0,0,1,390,390,11,304,23,52,0,0,210,179,0,15,18,3,0,11,0,0,0,
Jalyn Holmes,48400,DI,WAS,11,5,0,,0,0,32,0,0,,45.1,85.0,54.4,42.5,52.3,1,3,0,0,,15.4,2,0,0,0.0,0,1,0,0,0,0,192,192,1,40,107,44,0,0,77,115,0,5,6,2,0,5,0,0,0,
Kentavius Street,48404,DI,ATL,7,1,0,,1,0,2,0,0,60.0,51.2,42.0,59.3,50.8,28.2,0,4,0,0,,28.6,2,0,2,0.0,0,0,0,0,0,0,146,146,42,78,3,23,0,0,78,68,0,1,4,0,0,4,0,0,0,
Anthony Nelson,48405,ED,TB,11,7,0,85.7,0,0,30,0,0,59.7,53.3,87.9,62.2,38.0,62.8,5,10,0,0,22,9.5,2,0,0,134.8,6,3,0,2,0,44,330,320,0,6,299,15,0,10,174,112,7,7,12,2,7,18,1,48,21,8.0
Jonathan Greenard,48407,ED,MIN,11,6,2,66.7,0,2,18,0,0,78.5,87.2,68.1,77.6,81.2,36.3,6,40,0,0,15,25.0,10,0,2,70.1,4,9,0,2,0,43,586,584,0,2,564,18,0,2,367,176,0,29,24,5,6,55,0,17,7,4.3
Mike Danna,48415,ED,KC,7,7,1,50.0,0,1,16,0,0,69.7,69.9,88.0,58.7,69.3,80.8,2,10,0,0,7,0.0,0,0,0,58.3,1,2,0,0,0,14,296,296,2,16,240,38,0,0,179,103,0,10,17,1,2,14,0,7,11,7.0
Demone Harris,48452,ED,ATL,3,1,0,100.0,0,0,2,0,0,77.7,55.2,29.4,47.2,70.4,72.4,0,1,0,0,6,0.0,0,0,1,91.7,1,0,0,1,0,6,97,96,0,9,65,22,0,1,68,23,0,1,1,1,1,1,0,6,13,6.0
James Smith-Williams,48455,ED,ATL,10,7,0,66.7,0,0,2,0,0,79.8,60.9,86.6,52.0,57.0,71.2,1,2,0,0,11,5.0,1,0,0,78.5,2,1,0,0,0,28,306,302,0,5,286,11,0,4,129,149,4,11,12,6,3,4,0,15,16,7.5
Sam Hubbard,48457,ED,CIN,11,10,1,66.7,0,1,7,0,0,62.2,61.0,88.9,47.5,69.8,59.3,5,8,0,1,16,9.3,4,0,0,44.4,2,2,1,5,0,24,457,449,5,19,398,27,0,8,224,209,3,21,29,1,3,15,0,19,24,9.5
Tyquan Lewis,48475,ED,IND,5,1,0,,0,0,14,0,0,63.4,53.2,59.1,52.3,57.0,29.0,3,8,0,0,,23.5,4,0,1,0.0,0,2,0,1,0,3,222,221,8,20,154,39,0,1,115,104,0,12,12,2,0,13,0,0,0,
Carl Granderson,48500,ED,NO,11,4,2,100.0,0,1,20,0,0,81.3,76.6,77.6,70.5,67.1,54.8,1,32,0,0,36,13.5,5,0,1,158.3,1,7,0,0,0,26,558,557,0,1,519,37,0,1,352,180,1,27,28,3,1,40,1,36,33,36.0
Oshane Ximines,48538,ED,NE,2,0,0,,0,0,19,0,0,61.0,66.4,73.4,58.8,64.5,69.9,0,0,0,0,,0.0,0,0,0,0.0,0,0,0,0,0,2,14,14,0,0,14,0,0,0,10,2,0,0,1,0,0,0,0,0,0,
Dorance Armstrong,48557,ED,WAS,11,4,0,100.0,0,1,32,0,0,73.2,71.2,57.9,77.8,53.2,36.1,7,19,0,0,11,24.1,7,0,2,89.6,2,4,0,10,0,10,419,409,0,21,372,16,0,10,241,168,0,18,18,2,2,30,0,11,3,5.5
Harold Landry III,48600,ED,TEN,11,12,1,100.0,0,0,31,0,0,68.2,66.6,77.8,49.6,80.4,72.3,5,11,0,0,22,7.0,3,1,1,111.1,6,6,1,17,0,66,551,515,0,1,514,0,0,36,276,209,19,25,28,3,6,22,0,64,37,10.7
Roy Lopez,48676,DI,ARZ,10,6,2,,0,1,1,0,0,60.0,52.7,83.3,68.8,44.1,27.6,2,10,0,0,,25.9,7,0,0,0.0,0,1,0,0,0,0,305,305,179,110,0,16,0,0,150,155,0,11,14,2,0,13,0,0,0,
Harrison Phillips,48690,DI,MIN,11,18,2,,0,1,18,1,0,80.2,65.0,86.1,56.4,63.9,56.2,2,7,0,0,,8.6,3,0,0,0.0,0,2,0,1,0,0,437,436,127,295,1,13,0,1,252,185,0,13,14,0,0,11,0,0,0,
Daron Payne,48698,DI,WAS,12,4,0,,1,0,32,0,0,60.0,57.5,73.1,63.7,50.9,26.5,1,23,0,0,,25.0,8,0,1,0.0,0,3,0,0,0,0,498,498,23,300,22,153,0,0,287,211,0,19,20,0,0,27,0,0,0,
Greg Gaines,48706,DI,TB,9,2,0,,0,0,30,0,0,59.2,49.2,39.6,49.9,57.4,25.6,2,2,0,0,,36.4,4,0,2,0.0,0,1,0,0,0,6,293,293,51,208,8,26,0,0,190,97,0,5,5,1,0,5,0,0,0,
Taven Bryan,48753,DI,IND,12,5,1,,0,0,14,1,0,60.4,57.7,37.7,66.7,54.6,75.0,0,6,0,0,,0.0,0,0,2,0.0,0,1,0,0,0,2,281,281,2,203,0,76,0,0,130,149,0,7,11,1,0,7,0,0,0,
Bruce Hector,48759,DI,NYJ,3,1,0,,0,0,22,0,0,,43.1,77.2,52.8,44.9,69.2,0,0,0,0,,0.0,0,0,0,0.0,0,0,0,0,0,0,47,47,3,39,0,5,0,0,18,29,0,1,1,0,0,0,0,0,0,
L.J. Collier,48822,DI,ARZ,11,4,0,,0,0,1,1,0,60.0,48.5,67.4,57.7,44.5,30.0,4,17,0,0,,21.7,5,0,1,0.0,0,2,0,0,0,0,379,379,4,120,46,209,0,0,206,173,0,11,14,1,0,23,0,0,0,
Eli Ankou,48856,DI,BUF,2,4,0,,0,0,4,0,0,,47.7,76.7,53.7,49.9,71.0,0,0,0,0,,0.0,0,0,0,0.0,0,0,0,0,0,0,34,34,3,30,0,1,0,0,11,23,0,1,1,0,0,0,0,0,0,
Daniel Ekuale,48874,DI,NE,11,13,0,,0,0,19,0,0,67.0,61.6,86.4,52.3,63.5,79.7,1,3,0,0,,0.0,0,0,0,0.0,0,2,0,2,0,0,515,512,18,171,37,286,0,3,282,233,0,19,24,1,0,6,0,0,0,
Poona Ford,48875,DI,LAC,11,12,1,,0,0,27,0,0,67.9,82.4,85.8,67.4,79.2,49.9,3,11,0,1,,11.5,3,0,0,0.0,0,3,0,0,0,2,388,388,32,321,0,35,0,0,233,153,0,12,11,2,0,17,0,0,0,
Justin Jones,48940,DI,ARZ,3,2,1,,0,0,1,1,0,,30.2,80.3,51.6,28.3,44.7,1,2,0,0,,16.7,1,0,0,0.0,0,0,0,0,0,0,100,100,1,37,9,53,0,0,61,39,0,1,3,1,0,3,0,0,0,
Vita Vea,48956,DI,TB,10,8,1,,0,0,30,0,0,58.0,75.2,69.4,76.7,64.4,62.7,1,21,0,0,,6.7,2,0,1,0.0,0,6,0,1,0,4,427,426,63,317,7,39,0,1,279,144,0,21,20,4,0,28,0,0,0,
Tim Settle,48966,DI,HST,12,3,0,,0,0,13,0,0,64.5,52.1,55.2,68.2,35.5,41.3,3,20,0,0,,14.3,3,0,2,0.0,0,5,0,0,0,0,442,442,9,325,4,104,0,0,292,150,0,15,15,3,0,28,0,0,0,
Khalil Davis,48988,DI,SF,10,3,0,,0,0,28,0,0,60.0,53.6,82.0,56.4,51.9,54.6,1,6,0,0,,20.0,2,0,0,0.0,0,1,0,1,0,1,177,176,4,128,0,44,0,1,103,73,0,4,5,3,0,8,0,0,0,
Kendal Vickers,48993,DI,NO,1,0,0,,0,0,20,0,0,,60.7,74.6,57.0,62.2,68.7,0,0,0,0,,0.0,0,0,0,0.0,0,0,0,0,0,0,21,21,1,11,1,8,0,0,12,9,0,1,2,0,0,0,0,0,0,
Nick Scott,49012,S,CAR,6,9,0,78.6,0,0,5,0,0,56.7,52.6,83.5,39.7,48.1,37.5,0,1,0,0,19,21.2,7,1,0,123.5,11,0,0,86,0,174,324,12,0,0,12,0,172,312,1,149,54,3,17,0,14,1,1,111,38,10.1
Justin Reid,49048,S,KC,11,12,0,87.8,0,0,16,0,0,64.7,68.3,56.7,57.2,78.0,82.0,1,2,0,1,50,6.0,4,1,3,125.8,36,0,0,308,9,409,663,40,0,0,40,0,191,623,32,222,115,22,51,3,41,3,3,442,213,12.3
Tre Flowers,49059,CB,JAX,2,0,0,100.0,0,0,15,0,0,47.1,44.7,71.2,55.2,60.0,27.0,0,0,0,0,10,25.0,1,0,0,101.4,3,0,0,8,1,13,16,1,0,0,1,0,3,15,2,1,3,2,3,0,3,0,0,25,12,8.3
Khaleke Hudson,49073,LB,CLV,3,0,0,,0,0,8,0,0,,34.1,66.7,59.0,45.8,,0,0,0,0,,,0,0,0,0.0,0,0,0,9,0,0,10,1,0,0,1,0,0,9,1,9,0,0,0,0,0,0,0,0,0,
Jalen Thompson,49116,S,ARZ,9,12,0,83.3,0,0,1,1,0,54.7,61.9,83.2,62.7,76.4,84.3,2,2,0,0,24,3.5,2,0,0,124.8,20,0,0,295,0,329,578,1,0,0,1,0,164,577,14,235,118,5,43,0,24,4,2,175,63,8.8
Jessie Bates III,49162,S,ATL,11,15,0,65.4,0,4,2,1,0,73.0,76.4,52.5,48.6,84.1,64.0,0,3,0,2,33,13.3,10,4,1,65.4,17,0,0,237,2,433,730,8,0,0,8,0,420,722,8,289,63,19,50,1,26,3,1,175,89,10.3
Ezekiel Turner,49167,LB,DET,2,0,0,,0,0,11,0,0,64.4,59.6,70.1,58.9,55.4,74.9,0,0,0,0,,0.0,0,0,0,0.0,0,0,0,12,0,9,15,1,0,0,1,0,0,14,1,5,2,0,1,0,0,0,0,0,0,
Elijah Campbell,49190,S,MIA,6,0,0,50.0,0,0,17,0,0,56.4,48.5,74.2,57.9,47.6,81.9,0,1,0,0,-1,0.0,0,0,0,56.3,1,0,0,6,0,17,30,6,0,0,6,0,18,24,1,12,0,1,3,1,2,1,0,-1,5,-1.0
Jordan Whitehead,49196,S,TB,11,16,0,75.0,0,0,30,0,0,58.5,61.7,84.0,48.8,70.1,65.0,2,6,0,0,59,12.3,10,3,0,135.4,21,0,0,283,5,423,684,34,0,0,34,0,266,650,33,228,96,17,55,2,28,8,2,316,146,15.0
Ronnie Harrison,49206,S,IND,1,0,0,,0,0,14,0,0,,32.1,61.5,,60.0,22.3,0,0,0,0,,100.0,1,0,0,0.0,0,0,0,1,0,0,1,0,0,0,0,0,0,1,0,1,0,0,0,0,0,0,0,0,0,
Demetrius Flannigan-Fowles,49231,LB,SF,4,1,0,100.0,0,0,28,0,0,38.0,38.5,74.0,53.5,51.0,27.3,0,0,0,1,50,33.3,3,0,0,79.2,5,0,0,82,0,39,90,3,0,0,3,0,0,87,4,47,4,2,5,0,5,0,0,82,79,16.4
Carlton Davis III,49335,CB,DET,11,8,0,60.9,1,0,11,2,0,71.5,73.0,85.9,60.0,72.6,61.2,0,0,0,2,63,13.1,8,5,8,80.4,39,0,0,47,534,435,631,2,0,0,2,0,2,629,1,195,46,20,45,2,64,0,2,463,157,11.9
Kindle Vildor,49346,CB,DET,9,0,0,53.8,0,0,11,0,0,35.8,38.7,80.1,,58.8,79.8,0,0,0,0,39,0.0,0,0,1,72.3,7,0,0,6,116,80,127,0,0,0,0,0,0,127,0,47,5,3,6,0,13,0,0,79,38,11.3
Jaire Alexander,49350,CB,GB,7,1,0,56.0,0,0,12,1,0,78.3,75.2,36.4,,57.8,39.4,0,0,1,2,67,20.0,4,3,2,79.9,14,0,0,7,331,232,361,8,0,0,8,0,1,353,0,129,14,2,15,0,25,0,2,227,103,16.2
Ugo Amadi,49352,CB,NO,5,0,0,76.7,0,0,20,0,0,57.0,62.1,82.1,57.6,82.5,46.0,0,1,0,0,20,18.5,5,0,0,107.6,23,1,0,15,8,129,208,16,0,0,16,0,0,192,14,65,169,12,22,3,30,2,1,220,116,9.6
Greg Stroman Jr.,49354,CB,NYG,1,0,0,66.7,0,0,21,0,0,75.3,75.2,76.5,,65.8,75.2,0,0,0,0,11,0.0,0,0,0,81.3,2,0,0,1,35,24,38,0,0,0,0,0,0,38,0,14,2,2,2,0,3,0,0,17,13,8.5
Isaac Yiadom,49355,CB,SF,11,6,0,59.4,0,1,28,1,0,60.2,62.6,86.6,,71.1,61.8,0,0,0,1,37,10.5,4,3,2,82.6,19,0,0,11,388,272,411,4,0,0,4,0,0,407,0,139,6,7,28,0,32,0,1,258,73,13.6
Chris Lammons,49368,CB,IND,4,2,0,90.9,0,1,14,2,0,44.4,57.1,77.2,95.2,60.5,54.3,0,0,0,0,29,18.2,2,0,0,115.9,10,1,0,14,0,64,94,2,0,0,2,0,0,92,3,27,78,1,7,0,11,1,0,130,83,13.0
C.J. Gardner-Johnson,49371,S,PHI,11,10,0,63.0,0,1,24,0,0,69.9,66.9,87.3,,53.8,47.8,0,0,0,2,41,16.0,8,5,0,93.1,17,0,0,155,1,421,649,5,0,0,5,0,417,644,0,228,71,11,32,1,27,0,4,193,101,11.4
Jaylon Jones,49374,CB,CHI,4,3,0,70.0,0,0,6,0,0,71.0,71.7,78.4,,66.4,82.5,0,0,0,0,24,0.0,0,2,0,92.1,7,0,0,5,64,56,76,1,0,0,1,0,4,75,0,20,2,0,8,0,10,0,0,76,13,10.9
Donte Jackson,49377,CB,PIT,11,4,0,55.3,2,0,25,1,0,49.7,52.9,53.2,,71.5,40.4,0,0,0,4,43,19.4,7,3,3,50.1,26,0,0,47,519,368,586,0,0,0,0,0,1,586,0,218,19,8,25,2,47,0,1,342,167,13.2
Cam Lewis,49395,S,BUF,11,11,0,83.0,0,0,4,0,0,56.5,53.8,82.0,62.6,43.7,39.8,0,5,0,0,24,18.6,11,3,0,103.9,44,0,0,143,5,230,380,25,0,0,25,0,16,355,24,126,191,19,37,2,53,5,1,394,222,9.0
M.J. Stewart,49397,S,HST,4,0,0,,0,0,13,0,0,63.8,66.1,72.2,60.0,63.0,77.3,0,0,0,0,,0.0,0,0,0,0.0,0,0,0,3,0,16,24,1,0,0,1,0,17,23,1,7,2,0,1,0,0,0,0,0,0,
Donovan Wilson,49408,S,DAL,11,16,1,90.9,0,1,9,1,0,54.6,58.1,56.9,60.2,64.8,44.3,0,6,0,1,70,16.9,11,1,1,139.4,20,1,0,248,9,331,663,48,0,0,48,0,310,615,25,307,48,20,38,2,22,7,5,293,144,14.7
Julian Blackmon,49434,S,IND,11,8,0,70.6,0,0,14,1,0,67.8,65.7,87.2,71.5,53.8,67.4,0,0,0,1,44,12.7,9,1,0,88.5,12,1,0,118,1,432,766,12,0,0,12,0,595,754,12,322,40,12,54,1,17,1,0,226,89,18.8
Ka'dar Hollman,49446,CB,HST,3,0,0,55.6,0,0,13,0,0,57.0,55.9,79.4,,49.6,48.3,0,0,0,0,29,9.1,1,2,1,75.2,5,0,0,10,105,82,116,0,0,0,0,0,0,116,0,34,1,1,10,0,9,0,0,58,9,11.6
Taron Johnson,49511,CB,BUF,7,8,0,83.9,0,1,4,0,0,61.5,65.8,1.5,68.6,79.9,72.1,0,1,1,2,52,10.0,4,2,2,103.4,26,1,0,105,0,225,358,12,0,0,12,0,4,346,6,127,237,14,28,0,31,2,2,313,153,12.0
Nick McCloud,49535,CB,SF,6,4,0,81.8,0,0,28,0,0,50.0,50.1,79.6,78.2,45.8,30.4,0,0,0,0,41,25.0,4,0,0,149.1,9,0,0,29,65,90,170,6,0,0,6,0,0,164,3,77,70,2,8,1,11,0,1,170,37,18.9
Denzel Ward,49558,CB,CLV,11,4,0,45.1,1,1,8,1,0,74.2,72.1,84.4,56.2,58.4,31.0,1,0,0,1,66,24.3,9,16,2,75.2,23,0,0,50,418,278,483,4,0,0,4,0,0,479,2,203,11,6,24,1,51,1,2,375,142,16.3
Ashtyn Davis,49560,S,NYJ,7,4,0,71.4,0,0,22,0,0,54.3,57.8,77.2,51.8,68.0,59.3,0,2,0,0,34,12.5,2,0,0,145.2,5,0,0,51,1,66,128,3,0,0,3,0,39,125,4,58,34,3,10,2,7,2,1,74,37,14.8
Rock Ya-Sin,49564,CB,SF,3,0,0,50.0,0,0,28,0,0,56.3,59.1,75.7,,65.6,72.8,0,0,0,0,3,0.0,0,1,1,95.8,1,0,0,2,31,19,34,0,0,0,0,0,0,34,0,15,1,0,1,0,2,0,1,3,0,3.0
Duke Shelley,49569,CB,NYG,1,0,0,100.0,0,0,21,0,0,59.9,60.2,71.7,,60.0,78.6,0,0,0,0,6,0.0,0,0,0,91.7,1,0,0,0,2,13,14,0,0,0,0,0,0,14,0,1,12,1,1,0,1,0,0,6,2,6.0
Zach Allen,49605,DI,DEN,11,11,1,,0,0,10,0,0,59.9,60.4,50.1,71.9,46.1,41.1,14,31,0,0,,18.2,8,0,3,0.0,0,7,1,6,0,5,652,646,2,148,16,480,0,6,419,228,0,25,25,7,0,52,0,0,0,
Nick Thurman,49607,DI,CAR,9,9,0,,0,0,5,0,0,,39.9,60.1,56.2,39.4,43.6,0,1,0,0,,15.0,3,0,1,0.0,0,0,0,0,0,0,241,239,77,110,1,51,0,2,89,152,0,4,8,1,0,1,0,0,0,
Genard Avery,49699,ED,IND,1,0,0,,0,0,14,0,0,,57.4,69.4,59.1,60.0,,0,0,0,0,,,0,0,0,0.0,0,0,0,0,0,0,2,2,0,0,2,0,0,0,1,1,0,0,0,0,0,0,0,0,0,
Quincy Williams,49779,LB,NYJ,11,14,0,81.3,0,2,22,2,0,63.3,67.1,80.3,64.2,67.5,71.4,0,7,0,0,42,9.5,8,1,2,104.9,39,1,0,617,6,361,732,54,0,0,54,0,0,678,41,330,55,39,62,5,48,8,1,360,198,9.2
Azeez Al-Shaair,49792,LB,HST,9,11,0,67.7,0,2,13,0,0,58.1,73.1,48.6,64.6,87.6,70.4,5,7,0,0,54,8.7,6,3,3,108.9,21,2,0,492,2,296,529,9,0,0,9,0,3,520,33,200,23,33,52,6,31,14,1,295,201,14.0
Zaire Franklin,49834,LB,IND,12,43,0,88.9,0,1,14,0,0,46.5,57.9,85.3,62.2,69.5,75.1,1,9,0,1,44,9.1,12,2,1,99.7,48,1,0,745,0,424,836,13,0,0,13,0,15,823,40,372,63,41,77,3,54,11,1,448,205,9.3
Christian Rozeboom,49862,LB,LA,11,28,0,81.0,0,0,26,0,0,62.3,55.6,50.0,44.6,53.3,58.7,0,4,0,1,31,13.7,14,2,1,109.7,34,0,0,471,2,254,532,20,0,0,20,0,0,512,18,260,39,25,60,2,42,4,2,374,308,11.0
B.J. Hill,49894,DI,CIN,9,6,4,,0,0,7,0,0,60.0,68.6,52.0,67.3,66.7,29.9,4,14,0,0,,14.7,5,0,2,0.0,0,0,0,0,0,3,394,394,52,277,26,39,0,0,230,161,0,12,23,2,0,18,0,0,0,
Sebastian Joseph-Day,49935,DI,TEN,11,5,1,,0,0,31,0,0,60.5,68.9,65.7,57.4,74.3,55.9,2,8,0,0,,14.3,4,0,1,0.0,0,3,0,1,0,2,305,304,3,92,130,79,0,1,159,144,0,20,19,1,0,13,0,0,0,
Jerry Tillery,49949,DI,MIN,11,7,0,,0,0,18,0,0,60.0,61.3,84.7,54.0,64.6,56.9,4,8,0,0,,8.7,2,0,0,0.0,0,0,0,1,0,1,321,320,0,133,48,139,0,1,174,146,0,9,14,1,0,12,0,0,0,
Derrick Nnadi,49970,DI,KC,11,1,0,,0,0,16,0,0,58.7,36.0,81.1,44.9,39.7,26.5,0,0,0,0,,16.7,1,0,0,0.0,0,0,0,0,0,2,115,115,7,107,0,1,0,0,45,68,0,2,4,0,0,0,0,0,0,
Broderick Washington,50049,DI,BLT,10,3,2,,0,0,3,0,0,61.3,52.4,65.6,58.7,47.7,27.8,1,9,0,0,,29.4,5,0,1,0.0,0,1,0,0,0,10,325,325,24,243,28,30,0,0,199,116,0,9,9,0,0,11,0,0,0,
Uchenna Nwosu,50084,ED,SEA,1,1,0,,0,0,29,0,0,,64.9,75.3,50.9,71.9,42.9,0,0,0,0,,25.0,1,0,0,0.0,0,0,0,0,0,0,20,20,0,0,20,0,0,0,10,10,0,1,2,0,0,0,0,0,0,
John Franklin-Myers,50088,DI,DEN,12,12,0,,0,0,10,0,0,69.2,76.9,67.0,76.4,59.1,52.7,5,21,0,0,,12.9,4,0,1,0.0,0,5,0,3,0,3,367,364,0,68,69,227,0,3,251,113,0,18,15,3,0,31,0,0,0,
Josh Sweat,50120,ED,PHI,11,4,1,100.0,0,0,24,0,0,64.4,73.3,69.7,76.0,55.2,83.0,7,23,0,0,13,0.0,0,0,1,118.8,1,7,0,0,0,22,429,424,0,0,414,10,0,5,286,121,5,19,15,1,1,37,0,13,7,13.0
Lorenzo Carter,50126,ED,ATL,7,6,0,100.0,0,0,2,0,0,55.0,36.1,54.4,46.9,36.0,65.3,3,1,0,0,37,10.0,2,0,1,118.8,4,0,0,1,0,19,230,225,0,0,222,3,0,5,106,105,4,8,12,0,4,4,0,56,37,14.0
Ogbo Okoronkwo,50130,ED,CLV,11,4,0,100.0,0,1,8,0,0,52.5,47.5,29.0,55.6,50.5,28.6,1,6,0,0,9,31.8,7,0,3,104.2,1,3,0,5,0,8,301,296,0,2,285,9,0,5,177,116,0,13,11,2,1,10,0,9,7,9.0
Jacob Martin,50152,ED,CHI,5,2,0,100.0,0,0,6,0,0,39.6,78.9,82.3,80.8,71.1,76.6,2,7,0,0,6,0.0,0,0,0,91.7,1,3,0,1,0,3,83,82,0,2,78,2,0,1,50,30,0,7,4,2,1,12,0,6,7,6.0
Malcolm Roach,50191,DI,DEN,12,9,1,0.0,0,0,10,1,0,61.9,59.6,66.2,59.5,57.6,53.2,3,8,0,0,,13.3,4,1,1,39.6,0,3,0,1,0,3,348,347,34,246,2,65,0,1,199,146,0,15,17,2,1,14,0,0,0,
Arden Key,50201,ED,TEN,11,5,1,100.0,0,2,31,1,0,77.6,70.9,58.7,67.6,64.7,40.8,5,19,0,0,4,22.2,6,0,3,83.3,1,5,0,2,0,20,490,488,0,6,472,10,0,2,291,179,0,18,16,6,1,29,0,4,0,4.0
Oren Burks,50203,LB,PHI,4,0,0,66.7,0,0,24,0,0,70.3,73.9,71.1,53.0,72.6,78.2,0,1,0,0,12,0.0,0,1,0,84.0,2,0,0,32,0,21,36,0,0,0,0,0,0,36,3,12,4,1,4,0,3,1,0,19,11,9.5
Rashaan Evans,50213,LB,ATL,1,0,0,,0,0,2,0,0,,59.1,64.1,,59.9,,0,0,0,0,,,0,0,0,0.0,0,0,0,1,0,0,1,0,0,0,0,0,0,1,0,1,0,0,0,0,0,0,0,0,0,
Josh Hines-Allen,50235,ED,JAX,11,4,1,100.0,0,0,15,1,0,58.3,84.5,57.3,85.9,70.5,62.0,6,34,0,0,16,7.7,2,0,3,158.3,1,6,0,1,0,12,566,565,0,7,529,29,0,1,336,218,0,18,20,1,1,46,1,16,17,16.0
Marquis Haynes Sr.,50244,ED,CAR,2,1,0,,0,0,5,0,0,61.4,42.7,0.0,46.9,58.4,75.4,0,1,0,0,,0.0,0,0,1,0.0,0,0,0,0,0,1,41,41,0,0,41,0,0,0,24,16,0,0,4,0,0,1,0,0,0,
Marcus Davenport,50291,ED,DET,2,1,0,,0,0,11,0,0,60.3,53.1,0.0,64.4,53.4,74.4,3,3,0,0,,33.3,1,0,2,0.0,0,1,0,0,0,2,89,89,0,1,80,8,0,0,60,27,0,1,1,0,0,7,0,0,0,
Christian Wilkins,50293,DI,LV,5,3,0,100.0,0,0,23,0,0,53.0,74.8,84.0,67.1,80.2,46.2,3,4,0,0,4,15.0,3,0,0,83.3,1,2,0,0,0,7,246,246,5,121,3,117,0,0,151,88,0,11,14,1,1,9,0,4,0,4.0
Nik Needham,50356,CB,MIA,1,0,0,,0,0,17,0,0,60.0,60.0,62.6,,,,0,0,0,0,,,0,0,0,0.0,0,0,0,0,0,1,1,0,0,0,0,0,1,1,0,0,0,0,0,0,0,0,0,0,0,
<<<<<<< HEAD
Isaiah Oliver,50393,S,NYJ,11,6,0,69.6,1,0,22,0,0,66.7,70.4,82.6,65.0,72.4,68.4,1,1,0,0,37,11.1,4,2,2,104.4,16,1,0,101,9,204,359,7,0,0,7,0,60,352,13,142,182,12,26,1,23,3,1,165,71,10.3
Jeremy Reaves,50406,S,WAS,2,0,0,100.0,0,0,32,0,0,54.1,48.4,65.0,60.0,60.5,26.1,0,0,0,0,16,100.0,1,0,0,118.8,1,0,0,3,0,1,5,0,0,0,0,0,1,5,1,3,0,0,0,0,1,0,0,16,18,16.0
Juan Thornhill,50426,S,CLV,6,7,0,69.2,0,0,8,0,0,55.9,63.8,80.3,66.9,78.8,71.3,1,0,0,0,71,13.2,5,1,0,147.4,9,0,0,22,0,148,240,3,0,0,3,0,197,237,1,91,18,6,26,1,13,1,2,150,107,16.7
Jalen Davis,50431,CB,CIN,2,3,0,50.0,0,0,7,0,0,50.8,50.4,75.9,48.9,62.3,80.8,0,0,0,0,12,0.0,0,0,0,63.9,3,0,0,3,0,33,49,1,0,0,1,0,0,48,5,11,45,0,3,0,6,0,0,29,5,9.7
Mike Jackson,50437,CB,CAR,11,8,0,67.7,0,1,5,0,0,66.8,67.2,86.9,60.0,63.1,63.0,0,1,0,1,54,10.3,6,9,4,101.9,42,0,0,63,699,413,768,4,0,0,4,0,0,764,1,354,1,12,44,1,62,1,3,505,170,12.0
Amani Oruwariye,50533,CB,DAL,4,1,0,73.9,1,0,9,0,0,62.9,61.3,81.0,,51.9,65.2,0,0,0,1,42,8.7,2,1,1,99.7,17,0,0,16,157,110,182,3,0,0,3,0,0,179,0,72,6,8,20,1,23,0,1,219,61,12.9
Mike Ford,50535,CB,CLV,5,0,0,100.0,0,0,8,0,0,44.1,37.2,67.9,,55.1,26.7,0,0,0,0,16,50.0,1,0,0,118.8,1,0,0,5,4,2,10,0,0,0,0,0,0,10,0,8,1,0,1,0,1,0,0,16,7,16.0
Avonte Maddox,50543,CB,PHI,11,4,1,52.4,0,0,24,0,0,53.0,53.4,79.7,71.9,51.4,69.5,0,0,0,0,28,6.7,1,2,3,86.6,11,0,0,51,2,171,262,0,0,0,0,0,4,262,3,88,205,1,10,0,21,0,1,126,76,11.5
Byron Cowart,50588,DI,CHI,9,2,0,,0,0,6,0,0,,61.5,44.2,61.4,62.5,26.2,1,5,0,0,,30.8,4,0,1,0.0,0,1,0,0,0,0,151,151,39,93,0,19,0,0,82,69,0,7,7,2,0,7,0,0,0,
Josey Jewell,50720,LB,CAR,8,18,0,76.7,0,0,5,2,0,64.8,65.9,81.9,61.0,63.6,70.5,0,2,0,1,63,10.0,7,2,0,103.7,23,1,0,479,0,264,519,7,0,0,7,0,1,512,21,234,32,24,45,3,30,3,1,292,177,12.7
Cody Barton,50727,LB,DEN,12,30,1,86.7,1,1,10,1,1,56.4,65.0,57.6,66.9,73.3,84.4,0,11,0,1,53,4.9,4,1,1,120.4,26,2,0,638,2,398,711,8,0,0,8,0,1,703,75,238,62,22,47,0,30,13,2,327,198,12.6
Jordyn Brooks,50851,LB,MIA,11,18,0,76.4,0,0,17,1,0,52.3,68.0,84.6,72.2,80.9,69.8,2,10,0,0,63,8.2,8,3,0,111.0,42,1,0,537,6,364,685,60,0,0,60,0,1,625,58,263,81,36,71,4,55,13,2,438,264,10.4
Roquan Smith,50892,LB,BLT,11,32,0,80.4,0,1,3,1,0,52.2,61.8,58.3,57.6,77.6,81.9,2,5,0,1,26,5.9,7,2,1,94.3,37,0,0,663,4,441,719,16,0,0,16,0,4,703,67,211,32,39,79,3,46,7,0,405,269,10.9
Tremaine Edmunds,50905,LB,CHI,11,18,1,72.1,0,1,6,0,0,53.3,55.6,85.2,59.3,58.3,65.4,2,0,0,1,25,9.3,7,2,0,84.7,31,1,0,596,4,350,665,11,0,0,11,0,6,654,32,283,48,25,50,2,43,3,0,333,200,10.7
Robert Spillane,50918,LB,LV,11,26,1,90.5,0,0,23,0,0,45.1,63.1,85.1,67.6,80.0,71.4,1,6,0,1,37,8.1,9,2,0,120.6,38,1,0,626,7,366,701,42,0,0,42,0,1,659,53,282,25,36,76,6,42,8,3,404,218,10.6
Bobby Okereke,50954,LB,NYG,11,24,0,80.0,0,3,21,2,0,67.3,71.9,83.9,86.2,66.1,62.0,0,1,0,0,17,11.8,11,0,0,101.3,36,3,0,578,3,349,661,23,0,0,23,0,6,638,32,280,51,31,58,4,45,4,1,294,223,8.2
Ja'Whaun Bentley,50966,LB,NE,2,2,0,100.0,0,0,19,0,0,60.1,47.0,74.6,62.3,28.7,81.7,0,1,0,0,28,0.0,0,0,0,106.0,7,1,0,57,0,39,61,4,0,0,4,0,0,57,7,15,0,2,6,0,7,2,0,66,20,9.4
Frankie Luvu,51028,LB,WAS,12,18,4,82.1,0,1,32,2,0,61.2,66.9,46.1,75.9,63.1,62.8,2,13,0,0,32,14.1,11,1,2,105.2,23,7,0,524,2,272,735,176,0,0,176,0,1,559,130,333,32,31,49,3,28,22,0,259,146,11.3
Tyrel Dodson,51045,LB,MIA,10,17,0,79.4,0,1,17,0,0,74.0,67.0,84.4,59.5,54.4,71.0,1,5,0,1,29,7.8,6,1,0,87.6,27,2,0,591,4,347,651,30,0,0,30,0,4,621,41,263,22,29,54,2,34,8,0,271,192,10.0
Jahlani Tavai,51055,LB,NE,12,25,0,79.2,0,0,19,0,0,43.4,55.5,66.0,68.5,65.1,58.5,0,11,0,1,38,11.2,10,3,2,108.9,38,1,0,459,7,297,682,170,0,0,170,0,1,512,65,320,44,24,54,6,48,12,2,426,236,11.2
Julian Love,51081,S,SEA,11,14,0,69.2,0,1,29,0,0,71.6,76.4,87.4,51.9,81.7,82.4,0,0,0,2,76,8.4,7,3,0,91.0,27,0,0,145,5,412,688,18,0,0,18,0,429,670,7,269,91,21,62,3,39,0,3,252,155,9.3
Ben Niemann,51099,LB,DET,7,3,0,100.0,0,0,11,0,0,66.0,67.2,78.6,51.7,67.9,80.9,0,2,0,0,36,0.0,0,0,0,118.8,2,0,0,38,0,23,70,26,0,0,26,0,0,44,11,36,6,5,6,0,2,2,0,39,43,19.5
Marcelino McCrary-Ball,51112,LB,NYJ,2,0,0,,0,0,22,0,0,60.0,75.4,64.7,,60.6,,0,0,0,0,,,0,0,0,0.0,0,0,0,3,0,1,3,0,0,0,0,0,0,3,0,2,0,0,0,0,0,0,0,0,0,
Taylor Rapp,51172,S,BUF,10,13,1,52.9,0,0,4,0,0,52.2,61.8,86.1,65.1,81.8,90.0,0,0,0,2,33,3.6,2,3,1,34.6,9,0,0,185,0,355,564,10,0,0,10,0,325,554,5,204,44,9,40,2,17,0,0,114,71,12.7
P.J. Locke,51189,S,DEN,10,8,0,68.0,0,0,10,0,0,56.8,56.9,59.3,69.1,55.4,62.5,0,2,0,0,57,12.7,7,2,1,110.8,17,2,0,186,5,430,664,14,0,0,14,0,382,650,14,220,77,13,40,2,25,4,2,152,78,8.9
Minkah Fitzpatrick,51206,S,PIT,11,14,0,75.0,1,0,25,0,0,62.4,66.1,52.8,57.4,77.6,82.1,0,0,0,0,48,7.8,5,2,2,135.4,18,0,0,87,11,423,672,2,0,0,2,0,546,670,2,247,26,7,45,0,24,0,2,248,90,13.8
Fred Warner,51222,LB,SF,11,21,0,87.5,0,4,28,0,0,90.9,90.0,56.3,54.1,75.0,63.9,1,2,1,2,25,11.3,11,3,1,92.7,35,1,0,590,1,356,650,8,0,0,8,0,2,642,23,271,48,36,65,3,40,4,2,290,197,8.3
Drue Tranquill,51276,LB,KC,11,20,0,80.0,1,0,16,1,0,48.0,59.8,83.7,70.8,65.8,52.5,4,4,0,0,15,14.1,9,0,2,112.0,20,2,0,390,2,247,545,105,0,0,105,0,1,440,78,220,47,18,35,2,25,10,1,192,136,9.6
Mike Edwards,51282,S,TB,3,1,0,25.0,0,0,30,0,0,75.8,81.3,76.3,,60.0,76.4,0,0,0,0,5,0.0,0,1,0,39.6,1,0,0,3,0,29,32,0,0,0,0,0,28,32,0,3,1,0,1,0,4,0,0,5,2,5.0
Kristian Welch,51283,LB,BLT,6,0,0,66.7,0,0,3,0,0,54.2,56.0,72.3,,58.8,80.0,0,0,0,0,12,0.0,0,0,0,78.5,2,0,0,43,0,11,45,0,0,0,0,0,0,45,0,34,2,3,6,0,3,0,0,15,21,7.5
Terrell Edmunds,51334,S,PIT,6,0,0,40.0,0,0,25,0,0,68.4,71.6,78.4,54.5,72.3,81.2,0,0,0,0,25,0.0,0,1,0,62.1,2,0,0,21,7,56,69,2,0,0,2,0,20,67,3,10,19,2,4,0,5,0,0,32,13,16.0
Will Harris,51336,S,NO,7,6,0,52.4,0,1,20,0,0,56.2,55.4,47.9,53.0,58.9,48.0,0,1,0,1,30,18.2,6,1,1,72.9,11,0,0,111,16,279,435,49,0,0,49,0,202,386,15,141,57,6,21,1,21,1,1,157,76,14.3
Derwin James Jr.,51368,S,LAC,10,12,3,77.8,0,0,27,0,0,64.9,69.0,0.0,76.1,78.7,80.0,0,7,0,0,55,8.7,6,2,4,120.9,28,3,0,187,4,356,627,46,0,0,46,0,172,581,48,223,218,18,51,3,36,10,2,309,135,11.0
Amani Hooker,51378,S,TEN,10,8,0,55.6,0,2,31,0,0,61.8,65.1,82.8,66.6,67.7,68.1,2,3,0,3,22,8.5,4,2,1,41.8,15,0,0,160,3,341,601,28,0,0,28,0,339,573,9,251,71,13,35,4,27,5,1,134,97,8.9
Marcus Epps,51391,S,LV,3,4,0,92.3,0,0,23,0,0,44.0,46.9,79.6,70.8,63.5,32.2,0,0,0,0,23,25.9,7,0,0,109.3,12,0,0,35,0,103,176,4,0,0,4,0,115,172,4,69,22,7,16,1,13,0,0,133,61,11.1
Roderic Teamer,51405,S,NO,1,0,0,,0,0,20,0,0,,59.9,60.0,,60.0,,0,0,0,0,,,0,0,0,0.0,0,0,0,0,0,0,1,0,0,0,0,0,0,1,0,1,0,0,0,0,0,0,0,0,0,
Jaylinn Hawkins,51423,S,NE,12,6,0,69.2,0,0,19,0,0,57.5,58.9,83.8,48.6,63.9,50.4,0,0,0,0,16,18.4,7,1,0,114.6,9,0,0,152,16,261,466,26,0,0,26,0,226,440,17,188,45,4,25,1,13,0,1,91,33,10.1
Kaden Elliss,51485,LB,ATL,11,22,0,84.8,0,0,2,1,0,51.7,64.7,86.9,75.2,70.7,63.1,9,12,0,0,41,12.3,14,1,0,120.5,39,1,0,569,0,357,730,123,0,0,123,0,1,607,81,292,35,35,78,5,46,22,3,354,184,9.1
J.T. Gray,51495,S,NO,6,0,0,,0,1,20,0,0,59.5,57.3,76.7,60.0,55.3,44.7,0,1,0,0,,25.0,1,0,0,0.0,0,0,0,6,1,26,37,1,0,0,1,0,26,36,1,10,2,0,3,0,0,1,0,0,0,
Kenny Moore II,51596,CB,IND,10,11,0,71.2,0,0,14,1,1,77.9,78.3,84.6,73.4,70.1,48.9,1,0,0,1,24,15.2,10,3,1,109.0,37,1,0,109,171,361,695,27,0,0,27,0,4,668,14,320,384,28,45,4,52,2,5,294,193,7.9
Nicholas Morrow,51674,LB,BUF,5,1,0,100.0,0,0,4,0,0,35.4,47.9,73.2,,71.7,76.4,0,0,0,0,26,0.0,0,0,0,158.3,4,0,0,38,0,25,44,3,0,0,3,0,0,41,0,19,3,1,1,0,4,0,1,53,19,13.3
Khyiris Tonga,52000,DI,ARZ,10,5,0,,0,0,1,0,0,60.0,58.5,81.9,59.8,56.2,46.9,0,5,0,0,,12.5,2,0,0,0.0,0,0,0,0,0,0,181,181,131,48,0,2,0,0,79,102,0,7,9,0,0,5,0,0,0,
Claudin Cherelus,52094,LB,CAR,4,4,0,75.0,0,0,5,0,0,61.6,71.3,76.7,76.3,72.0,56.0,1,0,0,0,15,14.3,2,0,0,85.4,3,0,0,91,0,51,106,4,0,0,4,0,0,102,4,51,10,5,8,0,4,1,0,20,15,6.7
Paulson Adebo,52280,CB,NO,7,5,0,59.6,2,0,20,0,0,63.9,63.3,84.5,91.5,47.6,66.2,1,1,0,3,65,10.3,6,7,9,67.0,34,0,0,33,381,281,436,0,0,0,0,0,1,436,2,153,21,10,47,1,57,2,1,428,180,12.6
Ivan Pace Jr.,53587,LB,MIN,9,17,0,82.6,0,0,18,1,1,33.5,63.8,0.3,83.2,85.6,47.3,4,8,0,0,28,15.5,9,0,2,135.5,19,3,0,337,0,152,361,17,0,0,17,0,1,344,62,147,6,26,32,4,23,15,2,220,129,11.6
Carrington Valentine,53750,CB,GB,7,7,0,75.0,0,0,12,0,0,52.7,52.5,83.1,56.2,51.8,45.3,0,0,0,0,31,19.0,4,1,1,111.5,9,0,0,13,197,130,223,7,0,0,7,0,0,216,1,92,6,2,10,0,12,0,0,135,87,15.0
C.J. Brewer,54409,DI,TB,9,2,2,,0,0,30,0,0,55.1,43.3,42.4,57.7,44.0,28.2,1,1,0,0,,23.1,3,0,1,0.0,0,1,0,0,0,3,149,149,22,98,5,24,0,0,93,53,0,4,8,1,0,3,0,0,0,
Tarron Jackson,54410,ED,CAR,3,0,0,,0,0,5,0,0,60.0,41.2,75.7,53.9,39.8,21.3,0,1,0,0,,100.0,2,0,0,0.0,0,0,0,1,0,1,28,27,0,0,27,0,0,1,16,11,0,0,0,0,0,1,0,0,0,
Benton Whitley,54444,ED,NYG,1,0,0,,0,0,21,0,0,,57.9,67.7,59.1,60.0,,0,0,0,0,,,0,0,0,0.0,0,0,0,0,0,0,2,2,0,0,2,0,0,0,1,1,0,0,0,0,0,0,0,0,0,
Brock Hoffman,54535,G,DAL,1,0,0,,0,0,9,0,0,,57.5,72.1,60.0,,,0,0,0,0,,,0,0,1,0.0,0,0,0,0,0,0,1,0,0,0,0,0,0,1,1,0,0,0,0,0,0,0,0,0,0,
Charlie Jones,55038,WR,CIN,1,0,0,,0,0,7,0,0,60.7,70.2,60.0,,,,0,0,0,0,,,0,0,0,0.0,0,0,0,0,0,1,1,0,0,0,0,0,0,1,0,0,0,0,0,0,0,0,0,0,0,
Darrick Forrest,55087,S,WAS,3,1,0,,0,0,32,0,0,63.3,67.4,69.4,,63.6,80.0,0,0,0,0,,0.0,0,0,0,0.0,0,0,0,6,0,5,11,0,0,0,0,0,5,11,0,6,0,0,2,0,0,0,0,0,0,
Coby Bryant,55088,S,SEA,9,2,0,80.0,0,1,29,0,0,67.2,69.9,86.1,54.4,70.2,73.9,0,2,1,2,23,8.3,3,3,0,65.4,8,0,0,42,1,244,389,7,0,0,7,0,312,382,3,142,27,8,31,1,10,2,0,92,11,11.5
Boye Mafe,55220,ED,SEA,9,7,1,66.7,0,1,29,0,0,62.1,71.9,67.4,64.1,77.0,65.0,4,22,0,0,15,25.0,7,1,1,79.9,4,5,0,12,1,48,393,368,0,0,366,2,1,25,218,127,11,13,14,2,6,31,0,32,18,8.0
Esezi Otomewo,55221,DI,JAX,4,2,0,,0,0,15,0,0,59.8,46.6,80.0,71.5,29.8,70.9,1,6,0,0,,0.0,0,0,0,0.0,0,1,0,0,0,2,90,90,0,77,0,13,0,0,53,35,0,1,1,0,0,8,0,0,0,
Mark Robinson,55265,LB,PIT,2,0,0,,0,0,25,0,0,61.8,63.1,64.6,,60.0,,0,0,0,0,,,0,0,0,0.0,0,0,0,2,0,2,3,0,0,0,0,0,0,3,0,1,1,0,0,0,0,0,0,0,0,
Tycen Anderson,55351,S,CIN,1,0,0,,0,0,7,0,0,60.7,70.9,60.0,,,,0,0,0,0,,,0,0,0,0.0,0,0,0,0,0,1,1,0,0,0,0,0,0,1,0,0,0,0,0,0,0,0,0,0,0,
Kalia Davis,55389,DI,SF,7,2,1,,0,0,28,0,0,65.4,47.0,81.6,50.6,43.1,45.0,0,0,0,1,,14.3,1,0,0,0.0,0,0,0,0,0,1,136,136,4,121,0,11,0,0,63,72,0,3,4,0,0,0,0,0,0,
Ja'Sir Taylor,55426,CB,LAC,9,4,0,65.2,0,0,27,1,0,67.0,65.9,18.4,44.6,74.3,75.9,0,3,0,0,42,5.6,1,3,1,135.3,15,0,0,17,8,185,249,8,0,0,8,0,1,241,9,55,215,6,13,1,23,3,3,217,68,14.5
Elijah Hicks,55584,S,CHI,6,12,0,57.1,0,0,6,2,0,60.6,67.6,86.4,,77.8,79.1,0,0,0,0,21,6.3,2,1,1,125.0,4,0,0,63,0,176,306,11,0,0,11,0,206,295,0,130,26,0,18,0,7,0,1,60,3,15.0
A.J. Terrell,55586,CB,ATL,11,8,0,72.3,0,0,2,0,0,64.1,67.3,87.3,57.7,76.5,52.9,0,1,0,2,40,15.6,10,1,2,90.1,34,0,0,34,680,432,720,5,0,0,5,0,0,715,1,287,1,13,46,1,47,1,2,353,116,10.4
Josh Blackwell,55589,CB,CHI,6,0,0,62.5,0,0,6,0,0,61.2,58.1,78.0,54.5,45.3,43.2,0,2,0,1,15,25.0,2,0,0,41.7,5,0,0,10,1,75,102,2,0,0,2,0,4,100,6,21,85,1,6,0,8,2,0,52,28,10.4
Marco Wilson,55592,CB,NE,10,2,0,73.3,0,0,19,0,0,51.2,49.8,82.4,,43.6,45.4,0,0,0,0,25,17.6,3,0,2,122.4,11,0,0,10,170,129,206,1,0,0,1,0,0,205,0,77,25,4,12,0,15,0,1,133,39,12.1
Lonnie Johnson Jr.,55615,S,CAR,3,0,0,,0,0,5,0,0,67.9,73.6,95.4,,65.1,73.0,0,0,0,0,,0.0,0,0,0,0.0,0,0,0,0,0,4,9,2,0,0,2,0,2,7,0,5,4,0,1,0,0,0,0,0,0,
Amik Robertson,55619,CB,DET,11,2,0,62.7,1,2,11,0,0,57.1,58.4,32.8,50.8,79.7,53.0,0,0,0,0,47,17.1,7,3,2,92.4,32,0,0,13,9,272,349,0,0,0,0,0,4,349,14,63,323,16,32,3,51,0,1,386,175,12.1
Russ Yeast,55629,CB,CAR,1,0,0,,0,0,5,0,0,60.0,61.1,64.1,,,,0,0,0,0,,,0,0,0,0.0,0,0,0,1,0,1,1,0,0,0,0,0,0,1,0,0,0,0,0,0,0,0,0,0,0,
Jeff Okudah,55674,CB,HST,1,0,0,100.0,0,0,13,0,0,48.5,50.2,82.2,,60.0,76.8,0,0,0,0,64,0.0,0,0,0,158.3,3,0,0,0,11,9,13,0,0,0,0,0,0,13,0,4,1,2,3,0,3,0,1,71,56,23.7
Tre Brown,55677,CB,SEA,6,1,0,64.7,0,0,29,0,0,50.1,52.0,83.1,56.2,62.3,75.0,0,0,0,0,41,5.0,1,1,2,136.6,11,0,0,7,237,164,247,0,0,0,0,0,0,247,1,82,3,3,18,0,17,0,2,169,12,15.4
Deommodore Lenoir,55686,CB,SF,11,11,0,63.2,5,1,28,0,0,72.6,67.4,6.4,44.6,61.1,57.7,0,0,0,2,29,14.5,11,4,6,68.0,43,0,0,108,155,388,674,1,0,0,1,0,1,673,13,273,408,21,54,2,68,0,0,415,203,9.7
Marcus Jones,55717,CB,NE,12,5,0,61.4,2,0,19,1,0,63.7,66.3,49.4,45.0,84.1,79.5,0,2,0,1,45,9.3,5,5,5,94.2,35,0,0,36,201,339,527,4,0,0,4,0,40,523,13,175,246,13,44,1,57,2,3,420,136,12.0
Darious Williams,55724,CB,LA,7,3,0,77.8,0,0,26,0,0,64.5,63.2,85.4,,52.1,45.1,0,0,0,0,30,16.7,5,3,0,124.8,21,0,0,28,404,255,437,2,0,0,2,0,1,435,0,182,2,8,22,1,27,0,1,297,81,14.1
Ja'Marcus Ingram,55738,CB,BUF,8,2,0,68.8,0,0,4,0,0,62.3,67.6,0.0,92.7,74.9,62.6,0,1,1,2,24,12.5,1,2,1,71.1,11,1,0,6,3,82,98,5,0,0,5,0,2,93,3,13,82,4,5,0,16,2,1,117,70,10.6
Faion Hicks,55748,CB,SEA,2,0,0,,0,0,29,0,0,60.0,68.9,69.3,,67.1,74.9,0,0,0,0,,0.0,0,0,0,0.0,0,0,0,6,3,1,14,0,0,0,0,0,0,14,0,13,5,0,2,0,0,0,0,0,0,
Xavier McKinney,55775,S,GB,11,12,0,60.0,0,0,12,1,0,89.9,87.4,25.5,70.3,71.3,71.9,0,2,0,7,33,9.3,5,2,2,49.2,12,1,0,228,3,402,682,27,0,0,27,0,378,655,9,271,46,9,37,1,20,3,0,176,63,14.7
Montaric Brown,55797,CB,JAX,11,10,0,71.2,0,0,15,0,0,64.5,67.9,85.9,,75.4,76.9,0,0,0,1,45,6.8,4,2,3,99.6,37,0,0,45,482,326,543,6,0,0,6,0,0,537,0,217,10,20,45,5,52,0,2,417,136,11.3
Kamren Curl,55800,S,LA,11,11,1,70.8,0,0,26,1,1,53.4,61.3,86.0,69.9,72.1,76.3,0,5,0,0,66,11.1,7,3,2,150.2,17,0,0,208,0,335,654,23,0,0,23,0,358,631,20,299,65,11,45,0,24,5,4,285,158,16.8
Arron Mosby,55908,ED,GB,4,0,0,,0,0,12,0,0,62.0,59.1,77.9,55.2,60.8,71.9,0,1,0,0,,0.0,0,0,0,0.0,0,1,0,0,0,2,28,28,0,0,28,0,0,0,16,10,0,1,1,0,0,2,0,0,0,
Eric Stokes,55912,CB,GB,11,3,0,65.8,0,0,12,0,0,49.7,50.0,84.1,,50.4,75.9,0,0,0,0,31,6.7,2,0,1,106.6,25,0,0,35,326,244,376,7,0,0,7,0,0,369,0,132,8,4,25,0,38,0,2,293,87,11.7
Ameer Speed,55918,CB,CHI,1,0,0,,0,0,6,0,0,61.5,63.3,66.0,,60.0,,0,0,0,0,,,0,0,0,0.0,0,0,0,1,2,2,3,0,0,0,0,0,0,3,0,1,0,0,0,0,0,0,0,0,0,
Grant Stuard,55933,LB,IND,6,9,0,78.6,0,0,14,0,0,61.6,65.7,73.3,54.9,68.0,56.8,0,0,0,0,18,11.1,3,0,0,87.2,11,0,0,136,1,75,172,10,0,0,10,0,1,162,4,93,24,8,15,1,14,0,0,69,71,6.3
Bryan Cook,55940,S,KC,11,11,0,64.3,0,0,16,0,0,52.7,58.5,87.7,55.1,74.6,75.4,0,0,0,1,38,8.2,5,0,0,84.8,18,0,0,199,1,434,661,14,0,0,14,0,355,647,2,225,92,8,45,0,28,0,1,216,72,12.0
Nate Hobbs,55948,CB,LV,9,5,0,67.6,0,0,23,0,0,63.4,63.4,83.6,49.3,64.3,44.6,1,2,0,1,35,18.8,9,3,0,101.0,25,0,0,97,101,262,474,27,0,0,27,0,2,447,21,191,247,14,34,2,37,3,3,238,160,9.5
Tony Adams,55953,S,NYJ,8,16,0,78.6,0,0,22,0,0,73.1,69.0,82.7,58.4,54.8,54.0,0,1,0,0,44,15.9,10,5,2,118.5,11,1,0,235,2,251,465,8,0,0,8,0,161,457,10,204,59,12,37,2,14,2,0,174,96,15.8
Geno Stone,55967,S,CIN,11,11,0,75.0,0,0,7,1,0,44.6,46.6,89.0,54.1,52.0,49.5,2,1,0,1,27,18.3,13,1,0,103.5,18,0,0,139,3,429,727,26,0,0,26,0,528,701,11,287,31,6,47,0,24,3,2,164,76,9.1
Markquese Bell,56033,S,DAL,8,0,0,,0,0,9,0,0,63.2,51.6,0.0,,57.4,41.6,0,0,0,0,,25.0,1,0,1,0.0,0,0,0,11,0,6,34,6,0,0,6,0,14,28,0,28,3,2,3,0,0,0,0,0,0,
Mike Brown,56054,S,TEN,6,6,0,60.0,0,0,31,0,0,64.9,66.0,87.5,60.0,61.3,82.9,0,1,0,0,25,0.0,0,1,1,75.0,6,0,0,49,1,146,220,3,0,0,3,0,151,217,1,73,16,6,15,0,10,1,0,55,28,9.2
Benjamin St-Juste,56061,CB,WAS,12,5,0,66.7,1,1,32,0,0,50.8,51.8,87.2,,53.7,70.2,0,0,0,0,41,6.6,4,7,6,113.7,44,0,0,42,617,388,687,8,0,0,8,0,0,679,0,299,20,9,52,0,66,0,4,568,123,12.9
Reed Blankenship,56065,S,PHI,11,15,0,85.7,0,0,24,1,0,75.8,78.9,86.0,,78.7,59.1,0,0,0,3,24,13.9,10,2,1,61.5,24,0,0,143,2,392,610,2,0,0,2,0,433,608,0,218,30,13,47,0,28,0,0,231,102,9.6
Ty Okada,56089,S,SEA,2,2,0,,0,0,29,0,0,59.4,54.4,73.4,,51.0,28.6,0,0,0,0,,40.0,2,0,0,0.0,0,0,0,6,0,21,31,0,0,0,0,0,25,31,0,10,0,0,1,0,0,0,0,0,0,
Damarri Mathis,56143,CB,DEN,4,0,0,0.0,0,0,10,0,0,78.5,77.9,82.1,,64.4,72.8,0,0,0,0,,0.0,0,1,0,39.6,0,0,0,0,17,13,20,0,0,0,0,0,0,20,0,7,1,0,1,0,2,0,0,0,0,
Jason Pinnock,56144,S,NYG,10,13,0,83.3,1,0,21,0,0,55.8,61.1,88.2,91.5,58.6,45.8,0,2,0,0,29,18.5,10,1,2,106.6,10,3,0,112,1,340,589,11,0,0,11,0,413,578,13,236,52,8,31,0,12,5,0,115,26,11.5
Tre Avery,56146,CB,TEN,2,0,0,,0,0,31,0,0,62.4,63.1,66.8,,,,0,0,0,0,,,0,0,0,0.0,0,0,0,0,2,2,2,0,0,0,0,0,0,2,0,0,0,0,0,0,0,0,0,0,0,
DaRon Bland,56158,CB,DAL,1,3,0,100.0,0,0,9,0,0,77.5,70.5,77.5,,40.3,81.2,0,0,0,0,20,12.5,1,0,0,95.8,4,0,0,4,53,35,58,0,0,0,0,0,0,58,0,23,1,1,4,0,4,0,0,28,1,7.0
Marte Mapu,56159,S,NE,7,12,0,76.2,0,0,19,0,0,56.5,58.1,83.5,77.8,56.8,50.1,0,0,0,0,20,18.2,6,3,0,97.1,16,1,0,174,9,197,374,19,0,0,19,0,117,355,8,169,54,7,15,1,21,1,0,159,84,9.9
Keisean Nixon,56167,CB,GB,11,14,0,65.9,0,2,12,0,0,55.9,60.9,54.4,93.0,66.4,62.7,2,1,0,0,27,12.5,7,3,4,112.2,29,2,0,77,329,383,631,2,0,0,2,0,2,629,8,240,221,15,35,1,44,5,4,263,67,9.1
Christian Braswell,56207,CB,JAX,2,0,0,100.0,0,0,15,0,0,74.9,71.4,74.0,,51.6,84.2,0,0,0,0,10,0.0,0,0,0,93.8,4,0,0,5,1,30,42,0,0,0,0,0,0,42,0,12,36,1,3,0,4,0,0,26,38,6.5
Quentin Lake,56245,S,LA,11,20,0,65.7,1,0,26,0,0,56.1,61.4,57.5,67.2,72.5,70.6,1,2,0,0,46,10.0,9,1,5,103.2,23,2,0,158,2,389,727,21,0,0,21,0,310,706,10,328,236,18,61,0,35,5,1,309,105,13.4
Darnay Holmes,56247,CB,LV,5,5,0,77.8,0,0,23,0,0,51.9,57.3,79.8,48.6,80.1,65.5,0,1,0,0,15,10.5,2,1,1,87.5,14,0,0,25,10,96,156,11,0,0,11,0,0,145,12,48,110,2,12,1,18,1,0,90,71,6.4
Jaylon Johnson,56259,CB,CHI,11,3,0,55.6,0,0,6,0,0,63.8,68.3,87.6,,83.1,37.5,0,0,0,2,60,21.6,8,3,2,69.3,20,0,0,17,618,381,660,16,0,0,16,0,2,644,0,279,7,10,26,4,36,0,1,301,129,15.1
Elijah Molden,56290,S,LAC,11,18,0,68.8,0,0,27,1,0,75.9,75.9,85.7,59.7,66.1,74.8,0,0,0,3,18,10.0,5,2,0,45.8,11,0,0,53,5,356,523,0,0,0,0,0,435,523,1,166,30,8,27,0,16,0,0,100,29,9.1
Devon Key,56307,S,DEN,8,8,0,44.4,0,0,10,0,0,55.0,60.1,4.2,68.8,79.2,80.3,0,0,0,0,23,5.0,1,0,1,102.1,4,1,0,51,4,119,198,3,0,0,3,0,117,195,2,77,22,1,11,0,9,1,1,56,15,14.0
Jose Ramirez,56323,ED,TB,1,0,0,,0,0,30,0,0,,32.6,0.0,50.2,60.0,,0,1,0,0,,,0,0,1,0.0,0,0,0,0,0,0,14,14,0,0,13,1,0,0,13,1,0,0,0,0,0,1,0,0,0,
Victor Dimukeje,56347,ED,ARZ,7,1,0,0.0,0,1,1,0,0,92.5,81.4,80.7,72.0,54.2,49.7,5,1,0,0,,12.5,1,0,0,39.6,0,0,0,3,0,12,100,93,0,0,92,1,0,7,39,49,4,4,6,2,1,6,0,0,0,
Zach Carter,56349,DI,LV,6,3,0,,0,0,23,0,0,60.0,39.2,44.5,49.4,42.9,56.9,0,1,0,0,,10.0,1,0,1,0.0,0,1,0,0,0,0,159,159,6,137,4,12,0,0,83,76,0,5,6,0,0,2,0,0,0,
A.J. Epenesa,56369,ED,BUF,11,5,1,100.0,1,1,4,0,0,53.5,57.3,43.3,55.9,65.6,60.7,5,4,0,0,28,9.5,2,1,3,118.8,1,5,0,0,1,9,408,406,0,6,374,26,1,2,246,153,0,16,14,0,1,14,0,28,24,28.0
Andre Jones Jr.,56395,ED,WAS,2,0,0,,0,0,32,0,0,60.0,39.3,77.0,52.7,42.2,69.2,0,0,0,0,,0.0,0,0,0,0.0,0,0,0,0,0,1,17,17,0,0,17,0,0,0,7,9,0,1,1,0,0,0,0,0,0,
Neil Farrell Jr.,56401,DI,MIA,5,1,0,,0,0,17,0,0,60.0,39.9,5.9,54.9,50.9,28.4,1,1,0,0,,0.0,0,0,1,0.0,0,0,0,0,0,0,58,58,14,44,0,0,0,0,33,25,0,0,1,0,0,2,0,0,0,
Earnest Brown IV,56428,DI,TB,3,0,0,,0,0,30,0,0,,56.0,75.7,53.0,59.0,,0,0,0,0,,,0,0,0,0.0,0,0,0,0,0,0,21,21,0,4,8,9,0,0,7,14,0,0,0,0,0,0,0,0,0,
Chase Young,56436,ED,NO,11,2,1,,0,1,20,0,0,85.5,59.0,62.0,62.3,45.6,65.3,9,25,0,0,,15.8,3,0,2,0.0,0,5,0,2,0,14,499,494,0,6,446,42,0,5,332,153,3,14,14,4,0,39,0,0,0,
Yetur Gross-Matos,56444,ED,SF,5,2,0,,0,0,28,0,0,,57.1,84.8,61.3,50.8,38.6,2,7,0,0,,25.0,2,0,0,0.0,0,1,0,0,0,0,163,163,0,19,115,29,0,0,89,74,0,2,4,0,0,10,0,0,0,
Patrick Johnson,56460,ED,NYG,4,2,0,,0,0,21,0,0,,50.3,77.8,56.7,50.5,29.1,1,0,0,0,,25.0,1,0,0,0.0,0,0,0,0,0,0,35,35,0,0,35,0,0,0,13,22,0,1,1,0,0,1,0,0,0,
LaBryan Ray,56501,DI,CAR,10,9,0,,0,0,5,0,0,62.7,38.9,69.1,47.2,39.3,77.4,0,4,0,0,,0.0,0,0,1,0.0,0,1,0,0,0,0,400,399,0,252,14,133,0,1,182,218,0,12,19,0,0,5,0,0,0,
Phidarian Mathis,56504,DI,WAS,12,8,1,,0,0,32,0,0,66.5,32.3,58.4,55.7,29.0,52.5,0,7,0,0,,5.9,1,0,1,0.0,0,0,0,0,0,0,257,257,40,205,0,12,0,0,126,131,0,7,8,2,0,7,0,0,0,
D.J. Davidson,56523,DI,NYG,11,7,0,,0,0,21,2,0,75.6,40.5,34.9,61.6,34.6,49.8,0,6,0,0,,8.7,2,0,2,0.0,0,2,0,1,0,2,251,250,86,138,0,26,0,1,105,144,0,11,14,0,0,8,0,0,0,
T.J. Slaton,56597,DI,GB,11,9,0,,0,0,12,0,0,60.0,44.0,40.1,60.6,43.8,28.7,2,8,0,0,,17.4,4,0,2,0.0,0,1,0,0,0,0,282,282,42,228,1,11,0,0,127,155,0,10,10,0,0,11,0,0,0,
Malik Herring,56616,ED,KC,11,2,0,100.0,0,0,16,0,0,61.3,64.7,85.0,62.6,60.6,75.9,2,6,0,0,7,0.0,0,0,0,95.8,1,0,0,0,0,3,138,138,0,9,116,13,0,0,69,66,0,4,6,1,1,8,0,7,3,7.0
Payton Turner,56624,ED,NO,10,4,3,,0,2,20,0,0,60.0,66.5,59.4,76.1,51.1,37.8,1,5,0,0,,21.4,3,0,1,0.0,0,2,0,0,0,0,203,202,1,5,160,36,0,1,119,84,0,7,7,1,0,8,0,0,0,
Mike Greene,56664,DI,TB,3,1,0,,0,0,30,0,0,,59.4,77.9,54.9,62.3,68.7,0,0,0,0,,0.0,0,0,0,0.0,0,0,0,0,0,0,58,58,0,34,3,21,0,0,33,25,0,1,1,0,0,0,0,0,0,
Quinton Bohanna,56673,DI,SEA,1,0,0,,0,0,29,0,0,,65.9,71.9,60.0,62.3,,0,0,0,0,,,0,0,0,0.0,0,0,0,0,0,0,6,6,3,3,0,0,0,0,1,5,0,0,0,0,0,0,0,0,0,
Milton Williams,56682,DI,PHI,11,2,0,,0,1,24,1,0,60.3,73.3,84.1,85.7,50.5,64.6,2,9,0,0,,9.1,1,0,0,0.0,0,6,0,1,0,1,296,295,8,223,14,50,0,1,173,122,0,9,8,2,0,17,0,0,0,
DJ Johnson,56704,ED,CAR,9,11,1,100.0,1,0,5,0,0,62.6,55.6,34.3,53.6,60.1,67.4,0,0,0,0,3,6.5,2,0,2,118.8,1,1,0,3,0,17,264,257,0,0,256,1,0,7,89,158,4,12,18,0,1,1,1,3,1,3.0
Kwity Paye,56713,ED,IND,10,5,0,,0,1,14,0,0,76.6,67.1,90.0,58.8,62.9,59.3,3,18,0,0,,7.4,2,0,0,0.0,0,6,0,2,1,5,468,465,0,2,459,4,0,3,269,194,0,21,20,3,0,27,0,0,0,
Jordan Elliott,56734,DI,SF,10,4,0,,0,0,28,0,0,62.2,55.1,34.5,49.9,62.0,48.2,1,2,0,0,,12.5,2,0,2,0.0,0,0,0,0,0,0,264,263,25,209,0,29,0,1,127,137,0,7,10,1,0,3,0,0,0,
Jordon Riley,56759,DI,NYG,6,0,0,,0,0,21,0,0,,54.8,78.3,64.8,52.2,69.7,0,1,0,0,,0.0,0,0,0,0.0,0,0,0,0,0,0,35,35,29,6,0,0,0,0,11,24,0,4,4,1,0,1,0,0,0,
Kurt Hinish,56787,DI,HST,6,3,0,,0,0,13,0,0,,58.9,81.0,62.2,55.3,29.0,0,1,0,0,,25.0,2,0,0,0.0,0,0,0,0,0,0,114,114,8,97,0,9,0,0,60,54,0,2,3,0,0,1,0,0,0,
Isaiah Thomas,56798,ED,DET,2,2,0,100.0,0,0,11,1,0,72.2,62.4,80.8,58.6,55.0,72.6,0,1,0,0,0,0.0,0,0,0,79.2,1,0,0,0,0,2,46,46,0,0,45,1,0,0,19,25,0,1,1,0,1,1,0,0,1,0.0
Javon Kinlaw,56834,DI,NYJ,11,6,0,,2,1,22,1,0,59.6,53.1,14.2,68.9,48.7,35.3,3,15,0,0,,15.2,5,0,5,0.0,0,3,0,0,0,1,441,441,5,228,4,204,0,0,237,203,0,21,22,1,0,21,0,0,0,
Kingsley Jonathan,56856,ED,BUF,1,0,0,,0,0,4,0,0,,65.2,70.6,64.2,60.0,,1,0,0,0,,,0,0,0,0.0,0,0,0,0,0,0,7,7,0,0,7,0,0,0,6,1,0,0,0,0,0,1,0,0,0,
Arnold Ebiketie,56862,ED,ATL,11,4,1,50.0,0,0,2,0,0,74.8,67.3,65.8,63.9,61.4,74.6,6,13,0,0,4,4.5,1,0,1,56.3,1,1,0,0,0,30,369,368,0,1,363,4,0,1,219,120,1,12,17,1,2,20,0,4,1,4.0
Ta'Quon Graham,56868,DI,ATL,10,2,0,,1,0,2,0,0,60.0,63.9,51.6,58.7,67.4,58.8,1,4,0,0,,8.3,1,0,2,0.0,0,0,0,0,0,1,193,193,8,133,3,49,0,0,107,85,0,8,9,0,0,5,0,0,0,
Micheal Clemons,56872,ED,NYJ,11,7,0,,0,0,22,0,0,67.3,51.9,76.2,58.1,44.8,56.0,4,14,0,0,,13.0,3,0,1,0.0,0,4,0,4,0,1,431,427,0,12,394,21,0,4,230,200,0,13,13,0,0,22,0,0,0,
Jayden Peevy,56876,DI,CAR,4,2,1,,0,1,5,0,0,59.5,67.7,79.2,72.1,56.5,72.0,2,1,0,0,,0.0,0,0,0,0.0,0,2,0,0,0,1,84,84,1,44,8,31,0,0,52,31,0,4,3,0,0,5,0,0,0,
Jaelan Phillips,56902,ED,MIA,4,2,1,66.7,0,0,17,0,0,60.4,66.1,40.4,65.2,67.5,33.2,1,5,0,0,9,28.6,2,0,1,74.3,2,1,0,2,0,18,134,130,0,0,128,2,0,4,66,50,2,3,3,0,3,7,0,12,16,6.0
Jay Tufele,56913,DI,CIN,7,5,1,,0,0,7,0,0,60.0,43.7,82.3,56.5,42.7,30.2,0,2,0,0,,23.1,3,0,0,0.0,0,1,0,0,0,0,167,167,24,136,0,7,0,0,78,89,0,3,5,1,0,3,0,0,0,
Dayo Odeyingbo,56923,ED,IND,12,7,0,,0,0,14,1,0,73.0,65.7,78.8,65.2,54.7,28.1,10,19,0,0,,27.6,8,0,1,0.0,0,4,0,3,1,1,550,546,8,33,425,80,0,4,323,226,0,15,14,5,0,33,0,0,0,
DeAngelo Malone,56941,ED,ATL,4,0,0,,0,0,2,0,0,78.5,49.8,76.4,56.3,29.8,29.0,0,1,0,0,,40.0,2,0,0,0.0,0,0,0,1,0,2,35,32,0,0,32,0,0,3,28,5,0,1,3,1,0,1,0,0,0,
Jordan Jackson,56957,DI,DEN,12,7,0,,0,0,10,0,0,60.1,41.9,31.1,53.1,44.0,62.0,1,6,0,0,,7.1,1,0,2,0.0,0,0,0,1,0,0,244,243,0,96,20,127,0,1,125,119,0,5,6,0,0,7,0,0,0,
James Lynch,56962,DI,TEN,11,5,0,,0,0,31,0,0,59.7,59.2,82.1,59.0,57.9,56.0,1,2,0,0,,10.0,1,0,0,0.0,0,0,0,0,0,1,142,142,3,100,14,25,0,0,78,63,0,3,4,1,0,3,0,0,0,
Brandon Pili,57036,DI,MIA,8,0,0,,0,0,17,0,0,,52.8,79.5,56.7,52.5,28.4,1,0,0,0,,33.3,1,0,0,0.0,0,0,0,0,0,0,69,69,12,52,1,4,0,0,20,49,0,2,2,0,0,1,0,0,0,
Troy Andersen,57317,LB,ATL,5,14,0,88.2,0,0,2,0,0,61.6,61.0,82.1,49.6,62.2,70.0,0,1,1,1,31,8.3,4,0,0,74.5,15,0,0,223,0,113,242,10,0,0,10,0,0,232,23,106,9,11,30,1,17,1,0,132,109,8.8
Raheem Blackshear,57385,HB,CAR,1,0,0,,0,0,5,0,0,60.7,82.6,67.6,,,,0,0,0,0,,,0,0,0,0.0,0,0,0,0,0,1,1,0,0,0,0,0,0,1,0,0,0,0,0,0,0,0,0,0,0,
Jack Gibbens,57662,LB,TEN,8,13,0,75.0,0,0,31,0,0,75.7,83.2,80.9,65.0,79.9,65.9,1,1,0,0,24,9.8,4,0,0,86.1,9,1,0,219,1,129,234,7,0,0,7,0,0,227,11,94,7,10,24,2,12,3,0,62,47,6.9
D'Marco Jackson,57691,LB,NO,4,4,0,100.0,0,0,20,0,0,60.7,61.0,79.1,52.3,62.3,80.3,0,0,0,0,10,0.0,0,0,0,97.9,2,0,0,25,0,26,67,39,0,0,39,0,0,28,8,33,2,2,3,0,2,0,0,15,9,7.5
Tony Fields II,57698,LB,CLV,1,1,0,,0,0,8,0,0,64.2,74.4,70.3,59.4,71.7,76.1,0,0,0,0,,0.0,0,0,0,0.0,0,0,0,11,0,5,14,2,0,0,2,0,0,12,1,8,1,1,1,0,0,0,0,0,0,
Jon Rhattigan,57718,LB,CAR,2,0,0,,0,0,5,0,0,60.7,81.0,99.9,,60.0,,0,0,0,0,,,0,0,0,0.0,0,0,0,0,0,1,2,0,0,0,0,0,0,2,0,1,0,0,0,0,0,0,0,0,0,
Chandler Wooten,57726,LB,CAR,2,2,0,100.0,0,0,5,0,0,70.5,59.6,73.9,66.3,50.3,30.0,0,0,0,0,3,33.3,3,0,0,79.2,1,0,0,55,0,16,59,0,0,0,0,0,0,59,3,40,4,1,4,0,1,0,0,3,0,3.0
K.J. Britt,57727,LB,TB,11,19,0,76.7,0,0,30,0,0,38.6,44.6,17.6,60.4,59.1,52.9,1,5,0,0,32,14.1,11,1,2,113.1,23,1,0,544,1,306,566,8,0,0,8,0,0,558,43,217,13,18,48,0,30,7,1,259,155,11.3
Jalen Pitre,57737,S,HST,12,16,1,75.0,0,1,13,0,0,71.3,73.9,57.0,60.7,79.5,55.1,2,5,0,1,69,16.2,12,5,4,122.2,39,0,0,188,0,377,660,30,0,0,30,0,8,630,49,234,434,23,46,5,52,7,5,419,215,10.7
Terrel Bernard,57739,LB,BUF,8,12,0,67.6,0,0,4,1,0,53.0,61.0,83.0,58.7,70.0,64.3,1,2,0,2,25,12.3,8,1,0,78.6,23,1,0,412,2,239,436,7,0,0,7,0,2,429,29,168,13,27,45,3,34,4,2,204,106,8.9
Isaiah McDuffie,57754,LB,GB,11,23,0,81.1,0,0,12,0,0,50.2,56.7,82.0,57.3,64.9,51.1,2,3,0,0,29,14.5,10,2,0,118.4,30,0,0,359,0,235,452,40,0,0,40,0,2,412,20,197,51,14,36,0,37,5,2,299,211,10.0
Baylon Spector,57782,LB,BUF,6,8,0,75.0,0,0,4,1,0,43.8,40.0,80.7,62.2,41.8,41.1,1,0,0,0,26,18.9,7,0,0,97.3,15,1,0,218,4,145,246,7,0,0,7,0,6,239,8,93,11,6,22,1,20,2,0,157,92,10.5
Nate Landman,57788,LB,ATL,7,21,0,95.5,0,3,2,0,0,69.3,72.9,37.4,50.6,76.4,72.8,0,1,0,0,27,6.7,4,0,1,142.6,21,0,0,356,0,216,380,9,0,0,9,0,3,371,19,145,12,12,35,1,22,1,3,192,161,9.1
Ventrell Miller,57809,LB,JAX,11,16,0,77.4,0,1,15,0,0,44.7,51.9,38.7,57.7,64.1,41.2,0,2,0,0,28,18.8,15,2,2,96.7,24,0,0,372,2,202,410,6,0,0,6,0,0,404,9,199,30,28,49,3,31,2,0,224,113,9.3
James Houston,57810,ED,DET,8,1,0,,1,0,11,0,0,64.2,42.2,0.3,55.8,38.2,29.9,1,11,0,0,,37.5,3,0,2,0.0,0,1,0,2,0,5,116,114,0,0,114,0,0,2,84,27,0,2,4,0,0,13,0,0,0,
Mykal Walker,57834,LB,WAS,9,6,0,100.0,0,0,32,0,0,60.1,55.3,73.6,57.4,54.7,58.9,0,0,0,0,18,10.0,1,0,0,110.4,2,0,0,48,0,14,64,13,0,0,13,0,0,51,2,48,2,2,3,0,2,0,0,21,9,10.5
Robert Beal Jr.,57840,ED,SF,11,2,0,,0,0,28,0,0,61.6,47.8,83.9,54.9,44.1,38.6,0,2,0,0,,14.3,1,0,0,0.0,0,0,0,0,0,4,103,102,0,1,99,2,0,1,42,57,0,2,4,0,0,2,0,0,0,
Del'Shawn Phillips,57868,LB,HST,1,0,0,100.0,0,0,13,0,0,66.9,67.4,99.9,60.0,60.0,75.8,0,0,0,0,11,0.0,0,0,0,112.5,1,0,0,2,0,6,9,0,0,0,0,0,0,9,1,2,6,0,1,0,1,0,0,11,10,11.0
Jake Hummel,57879,LB,LA,3,1,0,100.0,0,0,26,0,0,35.0,44.8,73.8,65.1,71.4,28.5,0,2,0,0,25,33.3,1,0,0,118.8,2,0,0,20,0,13,21,0,0,0,0,0,0,21,3,5,1,0,1,0,2,2,0,35,33,17.5
Isaac Ukwu,57888,ED,DET,2,1,0,,0,0,11,0,0,67.7,59.6,82.6,53.5,57.9,72.6,0,1,0,0,,0.0,0,0,0,0.0,0,0,0,0,0,1,70,70,0,0,70,0,0,0,47,22,0,1,2,0,0,1,0,0,0,
Jamin Davis,57905,ED,WAS,5,2,0,100.0,0,0,32,0,0,65.9,71.2,82.7,49.8,79.0,78.1,0,1,0,0,6,0.0,0,0,0,91.7,1,0,0,1,0,7,86,85,0,2,83,0,0,1,37,42,0,7,10,1,1,1,0,6,3,6.0
Josh Paschal,57908,ED,DET,9,4,0,100.0,0,0,11,0,0,63.8,57.8,72.0,52.2,63.9,58.6,2,12,0,0,3,5.9,1,0,1,79.2,1,2,0,1,0,8,351,348,0,13,299,36,2,3,240,103,0,13,12,2,1,16,0,3,4,3.0
Patrick Queen,57941,LB,PIT,11,25,1,80.4,1,1,25,1,0,59.5,58.1,56.8,73.8,52.5,59.8,3,2,0,0,23,13.5,12,3,2,102.7,37,0,0,579,12,386,679,17,0,0,17,0,7,662,43,250,64,17,52,4,46,5,0,398,217,10.8
K'Lavon Chaisson,57945,ED,LV,9,2,0,100.0,0,0,23,0,0,44.0,60.0,62.4,64.0,75.5,29.4,2,10,0,0,5,31.6,6,0,4,83.3,3,1,0,0,0,17,229,229,0,1,214,14,0,0,158,54,0,9,11,1,3,13,0,12,16,4.0
J.J. Russell,57958,LB,TB,7,2,0,100.0,0,0,30,0,0,59.7,64.0,76.3,50.5,72.1,82.7,0,0,0,0,46,0.0,0,0,1,158.3,6,0,0,54,0,44,68,2,0,0,2,0,4,66,4,20,7,3,8,0,6,0,2,78,54,13.0
Willie Gay,57987,LB,NO,10,1,0,68.8,0,1,20,2,0,46.0,49.4,83.4,49.9,58.1,52.8,0,2,0,0,55,15.0,3,1,0,112.2,11,1,0,107,0,96,219,98,0,0,98,0,0,121,22,101,13,9,16,2,16,3,1,123,127,11.2
Jeremiah Owusu-Koramoah,58089,LB,CLV,8,10,1,81.8,0,1,8,0,0,52.3,80.6,83.1,77.0,91.7,29.2,1,9,0,1,28,21.5,14,1,0,91.7,18,3,0,345,5,207,460,84,0,0,84,0,5,376,57,196,21,26,41,7,22,13,0,232,132,12.9
Pete Werner,58093,LB,NO,8,9,0,82.1,0,0,20,0,0,67.2,66.6,83.7,46.9,66.0,64.5,0,2,0,0,16,9.4,5,0,0,87.4,23,0,0,344,5,245,435,49,0,0,49,0,0,386,27,163,37,21,39,3,28,2,0,139,91,6.0
Baron Browning,58095,ED,ARZ,7,3,0,75.0,0,0,1,0,0,55.1,60.9,3.8,64.3,69.1,62.8,0,8,0,0,12,10.0,1,0,3,90.6,3,0,0,1,0,20,198,196,0,0,196,0,0,2,112,66,1,5,6,2,4,8,0,25,29,8.3
Kenneth Murray Jr.,58099,LB,TEN,11,17,0,86.0,0,0,31,0,0,54.3,52.5,57.0,66.2,49.4,74.0,2,3,0,1,30,7.5,6,1,3,130.7,37,3,0,538,4,322,650,51,0,0,51,0,0,599,65,263,57,30,57,5,43,8,6,352,209,9.5
Derrick Barnes,58120,LB,DET,3,2,1,50.0,0,0,11,0,0,66.6,71.8,82.4,57.7,77.2,71.0,0,1,0,0,1,15.4,2,0,0,56.3,1,0,0,34,0,49,120,63,0,0,63,0,0,57,30,41,23,5,9,0,2,1,0,1,4,1.0
Buddy Johnson,58189,LB,DAL,2,0,0,,0,0,9,0,0,60.0,71.2,68.5,,61.6,,0,0,0,0,,,0,0,0,0.0,0,0,0,5,0,1,6,0,0,0,0,0,0,6,0,5,0,0,0,0,0,0,0,0,0,
Vi Jones,58233,LB,TB,2,1,0,100.0,0,0,30,0,0,65.4,66.0,70.0,60.0,,73.3,0,0,0,0,4,0.0,0,0,0,83.3,1,0,0,7,0,12,13,2,0,0,2,0,3,11,1,0,1,0,0,0,1,0,0,4,10,4.0
Devin Lloyd,58238,LB,JAX,10,18,0,86.2,0,1,15,0,0,61.0,78.2,54.0,73.2,90.5,86.4,1,4,0,0,54,3.9,3,1,1,140.2,25,1,0,480,3,304,571,36,0,0,36,0,1,535,18,249,51,26,55,3,29,6,3,272,208,10.9
Joe Tryon-Shoyinka,58272,ED,TB,11,4,1,87.5,1,1,30,0,0,56.5,50.9,38.0,55.7,52.4,53.5,1,17,0,0,20,19.0,4,0,3,92.2,7,2,0,19,0,66,433,407,0,1,397,9,0,26,219,148,7,11,13,1,8,20,0,49,24,7.0
Michael Carter II,60644,CB,NYJ,9,1,0,58.6,1,0,22,1,0,52.9,54.8,81.0,58.8,61.2,64.0,0,2,0,0,22,15.0,3,1,2,70.8,17,0,0,18,7,144,230,3,0,0,3,0,0,227,9,77,202,7,16,1,29,2,0,138,65,8.1
James Pierre,60649,CB,PIT,6,1,0,60.0,0,0,25,0,0,51.2,53.5,78.4,,66.3,78.8,0,0,0,0,20,0.0,0,1,0,92.9,3,0,0,0,59,48,66,0,0,0,0,0,0,66,0,18,7,0,4,0,5,0,0,49,13,16.3
Grant Delpit,60685,S,CLV,10,13,0,80.6,0,0,8,0,0,62.9,63.7,55.9,68.7,62.3,61.9,1,4,0,0,46,13.0,10,2,1,98.9,25,0,0,276,12,329,602,45,0,0,45,0,109,557,25,248,160,29,54,5,31,5,0,240,130,9.6
Malcolm Rodriguez,60731,LB,DET,8,4,0,88.2,0,0,11,1,0,63.8,76.2,83.5,54.4,90.8,73.6,0,1,0,0,18,6.1,2,0,0,95.3,15,2,0,187,6,141,272,36,0,0,36,0,0,236,44,87,43,18,27,0,17,3,0,117,88,7.8
Darren Hall,60742,S,IND,1,0,0,,0,0,14,0,0,64.5,64.9,70.7,,60.0,,0,0,0,0,,,0,0,0,0.0,0,0,0,0,0,5,7,0,0,0,0,0,1,7,0,2,6,0,0,0,0,0,0,0,0,
Isaiah Pola-Mao,60781,S,LV,11,7,0,82.4,0,0,23,0,0,64.9,64.2,85.4,56.9,58.8,72.2,0,0,0,0,57,10.0,5,3,0,147.1,14,1,0,110,6,328,562,27,0,0,27,0,374,535,12,222,45,9,38,0,17,1,2,168,89,12.0
Keion White,60998,ED,NE,12,10,4,100.0,0,2,19,0,0,65.2,75.3,48.6,82.1,60.2,63.6,8,24,0,0,24,9.1,4,0,3,105.4,7,6,0,24,1,41,607,578,3,38,380,157,0,29,316,250,3,24,30,3,7,38,0,65,51,9.3
Noah Igbinoghene,61155,CB,WAS,12,2,0,67.3,0,0,32,0,0,52.2,47.8,83.0,51.2,35.6,42.1,0,0,0,0,21,18.8,9,4,5,99.4,35,0,0,96,66,315,534,6,0,0,6,0,4,528,5,214,361,13,37,1,52,0,3,274,163,7.8
Dominique Robinson,61436,ED,CHI,2,1,0,,0,0,6,0,0,,81.4,79.7,67.9,77.2,73.8,1,1,0,0,,0.0,0,0,0,0.0,0,0,0,0,0,0,38,38,0,0,37,1,0,0,16,22,0,1,2,0,0,2,0,0,0,
Daiyan Henley,61500,LB,LAC,11,30,0,80.3,0,0,27,0,0,67.6,66.0,84.0,59.1,61.0,65.8,3,4,0,0,37,11.0,12,4,1,103.8,49,1,0,532,5,368,641,40,0,0,40,0,1,601,42,231,63,38,67,4,61,8,1,463,336,9.4
Tariq Woolen,61790,CB,SEA,9,2,0,62.9,0,0,29,0,0,62.6,63.9,85.7,64.9,63.7,49.9,0,1,0,2,39,18.2,6,3,4,97.7,22,0,0,51,477,339,553,10,0,0,10,0,3,543,3,211,12,7,25,0,35,1,5,231,66,10.5
Caleb Farley,61803,CB,CAR,4,0,0,100.0,0,0,5,0,0,61.1,61.4,74.2,,60.3,79.4,0,0,0,0,16,0.0,0,0,0,114.2,5,0,0,4,0,29,35,0,0,0,0,0,0,35,0,6,31,2,5,0,5,0,0,57,20,11.4
Christian Elliss,61853,LB,NE,10,13,0,75.0,0,0,19,0,0,49.5,65.4,84.1,79.9,71.9,69.3,2,4,0,0,27,10.3,4,2,3,131.3,9,2,0,235,7,133,282,22,0,0,22,0,0,260,33,116,17,10,22,0,12,8,1,112,35,12.4
Joey Blount,62771,S,ARZ,3,0,0,,0,0,1,0,0,62.1,66.0,77.2,,60.9,,0,0,0,0,,,0,0,0,0.0,0,0,0,1,0,8,19,0,0,0,0,0,15,19,0,11,3,0,0,0,0,0,0,0,0,
Charles Snowden,62775,ED,LV,11,9,3,81.8,0,0,23,0,0,55.1,65.8,36.8,59.8,76.2,65.9,4,7,0,0,27,7.7,2,0,2,89.8,9,2,0,2,0,51,271,255,0,0,254,1,0,16,76,144,14,11,15,2,11,13,0,61,23,6.8
Theo Jackson,62919,S,MIN,4,0,0,100.0,0,0,18,0,0,70.5,70.9,74.2,57.3,60.0,78.0,0,0,0,0,17,0.0,0,1,0,112.5,2,0,0,5,0,19,23,3,0,0,3,0,4,20,3,1,10,0,3,0,2,0,0,22,2,11.0
Matthew Butler,62931,DI,LV,5,3,0,,0,0,23,0,0,60.4,55.5,28.1,57.9,58.6,72.3,0,0,0,0,,0.0,0,0,1,0.0,0,0,0,0,0,2,100,100,1,60,2,37,0,0,39,59,0,2,4,0,0,0,0,0,0,
Jack Cochrane,63345,LB,KC,2,1,0,,0,0,16,0,0,61.9,60.7,68.9,57.1,60.4,71.4,0,0,0,0,,0.0,0,0,0,0.0,0,0,0,7,0,3,8,0,0,0,0,0,0,8,2,3,1,0,0,0,0,0,0,0,0,
Winston Reid,63354,LB,CLV,9,4,1,33.3,0,0,8,1,0,78.6,69.3,72.6,63.1,56.5,56.6,0,2,0,0,19,18.2,2,1,0,56.3,1,1,0,65,0,23,78,5,0,0,5,0,0,73,5,50,8,2,5,0,3,3,0,19,7,19.0
Akayleb Evans,65033,CB,MIN,1,0,0,,0,0,18,0,0,63.0,63.4,68.1,,,,0,0,0,0,,,0,0,0,0.0,0,0,0,0,3,3,3,0,0,0,0,0,0,3,0,0,0,0,0,0,0,0,0,0,0,
Samuel Womack III,65771,CB,IND,11,5,0,63.6,0,0,14,0,0,70.0,72.0,84.7,,74.3,68.0,0,0,0,0,49,7.7,2,6,0,124.6,14,0,0,22,423,288,454,4,0,0,4,0,1,450,0,166,4,6,19,0,22,0,2,207,54,14.8
John Ridgeway,66694,DI,NO,8,4,0,,0,0,20,0,0,60.0,57.6,82.1,63.3,51.1,56.1,0,5,0,0,,8.3,1,0,0,0.0,0,0,0,1,0,0,152,151,11,135,0,5,0,1,65,87,0,6,7,0,0,5,0,0,0,
Zyon McCollum,66769,CB,TB,11,11,0,59.3,0,0,30,1,0,79.0,78.3,86.2,73.2,62.4,36.5,0,1,0,2,49,17.2,11,6,3,91.1,32,0,0,41,628,460,696,6,0,0,6,0,0,690,2,234,21,12,42,1,54,1,4,394,136,12.3
Tristin McCollum,66771,S,PHI,5,0,0,100.0,0,0,24,0,0,43.9,47.9,75.9,,72.1,58.3,0,0,0,0,15,12.5,1,0,0,118.8,3,0,0,21,0,43,64,1,0,0,1,0,39,63,0,21,3,2,7,0,3,0,0,40,16,13.3
Josh Hayes,66798,CB,TB,3,5,0,66.7,0,0,30,1,0,58.6,65.3,81.4,,88.3,56.9,0,0,0,0,35,14.3,3,2,1,126.2,12,0,0,17,156,104,175,0,0,0,0,0,0,175,0,71,2,4,13,0,18,0,2,136,42,11.3
Kobie Turner,66894,DI,LA,11,13,2,,2,1,26,1,0,75.4,72.5,37.1,61.6,74.7,40.1,2,29,0,0,,13.2,7,0,4,0.0,0,5,0,1,0,0,580,579,80,371,17,111,0,1,338,242,0,33,33,2,0,36,0,0,0,
Zach Sieler,66917,DI,MIA,9,12,1,0.0,0,1,17,1,0,70.4,77.9,85.9,70.3,64.6,29.1,3,20,0,1,,19.4,7,0,0,0.0,0,4,0,1,0,5,429,428,19,316,32,61,0,1,266,158,0,19,17,4,1,27,0,0,0,
Dennis Gardeck,66928,ED,ARZ,7,3,1,75.0,0,1,1,0,0,79.0,72.0,52.5,68.2,62.8,81.9,2,7,0,1,9,0.0,0,0,1,43.8,3,3,0,1,0,29,206,196,0,0,196,0,0,10,96,81,9,11,14,3,4,12,0,18,9,6.0
Jonathan Owens,66930,S,CHI,4,6,0,100.0,0,1,6,1,0,46.7,70.8,78.3,,97.2,52.0,0,0,0,0,29,9.1,1,0,0,158.3,3,0,0,31,0,57,90,1,0,0,1,0,50,89,0,33,8,3,4,1,3,0,1,38,17,12.7
Tavierre Thomas,66931,CB,TB,2,0,0,,0,0,30,0,0,68.0,49.8,86.6,,60.0,23.1,0,0,0,0,,100.0,1,0,0,0.0,0,0,0,0,0,2,3,0,0,0,0,0,0,3,0,1,2,0,0,0,0,0,0,0,0,
Trent McDuffie,72191,CB,KC,11,7,0,61.2,3,0,16,0,0,68.6,73.0,59.6,84.1,84.4,78.6,3,2,0,0,32,7.3,3,3,8,97.8,30,1,0,37,517,435,683,24,0,0,24,0,1,659,15,233,104,12,31,3,49,6,3,286,82,9.5
Evan Williams,73864,S,GB,9,6,0,58.8,0,1,12,0,0,79.7,81.5,86.5,59.7,70.3,67.4,0,0,0,1,30,11.1,4,2,0,66.8,10,0,0,62,1,211,338,20,0,0,20,0,213,318,1,126,42,10,26,1,17,0,1,84,45,8.4
Jonah Laulu,75763,DI,LV,9,3,1,,0,0,23,0,0,59.4,51.0,82.4,49.6,54.0,52.7,0,3,0,0,,11.1,1,0,0,0.0,0,0,0,0,0,1,194,194,0,110,0,84,0,0,89,104,0,4,5,1,0,3,0,0,0,
Chad Muma,75818,LB,JAX,9,10,0,100.0,0,0,15,0,0,63.6,60.6,83.0,51.2,56.5,82.6,0,0,0,0,19,3.4,1,0,0,141.1,14,1,0,146,1,125,228,44,0,0,44,0,1,184,11,92,36,5,18,0,14,1,2,117,92,8.4
Asante Samuel Jr.,76625,CB,LAC,4,2,0,66.7,0,0,27,0,0,58.6,59.3,81.8,,59.8,29.5,0,0,0,0,33,22.2,4,1,1,87.3,12,0,0,22,208,142,234,2,0,0,2,0,0,232,0,92,2,4,12,0,18,0,0,128,65,10.7
Isaiah Bolden,76626,CB,NE,3,0,0,100.0,0,0,19,0,0,73.6,68.7,72.5,,51.2,73.0,0,0,0,0,5,0.0,0,0,0,87.5,2,0,0,4,4,13,20,0,0,0,0,0,1,20,0,7,11,1,1,0,2,0,0,10,3,5.0
Andre Cisco,76641,S,JAX,11,12,0,69.2,0,0,15,0,0,54.9,56.7,64.7,52.9,62.3,45.4,0,0,0,1,67,15.9,10,3,1,134.3,18,0,0,146,4,433,722,21,0,0,21,0,503,701,5,284,48,7,41,0,26,0,3,363,176,20.2
Juanyeh Thomas,76655,S,DAL,9,0,0,50.0,0,0,9,0,0,59.9,58.2,75.4,56.3,56.3,84.8,0,0,0,0,7,0.0,0,1,0,95.8,2,0,0,20,3,33,63,2,0,0,2,0,24,61,2,28,14,0,6,0,4,0,1,11,1,5.5
Chamarri Conner,76662,S,KC,11,5,0,81.0,0,0,16,1,1,67.4,71.5,43.3,70.9,78.8,29.4,4,2,0,2,37,24.2,15,2,3,78.2,34,1,0,140,5,296,437,18,0,0,18,0,30,419,29,112,244,23,42,2,42,7,0,316,244,9.3
DJ Ivey,76670,CB,CIN,5,0,0,,0,0,7,0,0,54.8,55.4,76.4,,60.5,72.8,0,0,0,0,,0.0,0,0,1,0.0,0,0,0,4,10,32,35,0,0,0,0,0,5,35,0,3,16,0,1,0,0,0,0,0,0,
DeMarvion Overshown,76729,LB,DAL,11,20,0,92.5,1,1,9,0,0,61.1,59.8,57.4,69.4,54.7,47.3,2,10,0,0,37,16.7,14,2,2,113.3,37,5,0,468,9,279,596,80,0,0,80,0,3,516,59,258,36,33,50,3,40,17,1,368,303,9.9
Xavier Thomas,76807,ED,ARZ,8,0,0,100.0,0,1,1,0,0,29.0,37.9,81.4,51.4,45.4,29.1,0,3,0,0,20,50.0,2,0,0,118.8,2,3,0,0,0,16,129,129,0,0,128,1,0,0,83,30,0,3,2,0,2,6,0,25,11,12.5
KJ Henry,76808,ED,DAL,4,1,0,,0,0,9,0,0,60.0,56.5,80.8,65.5,46.6,70.6,0,1,0,0,,0.0,0,0,0,0.0,0,1,0,0,0,1,51,51,0,1,47,3,0,0,28,22,0,1,0,0,0,2,0,0,0,
Tyler Lacy,76836,DI,JAX,9,7,0,,1,0,15,0,0,60.0,43.5,58.2,51.6,44.7,74.5,1,5,0,0,,0.0,0,0,1,0.0,0,0,0,0,0,0,240,240,21,208,0,11,0,0,120,120,0,4,9,1,0,6,0,0,0,
Ochaun Mathis,76838,ED,NE,4,0,0,,0,0,19,0,0,60.0,56.0,73.4,52.6,60.8,69.9,0,0,0,0,,0.0,0,0,0,0.0,0,0,0,0,0,1,11,11,0,1,10,0,0,0,7,3,0,1,1,0,0,0,0,0,0,
Will McDonald IV,76842,ED,NYJ,11,3,1,,0,0,22,1,0,63.1,57.2,61.8,71.0,37.8,28.8,6,26,0,0,,36.8,7,0,2,0.0,0,8,0,11,0,8,450,439,0,4,428,7,0,11,264,178,0,14,9,0,0,40,0,0,0,
Desjuan Johnson,76850,DI,LA,4,1,0,,0,0,26,0,0,,68.1,77.1,55.9,69.6,34.0,0,0,0,0,,20.0,1,0,0,0.0,0,0,0,0,0,0,42,42,0,20,5,17,0,0,16,26,0,2,3,0,0,0,0,0,0,
Jalen Redmond,76861,DI,MIN,8,1,0,,0,0,18,0,0,61.8,78.4,79.1,61.3,78.6,71.9,0,1,0,0,,0.0,0,0,0,0.0,0,1,0,0,0,0,79,79,8,36,1,34,0,0,47,32,0,5,4,3,0,2,0,0,0,
Nesta Jade Silvera,76888,DI,LV,6,6,0,,0,0,23,0,0,,44.2,78.5,55.7,44.0,52.6,0,0,0,0,,11.1,1,0,0,0.0,0,0,0,0,0,0,71,71,14,26,0,31,0,0,29,42,0,1,2,0,0,0,0,0,0,
Greg Rousseau,76889,ED,BUF,11,7,2,66.7,0,2,4,0,0,67.2,89.4,75.4,87.8,70.7,49.7,14,27,0,0,14,18.4,7,0,1,95.1,2,6,0,0,1,15,506,504,0,0,495,9,1,2,316,175,0,25,24,7,3,47,0,27,11,13.5
Travis Jones,76914,DI,BLT,11,8,0,,0,0,3,0,0,61.1,75.1,69.9,66.8,75.2,58.5,3,16,0,0,,7.4,2,0,1,0.0,0,1,0,0,0,3,418,418,66,333,2,17,0,0,279,136,0,14,17,2,0,20,0,0,0,
Logan Hall,76919,DI,TB,10,5,1,,0,0,30,1,0,64.1,58.3,85.2,61.3,49.9,42.6,4,6,0,0,,14.3,2,0,0,0.0,0,3,0,1,0,5,354,353,6,156,54,137,0,1,215,134,0,6,7,0,0,13,0,0,0,
Moro Ojomo,76927,DI,PHI,11,2,0,,1,0,24,0,0,60.0,62.7,0.0,72.9,61.9,50.8,1,13,0,0,,20.0,2,0,5,0.0,0,0,0,2,0,0,238,236,2,152,8,74,0,2,173,65,0,2,6,0,0,14,0,0,0,
Keondre Coburn,76928,DI,TEN,9,1,0,,0,0,31,0,0,,33.1,14.6,52.5,38.4,29.9,0,1,0,0,,25.0,1,0,1,0.0,0,0,0,0,0,0,71,71,13,58,0,0,0,0,33,38,0,1,2,0,0,1,0,0,0,
Dante Stills,76937,DI,ARZ,10,7,1,,0,1,1,0,0,58.9,53.6,64.6,52.7,59.0,29.0,2,8,0,0,,23.3,7,0,1,0.0,0,5,0,0,0,0,344,344,1,130,25,188,0,0,203,141,0,15,16,0,0,15,0,0,0,
Karl Brooks,76941,DI,GB,11,5,0,,0,1,12,2,0,77.6,62.8,83.9,58.2,42.9,37.9,2,8,0,0,,17.6,3,0,0,0.0,0,2,0,0,0,4,279,279,11,174,7,87,0,0,177,98,0,10,9,1,0,12,0,0,0,
Braden Fiske,76958,DI,LA,11,9,0,,1,2,26,2,0,67.1,60.9,36.4,66.6,51.6,29.1,1,27,0,0,,22.2,8,0,3,0.0,0,6,0,1,0,2,425,424,1,218,34,171,0,1,261,162,0,21,19,2,0,34,0,0,0,
Alim McNeill,76996,DI,DET,11,2,1,,0,1,11,0,0,70.3,80.6,86.5,79.3,63.4,65.2,3,29,0,0,,11.1,2,0,0,0.0,0,4,0,4,0,4,511,507,36,317,3,151,0,4,355,152,0,14,14,3,0,36,0,0,0,
Amari Gainer,77091,ED,LV,1,1,0,,0,0,23,0,0,60.0,39.1,71.8,55.6,44.1,70.5,0,0,0,0,,0.0,0,0,0,0.0,0,0,0,0,0,1,10,10,0,0,10,0,0,0,3,6,0,0,0,0,0,0,0,0,0,
Yasir Abdullah,77100,LB,JAX,8,3,0,100.0,0,0,15,0,0,63.3,62.1,82.1,55.5,64.1,71.0,0,6,0,0,8,7.1,1,0,0,100.0,1,0,0,21,0,24,131,99,0,0,99,0,0,32,57,50,11,5,10,0,1,6,0,8,8,8.0
Payton Wilson,77127,LB,PIT,11,9,0,79.2,0,0,25,0,0,74.5,72.9,81.4,75.7,59.8,77.2,2,0,0,1,18,8.3,4,0,0,71.4,19,0,0,268,10,185,301,4,0,0,4,0,0,297,12,104,19,17,35,1,24,2,0,127,124,6.7
Zaven Collins,77190,ED,ARZ,11,9,1,87.5,0,1,1,0,0,72.5,75.0,13.8,62.5,87.3,72.1,0,15,0,0,19,5.3,2,0,4,103.1,7,5,0,35,1,49,387,347,0,0,347,0,0,40,195,143,4,20,27,3,8,20,0,70,69,10.0
Brian Asamoah II,77195,LB,MIN,2,0,0,100.0,0,0,18,0,0,48.3,39.7,74.2,61.9,60.0,26.7,0,0,0,0,9,50.0,1,0,0,104.2,1,0,0,10,0,6,14,3,0,0,3,0,0,11,7,1,0,0,1,0,1,0,0,9,6,9.0
Nik Bonitto,77196,ED,DEN,12,8,0,100.0,1,1,10,0,0,52.6,68.2,26.8,73.0,66.3,29.3,7,20,0,0,14,32.4,11,0,4,108.3,3,10,0,9,0,43,476,462,0,0,462,0,0,14,269,164,5,20,15,3,3,37,0,30,13,10.0
Joseph Ossai,77205,ED,CIN,11,11,0,100.0,0,0,7,0,0,48.0,57.6,86.8,60.0,56.7,57.6,5,9,0,0,12,7.7,2,0,0,97.9,2,1,0,0,0,23,316,315,1,9,293,12,0,1,183,110,1,6,13,0,2,15,0,15,24,7.5
Chase Brown,77787,HB,CIN,1,0,0,,0,0,7,0,0,,60.0,60.0,60.0,,,0,0,0,0,,,0,0,0,0.0,0,0,0,0,0,0,1,0,0,0,0,0,0,1,1,0,0,0,0,0,0,0,0,0,0,
Jarrick Bernard-Converse,77841,CB,NYJ,1,0,0,,0,0,22,0,0,61.5,62.1,66.8,,,,0,0,0,0,,,0,0,0,0.0,0,0,0,0,2,2,2,0,0,0,0,0,0,2,0,0,0,0,0,0,0,0,0,0,0,
Tre'von Moehrig,77847,S,LV,11,17,2,76.5,0,0,23,0,0,50.5,60.4,59.5,61.3,80.1,77.5,1,3,0,2,35,7.9,6,1,1,99.1,26,1,0,260,19,382,707,54,0,0,54,0,261,653,41,284,113,20,53,4,34,5,3,232,132,8.9
Ar'Darius Washington,77848,S,BLT,12,7,0,68.4,0,0,3,0,0,74.2,70.8,83.3,50.8,52.3,50.2,1,2,0,1,67,19.5,8,5,0,111.8,26,1,0,82,2,309,437,7,0,0,7,0,215,430,16,112,131,9,26,2,38,4,4,261,109,10.0
Brayden Willis,77917,TE,SF,1,0,0,,0,0,28,0,0,,60.0,60.0,,60.0,,0,0,0,0,,,0,0,0,0.0,0,0,0,0,0,0,1,0,0,0,0,0,0,1,0,1,0,0,0,0,0,0,0,0,0,
Cobie Durant,79126,CB,LA,11,5,0,57.5,1,1,26,0,0,56.2,61.1,85.1,94.1,63.5,40.0,1,0,0,1,36,16.2,6,3,1,77.8,23,1,0,65,406,341,602,8,0,0,8,0,0,594,3,258,123,5,26,1,40,2,1,287,90,12.5
Christian Benford,79181,CB,BUF,10,4,0,61.1,1,1,4,0,0,79.4,78.0,86.8,54.7,62.8,85.5,0,1,0,1,23,2.3,1,2,5,71.5,22,0,0,26,578,388,617,10,0,0,10,0,0,607,2,227,3,11,39,2,36,1,1,180,109,8.2
Nick Hampton,81162,ED,LA,2,0,1,,0,0,26,0,0,,83.5,69.7,67.3,60.0,,0,1,0,0,,,0,0,0,0.0,0,0,0,0,0,0,4,3,0,0,3,0,0,1,1,3,1,0,0,0,0,1,0,0,0,
Micah McFadden,81246,LB,NYG,10,20,0,100.0,0,1,21,1,0,42.2,61.3,82.8,76.5,73.5,64.5,2,4,0,0,31,11.0,9,0,0,124.0,24,3,0,418,5,196,452,6,0,0,6,0,0,446,26,230,23,29,53,2,24,9,1,250,128,10.4
Damone Clark,81282,LB,DAL,7,3,0,28.6,0,0,9,0,0,60.0,69.5,80.0,72.2,70.1,73.9,0,0,0,0,9,8.7,2,1,0,39.6,2,1,0,149,1,61,159,4,0,0,4,0,0,155,3,95,4,8,18,1,7,1,0,15,6,7.5
Nathaniel Watson,81317,LB,CLV,3,1,0,,0,0,8,0,0,63.1,66.2,73.7,,63.1,77.6,0,0,0,0,,0.0,0,0,0,0.0,0,0,0,17,0,5,19,2,0,0,2,0,0,17,0,14,0,2,2,0,0,0,0,0,0,
Nick Bolton,81322,LB,KC,11,19,0,84.6,0,0,16,0,0,64.7,65.8,85.4,46.8,70.0,54.2,3,3,0,0,49,14.9,13,2,0,113.4,33,2,0,573,0,349,645,30,0,0,30,0,3,615,67,229,39,32,55,7,39,8,2,277,205,8.4
Dylan Horton,81335,ED,HST,8,1,0,,0,0,13,0,0,60.3,56.0,85.2,47.3,65.5,75.4,2,2,0,0,,0.0,0,0,0,0.0,0,0,0,0,0,2,133,133,0,0,133,0,0,0,78,53,0,2,5,0,0,4,0,0,0,
Micah Parsons,81360,ED,DAL,7,4,1,,1,1,9,0,0,77.0,86.8,36.0,90.0,67.0,61.7,6,25,0,0,,16.0,4,0,3,0.0,0,5,0,23,0,7,384,361,0,14,324,23,0,23,221,156,0,18,17,1,0,36,0,0,0,
Jesse Luketa,81361,ED,ARZ,7,3,0,66.7,0,1,1,0,0,62.3,70.0,81.8,58.3,76.7,61.8,1,4,0,0,3,9.1,1,0,0,109.7,2,3,0,6,1,24,149,133,0,0,133,0,0,16,68,57,9,9,7,3,3,8,1,3,3,1.5
Ernest Jones,81399,LB,SEA,10,22,1,84.4,0,0,29,0,0,59.9,65.4,84.1,57.5,69.9,79.3,1,5,0,0,37,3.5,3,1,0,104.6,27,0,0,534,2,304,602,11,0,0,11,0,1,591,56,242,54,31,61,4,32,6,0,291,136,10.8
Brenton Cox Jr.,81957,ED,GB,2,0,0,,0,1,12,0,0,60.0,71.6,79.1,57.6,75.7,74.3,1,1,0,0,,0.0,0,0,0,0.0,0,1,0,0,0,1,44,44,0,0,43,1,0,0,24,19,0,3,3,2,0,3,0,0,0,
Azeez Ojulari,81959,ED,NYG,11,8,0,100.0,0,0,21,1,0,51.8,56.4,70.9,54.6,60.1,30.6,3,12,0,0,11,31.0,9,0,1,95.8,2,7,0,6,0,6,391,384,0,2,381,1,0,7,196,189,1,14,12,2,2,22,0,14,5,7.0
Odafe Oweh,82161,ED,BLT,12,2,0,100.0,0,1,3,0,0,68.8,70.7,13.5,72.3,67.8,52.8,11,17,0,0,19,18.5,5,0,6,118.8,4,8,0,2,0,25,501,499,0,5,489,5,0,2,351,125,0,23,20,0,4,36,0,55,30,13.8
Thomas Booker IV,82168,DI,PHI,11,1,1,,0,0,24,0,0,65.6,59.0,80.7,58.1,54.8,72.4,0,2,0,0,,0.0,0,0,0,0.0,0,0,0,0,0,0,102,102,18,67,0,17,0,0,54,48,0,7,8,2,0,2,0,0,0,
Christian Barmore,82198,DI,NE,2,0,0,,0,0,19,0,0,60.0,54.9,78.2,57.6,52.7,71.9,0,1,0,0,,0.0,0,0,0,0.0,0,1,0,0,0,0,56,56,3,30,3,20,0,0,41,15,0,1,4,0,0,2,0,0,0,
Teair Tart,82261,DI,LAC,11,4,1,,0,0,27,1,0,61.7,69.2,52.3,66.6,65.6,26.7,3,8,0,1,,23.5,4,0,1,0.0,0,0,0,0,0,0,194,194,57,125,0,12,0,0,111,83,0,7,9,2,0,11,0,0,0,
Devonte Wyatt,82268,DI,GB,8,4,0,,0,0,12,2,0,67.7,55.0,53.8,60.0,48.2,45.3,2,9,0,0,,16.7,2,0,1,0.0,0,3,0,1,0,5,216,215,5,128,5,77,0,1,145,66,0,8,6,2,0,14,0,0,0,
=======
Isaiah Oliver,50393,CB,NYJ,8,5,0,62.5,1,0,22,0,0,70.8,71.6,80.9,62.3,66.3,63.0,1,0,0,0,37,13.6,3,2,1,82.0,10,1,0,54,8,143,240,2,0,0,2,0,26,238,10,87,150,8,14,0,16,2,0,107,58,10.7
Jeremy Reaves,50406,S,WAS,1,0,0,100.0,0,0,32,0,0,54.1,49.3,64.8,,60.5,26.1,0,0,0,0,16,100.0,1,0,0,118.8,1,0,0,3,0,1,4,0,0,0,0,0,1,4,0,3,0,0,0,0,1,0,0,16,18,16.0
Juan Thornhill,50426,S,CLV,3,1,0,66.7,0,0,8,0,0,68.6,76.1,79.0,66.9,77.4,60.6,1,0,0,0,11,21.1,4,1,0,72.9,4,0,0,12,0,89,140,2,0,0,2,0,115,138,1,50,11,3,14,1,6,1,0,22,27,5.5
Jalen Davis,50431,CB,CIN,2,3,0,50.0,0,0,7,0,0,50.8,50.4,75.9,48.9,62.3,80.8,0,0,0,0,12,0.0,0,0,0,63.9,3,0,0,3,0,33,49,1,0,0,1,0,0,48,5,11,45,0,3,0,6,0,0,29,5,9.7
Mike Jackson,50437,CB,CAR,8,7,0,73.5,0,1,5,0,0,62.3,62.8,85.7,60.0,60.5,62.1,0,1,0,1,54,10.4,5,5,3,112.4,36,0,0,39,495,279,540,4,0,0,4,0,0,536,1,260,1,11,36,0,49,1,3,437,138,12.1
Amani Oruwariye,50533,CB,DAL,4,1,0,73.9,1,0,9,0,0,63.0,61.4,81.0,,51.9,65.2,0,0,0,1,42,8.7,2,1,1,99.7,17,0,0,16,157,110,182,3,0,0,3,0,0,179,0,72,6,8,20,1,23,0,1,219,61,12.9
Mike Ford,50535,CB,CLV,3,0,0,100.0,0,0,8,0,0,44.1,37.4,68.7,,54.6,26.7,0,0,0,0,16,50.0,1,0,0,118.8,1,0,0,1,4,2,6,0,0,0,0,0,0,6,0,4,1,0,1,0,1,0,0,16,7,16.0
Avonte Maddox,50543,CB,PHI,7,4,1,55.0,0,0,24,0,0,53.4,53.5,79.3,71.9,50.4,68.5,0,0,0,0,28,7.1,1,2,2,90.8,11,0,0,43,0,148,233,0,0,0,0,0,2,233,3,82,188,1,9,0,20,0,1,126,76,11.5
Byron Cowart,50588,DI,CHI,6,0,0,,0,0,6,0,0,,55.9,79.3,55.7,56.8,28.9,0,3,0,0,,28.6,2,0,0,0.0,0,1,0,0,0,0,71,71,17,43,0,11,0,0,44,27,0,5,5,1,0,4,0,0,0,
Josey Jewell,50720,LB,CAR,5,11,0,84.2,0,0,5,1,0,53.7,57.1,80.3,55.3,62.0,83.5,0,1,0,0,63,4.7,2,2,0,128.3,16,0,0,275,0,139,291,3,0,0,3,0,0,288,12,140,13,18,30,1,19,1,1,201,123,12.6
Cody Barton,50727,LB,DEN,8,18,0,84.2,1,1,10,1,1,63.0,68.1,44.8,71.3,69.8,75.0,0,7,0,0,38,7.1,4,1,1,123.5,16,1,0,403,2,256,455,4,0,0,4,0,1,451,42,157,45,14,34,0,19,8,1,179,104,11.2
Jordyn Brooks,50851,LB,MIA,7,12,0,76.0,0,0,17,0,0,59.5,68.0,83.1,75.5,67.8,69.6,2,8,0,0,25,9.1,5,3,0,96.3,19,1,0,329,3,183,415,37,0,0,37,0,0,378,38,194,46,22,38,2,25,11,0,185,93,9.7
Roquan Smith,50892,LB,BLT,8,24,0,80.0,0,1,3,0,0,49.5,57.1,49.6,51.2,74.9,84.0,1,4,0,1,26,5.7,5,2,1,94.9,28,0,0,480,4,324,528,14,0,0,14,0,4,514,48,156,26,25,59,1,35,5,0,337,226,12.0
Tremaine Edmunds,50905,LB,CHI,7,9,0,73.3,0,1,6,0,0,62.7,62.4,83.4,54.0,61.3,65.9,1,0,0,1,25,8.3,4,1,0,80.3,22,1,0,374,4,237,426,7,0,0,7,0,6,419,25,164,35,17,35,2,30,2,0,223,129,10.1
Robert Spillane,50918,LB,LV,8,18,1,86.7,0,0,23,0,0,47.0,67.5,83.9,70.3,84.9,72.7,0,3,0,1,27,7.1,6,2,0,112.1,26,1,0,459,1,257,509,30,0,0,30,0,1,479,39,213,18,30,61,5,30,4,2,267,122,10.3
Bobby Okereke,50954,LB,NYG,8,16,0,81.6,0,2,21,2,0,76.9,72.2,82.7,60.7,59.7,57.4,0,1,0,0,17,12.7,8,0,0,102.4,31,2,0,418,3,270,483,18,0,0,18,0,6,465,25,188,38,22,39,2,38,3,1,246,181,7.9
Ja'Whaun Bentley,50966,LB,NE,2,2,0,100.0,0,0,19,0,0,60.1,47.0,74.6,62.3,28.7,81.7,0,1,0,0,28,0.0,0,0,0,106.0,7,1,0,57,0,39,61,4,0,0,4,0,0,57,7,15,0,2,6,0,7,2,0,66,20,9.4
Frankie Luvu,51028,LB,WAS,8,10,0,81.3,0,1,32,2,0,65.6,66.9,53.1,69.5,62.1,53.2,0,11,0,0,25,18.4,9,1,1,105.7,13,4,0,337,2,186,455,94,0,0,94,0,1,361,72,197,21,18,30,1,16,15,0,150,86,11.5
Tyrel Dodson,51045,LB,SEA,8,16,0,76.0,0,1,29,0,0,75.9,67.4,83.6,60.6,52.5,71.0,0,3,0,0,29,8.1,5,1,0,95.9,19,2,0,485,3,274,526,19,0,0,19,0,4,507,26,226,15,24,41,2,25,5,0,183,129,9.6
Jahlani Tavai,51055,LB,NE,8,15,0,81.3,0,0,19,0,0,30.0,43.6,86.9,58.7,59.1,37.1,0,8,0,0,38,17.9,10,1,1,117.2,26,0,0,276,6,190,455,143,0,0,143,0,0,312,46,219,29,15,31,4,32,8,1,308,164,11.8
Julian Love,51081,S,SEA,8,11,0,69.6,0,1,29,0,0,73.6,79.2,86.2,52.7,81.6,79.5,0,0,0,2,76,9.2,6,2,0,82.7,16,0,0,96,3,283,490,6,0,0,6,0,328,484,4,203,57,15,48,2,23,0,2,165,115,10.3
Ben Niemann,51099,LB,DET,3,2,0,,0,0,11,0,0,50.1,48.8,77.2,53.6,54.8,76.7,0,1,0,0,,0.0,0,0,0,0.0,0,0,0,10,0,10,37,23,0,0,23,0,0,14,8,19,4,1,2,0,0,1,0,0,0,
Taylor Rapp,51172,S,BUF,7,10,1,50.0,0,0,4,0,0,57.1,63.7,84.7,70.3,75.3,82.4,0,0,0,0,33,5.7,2,3,0,74.2,5,0,0,121,0,251,389,9,0,0,9,0,229,380,3,135,30,5,23,1,10,0,0,73,57,14.6
P.J. Locke,51189,S,DEN,7,7,0,70.6,0,0,10,0,0,62.6,60.2,47.4,75.5,51.4,66.2,0,0,0,0,57,12.8,5,2,1,126.3,12,2,0,121,5,287,467,10,0,0,10,0,277,457,7,173,54,11,27,2,17,2,2,107,62,8.9
Minkah Fitzpatrick,51206,S,PIT,8,11,0,66.7,0,0,25,0,0,69.9,75.0,84.3,60.0,82.1,90.6,0,0,0,0,48,2.2,1,2,1,136.4,10,0,0,42,0,310,488,2,0,0,2,0,434,486,1,177,10,6,34,0,15,0,2,141,43,14.1
Fred Warner,51222,LB,SF,8,15,0,83.3,0,4,28,0,0,91.8,91.6,84.8,52.6,78.4,71.7,1,1,1,2,21,8.1,6,3,0,78.6,25,1,0,415,1,262,458,6,0,0,6,0,2,452,16,180,33,29,53,3,30,3,1,206,137,8.2
Drue Tranquill,51276,LB,KC,7,11,0,84.2,0,0,16,1,0,40.6,56.7,81.3,69.8,69.8,54.7,3,3,0,0,15,12.8,5,0,1,118.4,16,1,0,253,1,157,349,63,0,0,63,0,1,286,51,141,31,10,23,2,19,7,1,156,106,9.8
Mike Edwards,51282,S,BUF,2,0,0,50.0,0,0,4,0,0,63.2,64.3,67.3,,60.0,71.7,0,0,0,0,5,0.0,0,0,0,56.3,1,0,0,1,0,6,7,0,0,0,0,0,5,7,0,1,1,0,1,0,2,0,0,5,2,5.0
Kristian Welch,51283,LB,BLT,5,0,0,50.0,0,0,3,0,0,53.5,59.2,70.8,,63.2,77.9,0,0,0,0,12,0.0,0,0,0,68.8,1,0,0,34,0,10,36,0,0,0,0,0,0,36,0,26,2,3,4,0,2,0,0,12,14,12.0
Terrell Edmunds,51334,S,PIT,6,0,0,40.0,0,0,25,0,0,68.4,71.6,78.4,54.5,72.3,81.2,0,0,0,0,25,0.0,0,1,0,62.1,2,0,0,21,7,56,69,2,0,0,2,0,20,67,3,10,19,2,4,0,5,0,0,32,13,16.0
Will Harris,51336,S,NO,5,4,0,46.2,0,1,20,0,0,58.9,58.9,85.0,54.8,58.9,41.6,0,1,0,1,22,21.1,4,0,0,30.0,6,0,0,59,9,184,284,31,0,0,31,0,149,253,12,88,36,3,11,1,13,1,0,67,43,11.2
Derwin James Jr.,51368,S,LAC,6,7,2,87.0,0,0,27,0,0,49.4,55.0,0.0,62.1,78.4,70.8,0,4,0,0,55,10.3,4,0,2,133.9,20,1,0,105,0,204,358,30,0,0,30,0,135,328,30,124,88,12,28,3,23,5,2,211,108,10.6
Amani Hooker,51378,S,TEN,7,4,0,50.0,0,2,31,0,0,55.4,56.8,81.9,69.8,57.8,56.9,1,3,0,1,22,11.4,4,1,1,57.7,10,0,0,93,3,221,401,23,0,0,23,0,225,378,7,173,57,11,27,4,20,4,1,87,72,8.7
Marcus Epps,51391,S,LV,3,4,0,92.3,0,0,23,0,0,44.0,46.9,79.6,70.8,63.5,32.2,0,0,0,0,23,25.9,7,0,0,109.3,12,0,0,35,0,103,176,4,0,0,4,0,115,172,4,69,22,7,16,1,13,0,0,133,61,11.1
Jaylinn Hawkins,51423,S,NE,8,3,0,66.7,0,0,19,0,0,58.1,56.1,82.7,50.0,55.0,42.6,0,0,0,0,15,23.1,6,1,0,126.6,6,0,0,86,10,160,291,16,0,0,16,0,149,275,12,119,29,2,17,0,9,0,1,69,23,11.5
Kaden Elliss,51485,LB,ATL,8,17,0,90.3,0,0,2,1,0,50.9,62.6,85.9,66.5,72.2,58.9,6,9,0,0,25,12.7,10,1,0,122.4,28,0,0,415,0,266,539,98,0,0,98,0,1,441,50,223,24,21,52,2,31,15,2,255,110,9.1
J.T. Gray,51495,S,NO,5,0,0,,0,1,20,0,0,58.1,55.5,76.5,60.0,55.9,33.5,0,1,0,0,,33.3,1,0,0,0.0,0,0,0,6,1,23,33,1,0,0,1,0,23,32,1,9,2,0,2,0,0,1,0,0,0,
Kenny Moore II,51596,CB,IND,6,9,0,64.5,0,0,14,0,0,79.3,78.4,82.4,76.2,66.1,42.8,1,0,0,0,19,17.5,7,3,1,107.3,20,1,0,75,114,213,426,10,0,0,10,0,4,416,7,206,223,16,24,2,31,2,3,143,93,7.2
Nicholas Morrow,51674,LB,BUF,4,0,0,100.0,0,0,4,0,0,29.4,43.7,73.0,,71.7,69.9,0,0,0,0,26,0.0,0,0,0,158.3,4,0,0,33,0,20,39,3,0,0,3,0,0,36,0,19,3,1,1,0,4,0,1,53,19,13.3
Khyiris Tonga,52000,DI,ARZ,7,5,0,,0,0,1,0,0,60.0,62.8,81.2,61.8,60.3,45.2,0,4,0,0,,13.3,2,0,0,0.0,0,0,0,0,0,0,142,142,108,34,0,0,0,0,59,83,0,6,8,0,0,4,0,0,0,
Claudin Cherelus,52094,LB,CAR,3,4,0,75.0,0,0,5,0,0,61.6,70.6,76.5,76.3,70.6,54.5,1,0,0,0,15,15.4,2,0,0,85.4,3,0,0,91,0,51,105,4,0,0,4,0,0,101,4,50,10,5,7,0,4,1,0,20,15,6.7
Paulson Adebo,52280,CB,NO,7,5,0,59.6,2,0,20,0,0,63.9,63.3,84.5,91.5,47.6,66.2,1,1,0,3,65,10.3,6,7,9,67.0,34,0,0,33,381,281,436,0,0,0,0,0,1,436,2,153,21,10,47,1,57,2,1,428,180,12.6
Ivan Pace Jr.,53587,LB,MIN,5,11,0,93.3,0,0,18,1,1,29.0,60.6,0.0,84.1,89.2,51.2,4,6,0,0,28,13.3,6,0,2,146.8,14,2,0,226,0,97,240,11,0,0,11,0,0,229,38,105,3,22,28,3,15,12,2,146,91,10.4
Carrington Valentine,53750,CB,GB,4,4,0,66.7,0,0,12,0,0,59.8,60.4,78.9,,60.5,37.9,0,0,0,0,14,28.6,2,1,1,92.4,2,0,0,8,85,59,94,0,0,0,0,0,0,94,0,35,1,0,1,0,3,0,0,25,11,12.5
C.J. Brewer,54409,DI,TB,7,2,2,,0,0,30,0,0,55.1,49.5,80.7,59.2,48.6,27.8,1,0,0,0,,25.0,3,0,0,0.0,0,1,0,0,0,3,115,115,19,73,3,20,0,0,73,39,0,4,7,1,0,2,0,0,0,
Tarron Jackson,54410,ED,CAR,3,0,0,,0,0,5,0,0,60.0,41.2,75.7,53.9,39.8,21.3,0,1,0,0,,100.0,2,0,0,0.0,0,0,0,1,0,1,28,27,0,0,27,0,0,1,16,11,0,0,0,0,0,1,0,0,0,
Benton Whitley,54444,ED,NYG,1,0,0,,0,0,21,0,0,,57.9,67.7,59.1,60.0,,0,0,0,0,,,0,0,0,0.0,0,0,0,0,0,0,2,2,0,0,2,0,0,0,1,1,0,0,0,0,0,0,0,0,0,
Charlie Jones,55038,WR,CIN,1,0,0,,0,0,7,0,0,60.7,70.2,60.0,,,,0,0,0,0,,,0,0,0,0.0,0,0,0,0,0,1,1,0,0,0,0,0,0,1,0,0,0,0,0,0,0,0,0,0,0,
Darrick Forrest,55087,S,WAS,2,1,0,,0,0,32,0,0,63.5,68.0,69.4,,63.6,80.0,0,0,0,0,,0.0,0,0,0,0.0,0,0,0,4,0,3,9,0,0,0,0,0,5,9,0,6,0,0,2,0,0,0,0,0,0,
Coby Bryant,55088,S,SEA,6,2,0,100.0,0,0,29,0,0,63.2,65.9,82.2,60.0,67.2,73.3,0,1,0,1,12,5.3,1,1,0,67.7,4,0,0,19,1,114,191,4,0,0,4,0,149,187,1,76,18,3,16,0,4,1,0,39,9,9.8
Boye Mafe,55220,ED,SEA,6,4,0,75.0,0,1,29,0,0,50.7,71.5,84.1,67.3,74.5,59.6,4,17,0,0,12,25.0,5,0,0,82.3,3,4,0,8,1,32,255,239,0,0,237,2,0,16,137,86,7,11,11,1,4,25,0,17,17,5.7
Esezi Otomewo,55221,DI,JAX,4,2,0,,0,0,15,0,0,59.8,46.6,80.0,71.5,29.8,70.9,1,6,0,0,,0.0,0,0,0,0.0,0,1,0,0,0,2,90,90,0,77,0,13,0,0,53,35,0,1,1,0,0,8,0,0,0,
Mark Robinson,55265,LB,PIT,1,0,0,,0,0,25,0,0,,60.0,64.4,,60.0,,0,0,0,0,,,0,0,0,0.0,0,0,0,0,0,0,1,0,0,0,0,0,0,1,0,1,1,0,0,0,0,0,0,0,0,
Tycen Anderson,55351,S,CIN,1,0,0,,0,0,7,0,0,60.7,70.9,60.0,,,,0,0,0,0,,,0,0,0,0.0,0,0,0,0,0,1,1,0,0,0,0,0,0,1,0,0,0,0,0,0,0,0,0,0,0,
Kalia Davis,55389,DI,SF,4,0,1,,0,0,28,0,0,65.4,47.1,79.9,52.6,39.5,68.7,0,0,0,1,,0.0,0,0,0,0.0,0,0,0,0,0,1,86,86,0,79,0,7,0,0,45,40,0,1,2,0,0,0,0,0,0,
Ja'Sir Taylor,55426,CB,LAC,5,2,0,58.3,0,0,27,1,0,82.4,78.6,0.0,44.8,73.7,84.6,0,3,0,0,27,0.0,0,3,1,100.3,7,0,0,12,1,108,156,8,0,0,8,0,1,148,8,40,134,5,10,1,12,3,1,63,22,9.0
Elijah Hicks,55584,S,CHI,3,5,0,60.0,0,0,6,1,0,54.4,58.9,84.3,,75.6,86.8,0,0,0,0,21,0.0,0,0,1,129.2,3,0,0,26,0,102,145,0,0,0,0,0,108,145,0,43,11,0,7,0,5,0,1,45,0,15.0
A.J. Terrell,55586,CB,ATL,8,3,0,72.7,0,0,2,0,0,65.9,69.0,86.2,57.7,77.8,53.7,0,1,0,2,40,16.3,8,1,2,81.1,24,0,0,23,505,314,534,5,0,0,5,0,0,529,1,219,1,12,38,1,33,1,1,266,66,11.1
Josh Blackwell,55589,CB,CHI,4,0,0,62.5,0,0,6,0,0,56.4,53.4,77.7,54.5,42.7,38.7,0,2,0,1,15,28.6,2,0,0,41.7,5,0,0,10,1,67,92,2,0,0,2,0,4,90,6,19,75,0,5,0,8,2,0,52,28,10.4
Marco Wilson,55592,CB,NE,7,0,0,50.0,0,0,19,0,0,57.8,57.2,81.2,,52.9,56.8,0,0,0,0,16,12.5,1,0,2,61.1,3,0,0,7,119,87,148,1,0,0,1,0,0,147,0,61,21,2,7,0,6,0,0,25,3,8.3
Lonnie Johnson Jr.,55615,S,CAR,2,0,0,,0,0,5,0,0,68.1,74.1,96.3,,65.1,73.0,0,0,0,0,,0.0,0,0,0,0.0,0,0,0,0,0,3,8,2,0,0,2,0,1,6,0,5,4,0,1,0,0,0,0,0,0,
Amik Robertson,55619,CB,DET,7,1,0,65.6,1,2,11,0,0,55.9,61.4,82.8,45.4,92.4,54.4,0,0,0,0,47,16.7,5,3,1,103.3,21,0,0,8,8,199,250,0,0,0,0,0,3,250,9,42,231,12,24,1,32,0,1,277,144,13.2
Russ Yeast,55629,CB,CAR,1,0,0,,0,0,5,0,0,60.0,61.1,64.1,,,,0,0,0,0,,,0,0,0,0.0,0,0,0,1,0,1,1,0,0,0,0,0,0,1,0,0,0,0,0,0,0,0,0,0,0,
Tre Brown,55677,CB,SEA,6,1,0,64.7,0,0,29,0,0,50.1,52.0,83.1,56.2,62.3,75.0,0,0,0,0,41,5.0,1,1,2,136.6,11,0,0,7,237,164,247,0,0,0,0,0,0,247,1,82,3,3,18,0,17,0,2,169,12,15.4
Deommodore Lenoir,55686,CB,SF,8,7,0,61.5,4,1,28,0,0,71.5,67.6,12.9,46.0,62.5,54.6,0,0,0,2,29,17.3,9,4,5,63.4,32,0,0,72,116,291,488,1,0,0,1,0,0,487,10,187,298,14,36,1,52,0,0,325,173,10.2
Marcus Jones,55717,CB,NE,8,3,0,65.8,1,0,19,1,0,65.5,65.3,29.4,47.0,73.7,66.0,0,2,0,1,45,13.3,4,2,4,104.5,25,0,0,20,109,215,328,3,0,0,3,0,31,325,10,103,165,8,23,0,38,2,3,294,97,11.8
Darious Williams,55724,CB,LA,3,1,0,80.0,0,0,26,0,0,64.8,63.8,81.9,,55.1,45.9,0,0,0,0,27,18.2,2,0,0,107.1,8,0,0,8,149,97,158,0,0,0,0,0,0,158,0,61,1,3,8,1,10,0,0,97,26,12.1
Ja'Marcus Ingram,55738,CB,BUF,6,2,0,66.7,0,0,4,0,0,63.6,69.1,0.0,92.7,74.7,56.4,0,1,1,2,24,16.7,1,2,1,75.3,8,1,0,6,0,75,90,5,0,0,5,0,2,85,3,12,77,2,3,0,12,2,1,85,59,10.6
Faion Hicks,55748,CB,SEA,2,0,0,,0,0,29,0,0,60.0,68.9,69.3,,67.1,74.9,0,0,0,0,,0.0,0,0,0,0.0,0,0,0,6,3,1,14,0,0,0,0,0,0,14,0,13,5,0,2,0,0,0,0,0,0,
Xavier McKinney,55775,S,GB,8,7,0,58.3,0,0,12,1,0,89.7,89.8,45.3,80.5,71.8,73.0,0,2,0,6,33,8.1,3,1,1,50.3,7,1,0,160,1,312,510,23,0,0,23,0,301,487,5,193,25,5,27,1,12,3,0,113,49,16.1
Montaric Brown,55797,CB,JAX,8,9,0,71.7,0,0,15,0,0,62.5,65.8,85.2,,73.9,73.3,0,0,0,0,45,7.7,4,2,3,107.9,33,0,0,37,387,272,437,5,0,0,5,0,0,432,0,165,8,18,39,5,46,0,2,348,115,10.5
Kamren Curl,55800,S,LA,7,8,1,86.7,0,0,26,1,1,47.5,57.0,82.4,78.4,72.2,74.3,0,5,0,0,66,11.4,5,1,2,158.3,13,0,0,143,0,220,433,17,0,0,17,0,233,416,14,199,40,8,31,0,15,5,3,227,117,17.5
Arron Mosby,55908,ED,GB,1,0,0,,0,0,12,0,0,,59.8,69.0,60.0,60.0,,0,0,0,0,,,0,0,0,0.0,0,0,0,0,0,0,2,2,0,0,2,0,0,0,1,1,0,0,0,0,0,0,0,0,0,
Eric Stokes,55912,CB,GB,8,3,0,64.7,0,0,12,0,0,47.8,50.6,82.9,,63.4,72.8,0,0,0,0,31,8.0,2,0,1,108.5,22,0,0,32,267,205,309,3,0,0,3,0,0,306,0,104,7,3,20,0,34,0,2,268,87,12.2
Ameer Speed,55918,CB,CHI,1,0,0,,0,0,6,0,0,61.5,63.3,66.0,,60.0,,0,0,0,0,,,0,0,0,0.0,0,0,0,1,2,2,3,0,0,0,0,0,0,3,0,1,0,0,0,0,0,0,0,0,0,
Grant Stuard,55933,LB,IND,2,6,0,75.0,0,0,14,0,0,52.4,56.4,71.4,56.3,62.9,57.7,0,0,0,0,18,11.1,2,0,0,95.3,6,0,0,79,1,43,95,2,0,0,2,0,1,93,3,49,12,5,10,0,8,0,0,59,45,9.8
Bryan Cook,55940,S,KC,7,8,0,57.9,0,0,16,0,0,51.4,56.8,86.0,57.9,74.1,69.0,0,0,0,1,38,10.0,4,0,0,77.1,11,0,0,111,1,275,418,7,0,0,7,0,242,411,1,142,57,5,28,0,19,0,1,142,45,12.9
Nate Hobbs,55948,CB,LV,8,5,0,65.7,0,0,23,0,0,62.6,62.6,83.6,49.3,63.9,48.7,1,2,0,1,35,17.8,8,3,0,100.2,23,0,0,87,100,249,454,24,0,0,24,0,2,430,21,184,241,14,32,2,35,3,3,224,145,9.7
Tony Adams,55953,S,NYJ,7,14,0,72.7,0,0,22,0,0,75.9,72.9,82.5,58.4,58.6,60.3,0,1,0,0,29,13.2,7,5,2,107.4,8,1,0,206,2,228,417,8,0,0,8,0,151,409,10,179,50,12,32,2,11,2,0,118,27,14.8
Geno Stone,55967,S,CIN,8,10,0,76.2,0,0,7,0,0,46.2,47.3,87.6,56.2,53.3,58.3,2,1,0,1,15,15.1,8,1,0,102.9,16,0,0,109,3,304,542,23,0,0,23,0,387,519,10,228,20,4,35,0,21,3,2,128,72,8.0
Markquese Bell,56033,S,DAL,5,0,0,,0,0,9,0,0,62.6,47.5,0.0,,54.5,30.0,0,0,0,0,,33.3,1,0,1,0.0,0,0,0,10,0,5,26,5,0,0,5,0,10,21,0,21,1,2,2,0,0,0,0,0,0,
Mike Brown,56054,S,TEN,2,1,0,100.0,0,0,31,0,0,39.3,34.3,69.4,,,71.4,0,0,0,0,25,0.0,0,0,0,118.8,1,0,0,0,0,2,2,0,0,0,0,0,1,2,0,0,1,0,0,0,1,0,0,25,3,25.0
Benjamin St-Juste,56061,CB,WAS,8,2,0,64.6,0,1,32,0,0,56.9,55.1,86.0,,43.9,55.9,0,0,0,0,31,10.5,4,7,3,109.7,31,0,0,16,425,267,460,2,0,0,2,0,0,458,0,193,17,3,32,0,48,0,3,380,113,12.3
Reed Blankenship,56065,S,PHI,7,6,0,85.0,0,0,24,0,0,70.9,73.7,84.0,,70.8,62.2,0,0,0,2,21,13.0,6,2,1,62.5,17,0,0,95,1,240,381,0,0,0,0,0,262,381,0,141,23,8,34,0,20,0,0,170,77,10.0
Ty Okada,56089,S,SEA,1,0,0,,0,0,29,0,0,60.0,62.6,68.0,,60.0,,0,0,0,0,,,0,0,0,0.0,0,0,0,2,0,1,6,0,0,0,0,0,4,6,0,5,0,0,0,0,0,0,0,0,0,
Damarri Mathis,56143,CB,DEN,2,0,0,0.0,0,0,10,0,0,74.4,74.8,73.3,,60.4,72.8,0,0,0,0,,0.0,0,1,0,39.6,0,0,0,0,11,11,13,0,0,0,0,0,0,13,0,2,1,0,1,0,2,0,0,0,0,
Jason Pinnock,56144,S,NYG,8,8,0,81.8,1,0,21,0,0,52.0,57.1,87.5,91.0,57.4,40.9,0,2,0,0,29,20.9,9,1,2,109.5,9,3,0,89,0,281,471,9,0,0,9,0,332,462,11,179,41,7,26,0,11,5,0,113,25,12.6
Tre Avery,56146,CB,TEN,1,0,0,,0,0,31,0,0,60.0,61.1,64.5,,,,0,0,0,0,,,0,0,0,0.0,0,0,0,0,1,1,1,0,0,0,0,0,0,1,0,0,0,0,0,0,0,0,0,0,0,
Marte Mapu,56159,S,NE,4,8,0,80.0,0,0,19,0,0,59.9,58.6,82.2,85.6,51.1,52.3,0,0,0,0,17,18.2,4,2,0,98.1,12,1,0,133,7,125,259,14,0,0,14,0,67,245,5,129,37,5,10,0,15,1,0,113,63,9.4
Keisean Nixon,56167,CB,GB,8,9,0,65.7,0,1,12,0,0,55.4,60.3,43.7,93.0,63.8,55.8,1,1,0,0,27,15.0,6,3,3,111.4,23,2,0,55,201,289,460,1,0,0,1,0,2,459,8,163,201,12,25,1,35,4,3,218,53,9.5
Christian Braswell,56207,CB,JAX,2,0,0,100.0,0,0,15,0,0,74.9,71.4,74.0,,51.6,84.2,0,0,0,0,10,0.0,0,0,0,93.8,4,0,0,5,1,30,42,0,0,0,0,0,0,42,0,12,36,1,3,0,4,0,0,26,38,6.5
Quentin Lake,56245,S,LA,7,14,0,60.9,0,0,26,0,0,56.0,60.4,84.4,65.8,67.2,66.5,1,0,0,0,36,12.1,7,0,2,90.9,14,1,0,106,0,237,446,13,0,0,13,0,193,433,4,205,134,11,37,0,23,2,0,210,72,15.0
Darnay Holmes,56247,CB,LV,2,1,0,66.7,0,0,23,0,0,38.0,48.9,73.6,55.7,76.3,26.7,0,0,0,0,11,50.0,1,0,0,77.1,2,0,0,1,0,8,16,1,0,0,1,0,0,15,3,5,14,0,0,0,3,0,0,14,4,7.0
Jaylon Johnson,56259,CB,CHI,7,2,0,52.2,0,0,6,0,0,75.9,77.1,86.1,,74.0,52.5,0,0,0,2,44,18.2,4,2,0,35.8,12,0,0,8,399,262,426,13,0,0,13,0,2,413,0,164,4,8,16,3,23,0,0,146,40,12.2
Elijah Molden,56290,S,LAC,7,8,0,77.8,0,0,27,1,0,83.2,87.8,82.4,59.7,77.3,81.4,0,0,0,2,18,4.0,1,0,0,54.9,7,0,0,24,1,195,276,0,0,0,0,0,235,276,1,80,16,6,16,0,9,0,0,60,25,8.6
Devon Key,56307,S,DEN,5,4,0,50.0,0,0,10,0,0,50.9,55.3,80.3,68.8,69.7,84.6,0,0,0,0,23,0.0,0,0,0,111.1,3,1,0,20,4,61,91,2,0,0,2,0,57,89,2,28,8,1,2,0,6,1,1,40,13,13.3
Jose Ramirez,56323,ED,TB,1,0,0,,0,0,30,0,0,,32.6,0.0,50.2,60.0,,0,1,0,0,,,0,0,1,0.0,0,0,0,0,0,0,14,14,0,0,13,1,0,0,13,1,0,0,0,0,0,1,0,0,0,
Victor Dimukeje,56347,ED,ARZ,4,1,0,0.0,0,1,1,0,0,94.0,91.4,77.7,71.3,66.4,74.9,3,0,0,0,,0.0,0,0,0,39.6,0,0,0,2,0,4,44,41,0,0,41,0,0,3,14,26,1,2,3,1,1,3,0,0,0,
Zach Carter,56349,DI,LV,4,3,0,,0,0,23,0,0,60.0,44.3,42.7,49.6,49.4,55.3,0,1,0,0,,10.0,1,0,1,0.0,0,1,0,0,0,0,151,151,6,130,4,11,0,0,80,71,0,5,6,0,0,2,0,0,0,
A.J. Epenesa,56369,ED,BUF,8,3,0,100.0,0,1,4,0,0,49.4,58.4,68.1,55.1,66.4,68.0,5,4,0,0,28,8.3,1,1,1,118.8,1,4,0,0,1,8,309,307,0,5,278,24,1,2,193,108,0,11,8,0,1,13,0,28,24,28.0
Andre Jones Jr.,56395,ED,WAS,2,0,0,,0,0,32,0,0,60.0,39.3,77.0,52.7,42.2,69.2,0,0,0,0,,0.0,0,0,0,0.0,0,0,0,0,0,1,17,17,0,0,17,0,0,0,7,9,0,1,1,0,0,0,0,0,0,
Neil Farrell Jr.,56401,DI,MIA,1,0,0,,0,0,17,0,0,,30.1,0.0,55.5,52.3,,0,0,0,0,,,0,0,1,0.0,0,0,0,0,0,0,11,11,2,9,0,0,0,0,6,5,0,0,0,0,0,0,0,0,0,
Earnest Brown IV,56428,DI,TB,2,0,0,,0,0,30,0,0,,49.9,75.4,53.0,53.7,,0,0,0,0,,,0,0,0,0.0,0,0,0,0,0,0,18,18,0,3,8,7,0,0,7,11,0,0,0,0,0,0,0,0,0,
Chase Young,56436,ED,NO,8,2,1,,0,0,20,0,0,78.3,56.3,52.8,59.2,49.2,61.3,8,19,0,0,,11.8,2,0,2,0.0,0,3,0,1,0,11,375,373,0,4,337,32,0,2,251,113,1,12,13,3,0,30,0,0,0,
Yetur Gross-Matos,56444,ED,SF,3,0,0,,0,0,28,0,0,,55.9,82.1,59.9,49.9,69.2,1,4,0,0,,0.0,0,0,0,0.0,0,0,0,0,0,0,81,81,0,3,63,15,0,0,50,31,0,0,1,0,0,5,0,0,0,
Patrick Johnson,56460,ED,NYG,3,1,0,,0,0,21,0,0,,37.2,76.1,61.1,35.2,24.8,1,0,0,0,,50.0,1,0,0,0.0,0,0,0,0,0,0,18,18,0,0,18,0,0,0,8,10,0,0,0,0,0,1,0,0,0,
LaBryan Ray,56501,DI,CAR,7,4,0,,0,0,5,0,0,,41.5,84.5,48.5,42.2,75.8,0,2,0,0,,0.0,0,0,0,0.0,0,1,0,0,0,0,279,278,0,174,11,93,0,1,121,158,0,10,14,0,0,3,0,0,0,
Phidarian Mathis,56504,DI,WAS,8,4,1,,0,0,32,0,0,62.7,40.5,46.6,53.5,38.8,73.4,0,4,0,0,,0.0,0,0,1,0.0,0,0,0,0,0,0,169,169,21,138,0,10,0,0,86,83,0,5,6,2,0,4,0,0,0,
D.J. Davidson,56523,DI,NYG,8,6,0,,0,0,21,0,0,60.7,45.2,50.3,64.4,40.8,42.3,0,4,0,0,,11.8,2,0,1,0.0,0,2,0,0,0,1,179,179,48,112,0,19,0,0,76,102,0,8,9,0,0,6,0,0,0,
T.J. Slaton,56597,DI,GB,8,8,0,,0,0,12,0,0,60.0,40.1,53.2,60.3,38.8,29.4,2,6,0,0,,17.6,3,0,1,0.0,0,0,0,0,0,0,198,198,25,162,0,11,0,0,89,109,0,5,6,0,0,8,0,0,0,
Malik Herring,56616,ED,KC,7,1,0,100.0,0,0,16,0,0,61.1,64.8,83.0,58.2,64.8,75.5,2,2,0,0,7,0.0,0,0,0,95.8,1,0,0,0,0,2,86,86,0,7,69,10,0,0,43,41,0,4,6,1,1,4,0,7,3,7.0
Payton Turner,56624,ED,NO,7,2,2,,0,1,20,0,0,60.0,65.3,43.6,71.5,56.1,28.9,0,3,0,0,,33.3,2,0,1,0.0,0,1,0,0,0,0,129,129,1,3,98,27,0,0,75,54,0,3,2,0,0,4,0,0,0,
Mike Greene,56664,DI,TB,3,1,0,,0,0,30,0,0,,59.4,77.9,54.9,62.3,68.7,0,0,0,0,,0.0,0,0,0,0.0,0,0,0,0,0,0,58,58,0,34,3,21,0,0,33,25,0,1,1,0,0,0,0,0,0,
Quinton Bohanna,56673,DI,SEA,1,0,0,,0,0,29,0,0,,65.9,71.9,60.0,62.3,,0,0,0,0,,,0,0,0,0.0,0,0,0,0,0,0,6,6,3,3,0,0,0,0,1,5,0,0,0,0,0,0,0,0,0,
Milton Williams,56682,DI,PHI,7,1,0,,0,0,24,0,0,60.3,68.7,82.6,79.9,51.0,59.8,0,6,0,0,,11.1,1,0,0,0.0,0,3,0,1,0,1,201,200,5,154,10,31,0,1,113,87,0,6,7,2,0,9,0,0,0,
DJ Johnson,56704,ED,CAR,8,9,1,100.0,1,0,5,0,0,62.4,53.1,31.4,54.0,56.9,65.0,0,0,0,0,3,7.4,2,0,2,118.8,1,1,0,3,0,16,247,240,0,0,239,1,0,7,86,145,4,11,16,0,1,1,1,3,1,3.0
Kwity Paye,56713,ED,IND,6,2,0,,0,0,14,0,0,71.4,59.9,88.1,57.7,54.3,52.7,3,10,0,0,,7.1,1,0,0,0.0,0,2,0,2,1,4,288,285,0,2,281,2,0,3,161,123,0,11,11,2,0,15,0,0,0,
Jordan Elliott,56734,DI,SF,7,2,0,,0,0,28,0,0,62.2,60.3,48.0,51.5,66.0,56.6,1,2,0,0,,9.1,1,0,1,0.0,0,0,0,0,0,0,176,175,16,142,0,17,0,1,91,85,0,5,8,0,0,3,0,0,0,
Jordon Riley,56759,DI,NYG,6,0,0,,0,0,21,0,0,,54.8,78.3,64.8,52.2,69.7,0,1,0,0,,0.0,0,0,0,0.0,0,0,0,0,0,0,35,35,29,6,0,0,0,0,11,24,0,4,4,1,0,1,0,0,0,
Kurt Hinish,56787,DI,HST,2,1,0,,0,0,13,0,0,,54.1,76.0,59.2,53.3,28.4,0,0,0,0,,33.3,1,0,0,0.0,0,0,0,0,0,0,27,27,1,24,0,2,0,0,13,14,0,1,1,0,0,0,0,0,0,
Isaiah Thomas,56798,ED,DET,1,2,0,100.0,0,0,11,1,0,72.2,68.0,80.1,60.9,59.3,72.6,0,1,0,0,0,0.0,0,0,0,79.2,1,0,0,0,0,2,38,38,0,0,38,0,0,0,16,20,0,1,1,0,1,1,0,0,1,0.0
Javon Kinlaw,56834,DI,NYJ,8,3,0,,0,0,22,0,0,59.6,51.2,21.8,64.7,47.8,55.7,2,12,0,0,,9.1,2,0,3,0.0,0,2,0,0,0,1,297,297,5,141,4,147,0,0,168,128,0,16,17,1,0,16,0,0,0,
Kingsley Jonathan,56856,ED,BUF,1,0,0,,0,0,4,0,0,,65.2,70.6,64.2,60.0,,1,0,0,0,,,0,0,0,0.0,0,0,0,0,0,0,7,7,0,0,7,0,0,0,6,1,0,0,0,0,0,1,0,0,0,
Arnold Ebiketie,56862,ED,ATL,8,3,1,50.0,0,0,2,0,0,75.5,71.6,82.9,65.2,64.3,71.1,4,9,0,0,4,5.9,1,0,0,56.3,1,0,0,0,0,23,238,237,0,1,234,2,0,1,138,77,1,7,13,1,2,13,0,4,1,4.0
Ta'Quon Graham,56868,DI,ATL,8,2,0,,1,0,2,0,0,60.0,64.7,82.1,57.7,66.2,56.8,0,4,0,0,,10.0,1,0,1,0.0,0,0,0,0,0,1,166,166,6,112,3,45,0,0,94,71,0,6,7,0,0,4,0,0,0,
Micheal Clemons,56872,ED,NYJ,8,1,0,,0,0,22,0,0,60.3,53.2,70.5,56.6,50.8,64.8,3,11,0,0,,9.1,1,0,1,0.0,0,3,0,3,0,1,314,311,0,4,293,14,0,3,179,134,0,9,9,0,0,17,0,0,0,
Jayden Peevy,56876,DI,CAR,4,2,1,,0,1,5,0,0,59.5,67.7,79.2,72.1,56.5,72.0,2,1,0,0,,0.0,0,0,0,0.0,0,2,0,0,0,1,84,84,1,44,8,31,0,0,52,31,0,4,3,0,0,5,0,0,0,
Jaelan Phillips,56902,ED,MIA,4,2,1,66.7,0,0,17,0,0,60.4,66.1,40.4,65.2,67.5,33.2,1,5,0,0,9,28.6,2,0,1,74.3,2,1,0,2,0,18,134,130,0,0,128,2,0,4,66,50,2,3,3,0,3,7,0,12,16,6.0
Jay Tufele,56913,DI,CIN,5,4,0,,0,0,7,0,0,60.0,44.7,81.9,55.5,45.0,29.7,0,2,0,0,,25.0,3,0,0,0.0,0,1,0,0,0,0,146,146,24,117,0,5,0,0,67,79,0,3,5,1,0,3,0,0,0,
Dayo Odeyingbo,56923,ED,IND,8,1,0,,0,0,14,1,0,74.1,67.3,71.5,65.8,58.1,37.5,7,10,0,0,,21.4,3,0,1,0.0,0,4,0,1,1,1,356,354,5,18,282,49,0,2,213,142,0,12,10,3,0,21,0,0,0,
DeAngelo Malone,56941,ED,ATL,1,0,0,,0,0,2,0,0,,60.0,60.0,,60.0,,0,0,0,0,,,0,0,0,0.0,0,0,0,0,0,0,1,0,0,0,0,0,0,1,0,1,0,0,0,0,0,0,0,0,0,
Jordan Jackson,56957,DI,DEN,8,5,0,,0,0,10,0,0,60.0,52.9,45.4,59.2,52.5,56.1,0,6,0,0,,10.0,1,0,1,0.0,0,0,0,1,0,0,164,163,0,59,14,90,0,1,80,84,0,3,4,0,0,6,0,0,0,
James Lynch,56962,DI,TEN,7,3,0,,0,0,31,0,0,59.7,51.5,79.9,54.8,52.0,73.0,0,2,0,0,,0.0,0,0,0,0.0,0,0,0,0,0,1,82,82,0,57,10,15,0,0,43,38,0,2,3,1,0,2,0,0,0,
Brandon Pili,57036,DI,MIA,7,0,0,,0,0,17,0,0,,62.5,79.0,57.4,62.1,68.7,1,0,0,0,,0.0,0,0,0,0.0,0,0,0,0,0,0,59,59,12,43,1,3,0,0,16,43,0,2,2,0,0,1,0,0,0,
Troy Andersen,57317,LB,ATL,4,14,0,86.7,0,0,2,0,0,67.5,67.0,81.6,49.6,65.7,76.2,0,1,1,1,18,6.4,3,0,0,63.3,13,0,0,215,0,106,229,7,0,0,7,0,0,222,23,100,7,11,30,1,15,1,0,88,56,6.8
Raheem Blackshear,57385,HB,CAR,1,0,0,,0,0,5,0,0,60.7,82.6,67.6,,,,0,0,0,0,,,0,0,0,0.0,0,0,0,0,0,1,1,0,0,0,0,0,0,1,0,0,0,0,0,0,0,0,0,0,0,
Jack Gibbens,57662,LB,TEN,5,4,0,100.0,0,0,31,0,0,69.7,75.5,77.1,53.7,74.1,66.4,1,0,0,0,24,7.7,1,0,0,110.4,4,0,0,88,1,48,95,3,0,0,3,0,0,92,4,43,3,4,8,0,4,1,0,42,36,10.5
D'Marco Jackson,57691,LB,NO,3,4,0,100.0,0,0,20,0,0,60.7,61.1,79.3,52.3,62.5,80.3,0,0,0,0,10,0.0,0,0,0,97.9,2,0,0,25,0,26,66,39,0,0,39,0,0,27,8,32,2,2,3,0,2,0,0,15,9,7.5
Tony Fields II,57698,LB,CLV,1,1,0,,0,0,8,0,0,64.2,74.4,70.3,59.4,71.7,76.1,0,0,0,0,,0.0,0,0,0,0.0,0,0,0,11,0,5,14,2,0,0,2,0,0,12,1,8,1,1,1,0,0,0,0,0,0,
Jon Rhattigan,57718,LB,CAR,1,0,0,,0,0,5,0,0,60.7,82.6,67.6,,,,0,0,0,0,,,0,0,0,0.0,0,0,0,0,0,1,1,0,0,0,0,0,0,1,0,0,0,0,0,0,0,0,0,0,0,
Chandler Wooten,57726,LB,CAR,2,2,0,100.0,0,0,5,0,0,70.5,59.6,73.9,66.3,50.3,30.0,0,0,0,0,3,33.3,3,0,0,79.2,1,0,0,55,0,16,59,0,0,0,0,0,0,59,3,40,4,1,4,0,1,0,0,3,0,3.0
K.J. Britt,57727,LB,TB,8,13,0,83.3,0,0,30,0,0,32.3,37.7,2.3,65.5,54.3,43.8,1,5,0,0,32,16.7,10,0,2,119.8,20,1,0,422,0,239,436,6,0,0,6,0,0,430,33,164,8,14,37,0,24,7,1,226,146,11.3
Jalen Pitre,57737,CB,HST,8,8,0,66.7,0,0,13,0,0,68.3,69.2,47.4,54.3,75.0,50.6,1,2,0,1,69,17.8,8,4,3,107.6,22,0,0,153,0,261,470,22,0,0,22,0,4,448,37,172,291,15,29,3,33,3,3,256,117,11.6
Terrel Bernard,57739,LB,BUF,5,5,0,66.7,0,0,4,1,0,49.6,59.1,81.1,59.7,71.2,60.9,1,2,0,1,25,13.5,5,0,0,63.4,12,0,0,250,0,144,261,2,0,0,2,0,2,259,18,99,7,18,27,3,18,3,0,125,52,10.4
Isaiah McDuffie,57754,LB,GB,8,17,0,78.8,0,0,12,0,0,53.7,53.8,81.0,53.6,55.9,42.3,2,2,0,0,29,17.2,10,2,0,117.6,26,0,0,289,0,196,371,34,0,0,34,0,2,337,17,158,46,11,31,0,33,4,2,243,168,9.3
Baylon Spector,57782,LB,BUF,6,8,0,75.0,0,0,4,1,0,43.8,40.0,80.7,62.2,41.8,41.1,1,0,0,0,26,18.9,7,0,0,97.3,15,1,0,218,4,145,246,7,0,0,7,0,6,239,8,93,11,6,22,1,20,2,0,157,92,10.5
Nate Landman,57788,LB,ATL,4,13,0,90.9,0,3,2,0,0,85.8,84.6,8.8,58.5,74.3,70.4,0,1,0,0,18,5.9,2,0,1,129.9,10,0,0,190,0,116,204,7,0,0,7,0,2,197,7,81,5,7,19,1,11,1,1,87,90,8.7
Ventrell Miller,57809,LB,JAX,8,11,0,84.0,0,1,15,0,0,38.8,52.4,79.6,58.3,70.9,37.7,0,2,0,0,28,20.3,12,1,1,100.7,21,0,0,252,2,147,278,6,0,0,6,0,0,272,8,123,18,23,36,3,25,2,0,204,99,9.7
James Houston,57810,ED,DET,4,0,0,,1,0,11,0,0,60.0,40.7,0.0,53.0,62.3,35.4,1,3,0,0,,33.3,1,0,2,0.0,0,0,0,0,0,1,45,45,0,0,45,0,0,0,37,7,0,1,2,0,0,4,0,0,0,
Mykal Walker,57834,LB,WAS,6,6,0,100.0,0,0,32,0,0,43.8,57.3,72.4,58.4,66.2,80.9,0,0,0,0,18,0.0,0,0,0,118.8,1,0,0,32,0,7,40,6,0,0,6,0,0,34,1,32,2,1,2,0,1,0,0,18,6,18.0
Robert Beal Jr.,57840,ED,SF,8,2,0,,0,0,28,0,0,61.5,55.9,82.1,55.1,55.4,72.6,0,1,0,0,,0.0,0,0,0,0.0,0,0,0,0,0,3,65,64,0,0,64,0,0,1,30,32,0,0,1,0,0,1,0,0,0,
Jake Hummel,57879,LB,LA,1,0,0,100.0,0,0,26,0,0,38.6,37.5,71.0,,61.9,71.7,0,0,0,0,25,0.0,0,0,0,118.8,1,0,0,10,0,6,10,0,0,0,0,0,0,10,0,4,0,0,1,0,1,0,0,25,23,25.0
Isaac Ukwu,57888,ED,DET,2,1,0,,0,0,11,0,0,67.7,59.6,82.6,53.5,57.9,72.6,0,1,0,0,,0.0,0,0,0,0.0,0,0,0,0,0,1,70,70,0,0,70,0,0,0,47,22,0,1,2,0,0,1,0,0,0,
Jamin Davis,57905,ED,WAS,5,2,0,100.0,0,0,32,0,0,65.9,71.2,82.7,49.8,79.0,78.1,0,1,0,0,6,0.0,0,0,0,91.7,1,0,0,1,0,7,86,85,0,2,83,0,0,1,37,42,0,7,10,1,1,1,0,6,3,6.0
Josh Paschal,57908,ED,DET,6,1,0,100.0,0,0,11,0,0,65.3,58.0,58.4,53.4,64.4,57.0,2,5,0,0,3,12.5,1,0,1,79.2,1,1,0,1,0,3,199,196,0,9,160,27,2,3,148,48,0,6,6,1,1,8,0,3,4,3.0
Patrick Queen,57941,LB,PIT,8,18,1,84.8,0,0,25,0,0,54.1,50.9,83.4,81.1,41.7,49.6,3,1,0,0,22,16.9,11,1,0,102.0,28,0,0,432,8,288,496,8,0,0,8,0,7,488,28,180,41,10,36,1,33,4,0,280,150,10.0
K'Lavon Chaisson,57945,ED,LV,6,2,0,100.0,0,0,23,0,0,43.9,58.1,50.6,60.6,73.8,29.8,2,5,0,0,5,31.3,5,0,3,83.3,3,1,0,0,0,12,147,147,0,0,142,5,0,0,101,34,0,7,9,0,3,8,0,12,16,4.0
J.J. Russell,57958,LB,TB,4,0,0,100.0,0,0,30,0,0,51.5,51.3,71.6,58.7,61.7,77.7,0,0,0,0,6,0.0,0,0,1,121.5,3,0,0,12,0,12,18,1,0,0,1,0,0,17,2,4,4,2,3,0,3,0,1,11,12,3.7
Willie Gay,57987,LB,NO,7,1,0,64.3,0,1,20,2,0,37.9,44.4,82.2,52.4,58.2,58.5,0,2,0,0,55,14.3,2,1,0,115.8,9,1,0,98,0,81,178,68,0,0,68,0,0,110,16,81,12,6,11,1,14,3,1,122,126,13.6
Jeremiah Owusu-Koramoah,58089,LB,CLV,8,10,1,81.8,0,1,8,0,0,52.3,80.6,83.1,77.0,91.7,29.2,1,9,0,1,28,21.5,14,1,0,91.7,18,3,0,345,5,207,460,84,0,0,84,0,5,376,57,196,21,26,41,7,22,13,0,232,132,12.9
Pete Werner,58093,LB,NO,5,5,0,87.5,0,0,20,0,0,65.3,65.0,81.7,50.7,64.3,70.5,0,1,0,0,16,6.5,2,0,0,87.5,14,0,0,231,4,164,283,25,0,0,25,0,0,258,20,99,23,10,24,2,16,1,0,80,67,5.7
Baron Browning,58095,ED,DEN,4,2,0,50.0,0,0,10,0,0,48.9,65.9,3.3,69.5,72.6,75.6,0,5,0,0,12,0.0,0,0,2,68.8,1,0,0,1,0,8,122,120,0,0,120,0,0,2,75,39,1,3,3,2,2,5,0,12,15,12.0
Kenneth Murray Jr.,58099,LB,TEN,7,11,0,92.0,0,0,31,0,0,49.5,43.3,83.6,68.7,36.1,65.5,0,3,0,0,30,10.0,5,0,1,140.4,23,2,0,319,4,187,394,37,0,0,37,0,0,357,36,171,34,18,34,3,25,5,4,205,107,8.9
Derrick Barnes,58120,LB,DET,3,2,1,50.0,0,0,11,0,0,66.6,71.8,82.4,57.7,77.2,71.0,0,1,0,0,1,15.4,2,0,0,56.3,1,0,0,34,0,49,120,63,0,0,63,0,0,57,30,41,23,5,9,0,2,1,0,1,4,1.0
Buddy Johnson,58189,LB,DAL,1,0,0,,0,0,9,0,0,,64.8,65.9,,61.6,,0,0,0,0,,,0,0,0,0.0,0,0,0,5,0,0,5,0,0,0,0,0,0,5,0,5,0,0,0,0,0,0,0,0,0,
Devin Lloyd,58238,LB,JAX,7,13,0,83.3,0,1,15,0,0,64.1,75.9,39.8,64.5,88.3,90.3,1,2,0,0,31,2.2,1,1,1,138.7,20,1,0,311,0,217,374,25,0,0,25,0,1,349,15,142,37,13,32,3,24,4,3,187,133,9.4
Joe Tryon-Shoyinka,58272,ED,TB,8,3,1,87.5,1,1,30,0,0,54.1,52.8,26.7,56.8,59.0,47.9,1,13,0,0,20,22.2,4,0,3,92.2,7,1,0,12,0,56,331,312,0,1,302,9,0,19,165,110,7,9,11,1,8,15,0,49,24,7.0
Michael Carter II,60644,CB,NYJ,6,1,0,52.4,1,0,22,1,0,56.8,61.7,79.5,62.9,76.6,64.3,0,2,0,0,22,13.3,2,1,2,63.6,11,0,0,15,5,101,163,2,0,0,2,0,0,161,7,55,141,5,12,0,21,2,0,90,40,8.2
James Pierre,60649,CB,PIT,4,1,0,66.7,0,0,25,0,0,51.7,54.0,77.5,,66.0,77.9,0,0,0,0,20,0.0,0,0,0,106.3,2,0,0,0,46,37,51,0,0,0,0,0,0,51,0,14,5,0,3,0,3,0,0,35,8,17.5
Grant Delpit,60685,S,CLV,7,8,0,73.7,0,0,8,0,0,59.1,61.7,81.4,60.0,64.3,64.7,1,4,0,0,30,10.9,5,0,0,90.5,14,0,0,194,6,233,420,31,0,0,31,0,68,389,21,166,121,17,33,4,19,5,0,123,69,8.8
Malcolm Rodriguez,60731,LB,DET,6,3,0,93.3,0,0,11,1,0,59.6,69.4,80.1,52.6,86.5,67.2,0,0,0,0,18,8.7,2,0,0,97.2,14,2,0,145,4,98,180,7,0,0,7,0,0,173,28,54,24,12,18,0,15,2,0,110,77,7.9
Isaiah Pola-Mao,60781,S,LV,8,6,0,77.8,0,0,23,0,0,69.2,68.3,83.1,57.7,58.9,65.9,0,0,0,0,12,11.8,4,1,0,88.9,7,1,0,75,5,198,352,23,0,0,23,0,218,329,11,143,31,7,24,0,9,1,0,48,25,6.9
Keion White,60998,ED,NE,8,6,2,100.0,0,2,19,0,0,74.3,75.2,49.6,84.3,53.0,69.5,7,15,0,0,24,7.1,2,0,2,108.3,3,5,0,11,0,27,404,390,2,26,248,114,0,14,212,165,2,17,20,2,3,27,0,30,19,10.0
Noah Igbinoghene,61155,CB,WAS,8,1,0,65.6,0,0,32,0,0,59.0,54.3,81.8,53.1,40.1,66.2,0,0,0,0,17,10.7,3,4,3,99.7,21,0,0,47,60,192,307,4,0,0,4,0,4,303,2,113,192,9,24,1,32,0,2,170,75,8.1
Daiyan Henley,61500,LB,LAC,7,13,0,75.7,0,0,27,0,0,69.6,65.0,82.1,48.0,58.4,59.5,1,4,0,0,37,12.9,8,2,0,105.2,28,0,0,322,3,218,372,15,0,0,15,0,0,357,22,132,32,23,41,2,37,5,1,276,231,9.9
Tariq Woolen,61790,CB,SEA,6,2,0,52.9,0,0,29,0,0,72.8,72.8,84.3,67.7,64.5,62.7,0,1,0,1,12,15.0,3,3,2,77.2,9,0,0,26,318,210,358,5,0,0,5,0,3,353,2,146,6,4,15,0,17,1,3,65,11,7.2
Caleb Farley,61803,CB,CAR,1,0,0,,0,0,5,0,0,66.3,67.0,69.4,,60.0,71.6,0,0,0,0,,0.0,0,0,0,0.0,0,0,0,1,0,4,6,0,0,0,0,0,0,6,0,2,5,0,1,0,0,0,0,0,0,
Christian Elliss,61853,LB,NE,7,10,0,66.7,0,0,19,0,0,50.1,69.4,82.6,77.9,77.4,76.8,1,2,0,0,27,4.5,1,1,2,93.1,4,2,0,134,5,75,164,16,0,0,16,0,0,148,22,67,8,6,11,0,6,5,0,51,23,12.8
Joey Blount,62771,S,ARZ,1,0,0,,0,0,1,0,0,,62.0,72.2,,60.0,,0,0,0,0,,,0,0,0,0.0,0,0,0,1,0,0,8,0,0,0,0,0,7,8,0,8,0,0,0,0,0,0,0,0,0,
Charles Snowden,62775,ED,LV,8,6,1,80.0,0,0,23,0,0,52.0,63.2,23.7,59.0,75.4,61.3,4,5,0,0,27,10.0,2,0,2,105.8,4,2,0,2,0,38,202,188,0,0,187,1,0,14,49,115,12,9,12,1,5,11,0,47,11,11.8
Theo Jackson,62919,S,MIN,3,0,0,100.0,0,0,18,0,0,70.3,70.4,73.7,57.3,60.0,76.9,0,0,0,0,17,0.0,0,1,0,112.5,2,0,0,4,0,16,20,3,0,0,3,0,4,17,3,1,8,0,2,0,2,0,0,22,2,11.0
Matthew Butler,62931,DI,LV,3,2,0,,0,0,23,0,0,59.9,48.3,12.5,57.6,52.8,70.1,0,0,0,0,,0.0,0,0,1,0.0,0,0,0,0,0,1,67,67,1,42,1,23,0,0,27,39,0,0,1,0,0,0,0,0,0,
Jack Cochrane,63345,LB,KC,2,1,0,,0,0,16,0,0,61.9,60.7,68.9,57.1,60.4,71.4,0,0,0,0,,0.0,0,0,0,0.0,0,0,0,7,0,3,8,0,0,0,0,0,0,8,2,3,1,0,0,0,0,0,0,0,0,
Winston Reid,63354,LB,CLV,6,1,1,0.0,0,0,8,0,0,84.3,78.3,72.5,64.5,63.2,62.0,0,2,0,0,,16.7,1,1,0,39.6,0,1,0,38,0,11,46,5,0,0,5,0,0,41,4,31,3,2,4,0,1,3,0,0,0,
Akayleb Evans,65033,CB,MIN,1,0,0,,0,0,18,0,0,63.0,63.4,68.1,,,,0,0,0,0,,,0,0,0,0.0,0,0,0,0,3,3,3,0,0,0,0,0,0,3,0,0,0,0,0,0,0,0,0,0,0,
Samuel Womack III,65771,CB,IND,7,1,0,53.3,0,0,14,0,0,73.8,74.4,82.6,,69.6,60.9,0,0,0,0,49,10.0,1,5,0,115.8,8,0,0,14,240,164,261,3,0,0,3,0,1,258,0,97,3,3,8,0,15,0,2,107,34,13.4
John Ridgeway,66694,DI,NO,6,2,0,,0,0,20,0,0,60.0,64.2,81.1,67.7,55.8,72.3,0,5,0,0,,0.0,0,0,0,0.0,0,0,0,1,0,0,114,113,1,107,0,5,0,1,48,66,0,5,6,0,0,5,0,0,0,
Zyon McCollum,66769,CB,TB,8,7,0,47.2,0,0,30,1,0,85.7,84.4,85.1,73.2,63.6,43.4,0,1,0,2,49,14.3,6,6,1,88.4,17,0,0,27,452,329,498,5,0,0,5,0,0,493,2,167,14,6,29,0,36,1,4,286,102,16.8
Tristin McCollum,66771,S,PHI,4,0,0,100.0,0,0,24,0,0,48.4,53.3,75.3,,72.4,58.3,0,0,0,0,15,12.5,1,0,0,118.8,2,0,0,19,0,36,56,1,0,0,1,0,33,55,0,20,3,2,7,0,2,0,0,29,16,14.5
Josh Hayes,66798,CB,TB,1,2,0,100.0,0,0,30,0,0,72.4,75.3,75.9,,72.8,79.1,0,0,0,0,8,0.0,0,0,0,100.0,1,0,0,2,31,11,33,0,0,0,0,0,0,33,0,22,0,2,3,0,1,0,0,8,3,8.0
Kobie Turner,66894,DI,LA,7,7,1,,0,1,26,0,0,61.9,67.7,85.4,61.9,65.4,29.1,0,20,0,0,,20.0,6,0,0,0.0,0,3,0,1,0,0,369,368,58,236,6,68,0,1,215,154,0,18,17,1,0,23,0,0,0,
Zach Sieler,66917,DI,MIA,6,6,0,,0,0,17,1,0,70.2,70.2,84.0,64.4,60.5,26.9,2,14,0,1,,26.1,6,0,0,0.0,0,2,0,1,0,2,277,276,9,213,17,37,0,1,152,123,0,12,11,2,0,18,0,0,0,
Dennis Gardeck,66928,ED,ARZ,7,3,1,75.0,0,1,1,0,0,79.0,72.0,52.5,68.2,62.8,81.9,2,7,0,1,9,0.0,0,0,1,43.8,3,3,0,1,0,29,206,196,0,0,196,0,0,10,96,81,9,11,14,3,4,12,0,18,9,6.0
Jonathan Owens,66930,S,CHI,2,0,0,,0,0,6,0,0,62.5,63.9,73.7,,60.0,,0,0,0,0,,,0,0,0,0.0,0,0,0,2,0,11,12,0,0,0,0,0,9,12,0,1,1,0,0,0,0,0,0,0,0,
Tavierre Thomas,66931,CB,TB,2,0,0,,0,0,30,0,0,68.0,49.8,86.6,,60.0,23.1,0,0,0,0,,100.0,1,0,0,0.0,0,0,0,0,0,2,3,0,0,0,0,0,0,3,0,1,2,0,0,0,0,0,0,0,0,
Trent McDuffie,72191,CB,KC,7,4,0,62.1,3,0,16,0,0,71.2,74.2,45.3,90.2,78.5,75.6,3,0,0,0,26,7.4,2,2,6,78.5,18,0,0,25,290,277,435,18,0,0,18,0,1,417,10,148,101,10,21,2,29,3,0,172,65,9.6
Evan Williams,73864,S,GB,7,5,0,50.0,0,1,12,0,0,80.5,87.4,85.6,,81.4,68.3,0,0,0,1,30,10.7,3,2,0,31.6,6,0,0,43,0,144,231,13,0,0,13,0,148,218,0,87,27,6,20,1,12,0,0,65,38,10.8
Jonah Laulu,75763,DI,LV,6,2,0,,0,0,23,0,0,59.3,52.0,79.9,50.4,55.5,69.5,0,2,0,0,,0.0,0,0,0,0.0,0,0,0,0,0,1,97,97,0,52,0,45,0,0,37,59,0,0,0,0,0,2,0,0,0,
Chad Muma,75818,LB,JAX,7,9,0,100.0,0,0,15,0,0,63.3,60.0,82.6,51.2,55.6,82.2,0,0,0,0,19,3.7,1,0,0,140.9,13,1,0,143,1,123,215,34,0,0,34,0,1,181,11,81,36,5,17,0,13,1,2,108,84,8.3
Asante Samuel Jr.,76625,CB,LAC,4,2,0,66.7,0,0,27,0,0,58.6,59.3,81.8,,59.8,29.5,0,0,0,0,33,22.2,4,1,1,87.3,12,0,0,22,208,142,234,2,0,0,2,0,0,232,0,92,2,4,12,0,18,0,0,128,65,10.7
Isaiah Bolden,76626,CB,NE,1,0,0,,0,0,19,0,0,60.0,49.7,67.6,,51.8,,0,0,0,0,,,0,0,0,0.0,0,0,0,4,3,1,7,0,0,0,0,0,0,7,0,6,0,0,0,0,0,0,0,0,0,
Andre Cisco,76641,S,JAX,8,11,0,69.6,0,0,15,0,0,51.5,53.6,91.0,53.9,59.4,34.0,0,0,0,1,67,19.6,10,3,0,133.6,16,0,0,99,3,339,535,18,0,0,18,0,383,517,4,192,32,6,30,0,23,0,3,350,177,21.9
Juanyeh Thomas,76655,S,DAL,6,0,0,,0,0,9,0,0,41.0,43.7,72.5,56.3,65.0,77.3,0,0,0,0,,0.0,0,0,0,0.0,0,0,0,10,1,8,30,0,0,0,0,0,12,30,2,20,7,0,1,0,0,0,0,0,0,
Chamarri Conner,76662,S,KC,7,4,0,76.0,0,0,16,1,1,68.1,71.0,19.0,69.6,74.7,37.6,1,1,0,1,37,18.9,7,1,1,78.9,19,1,0,101,3,172,252,10,0,0,10,0,26,242,15,65,112,14,26,0,25,3,0,181,140,9.5
DJ Ivey,76670,CB,CIN,2,0,0,,0,0,7,0,0,64.0,64.5,71.0,,,,0,0,0,0,,,0,0,0,0.0,0,0,0,1,1,9,9,0,0,0,0,0,2,9,0,0,5,0,0,0,0,0,0,0,0,
DeMarvion Overshown,76729,LB,DAL,7,13,0,92.0,0,1,9,0,0,64.7,60.4,82.1,67.5,52.1,56.6,1,3,0,0,29,14.0,8,2,0,116.8,23,2,0,297,6,174,359,38,0,0,38,0,3,321,22,163,15,21,36,0,25,6,1,221,181,9.6
Xavier Thomas,76807,ED,ARZ,5,0,0,100.0,0,0,1,0,0,34.2,40.5,79.3,52.2,47.3,70.5,0,2,0,0,20,0.0,0,0,0,118.8,1,0,0,0,0,8,72,72,0,0,71,1,0,0,41,23,0,0,1,0,1,2,0,20,11,20.0
KJ Henry,76808,ED,DAL,4,1,0,,0,0,9,0,0,60.0,56.5,80.8,65.5,46.6,70.6,0,1,0,0,,0.0,0,0,0,0.0,0,1,0,0,0,1,51,51,0,1,47,3,0,0,28,22,0,1,0,0,0,2,0,0,0,
Tyler Lacy,76836,DI,JAX,6,3,0,,0,0,15,0,0,60.0,57.1,81.8,55.2,57.5,71.8,1,2,0,0,,0.0,0,0,0,0.0,0,0,0,0,0,0,126,126,15,108,0,3,0,0,68,58,0,1,3,0,0,3,0,0,0,
Ochaun Mathis,76838,ED,NE,2,0,0,,0,0,19,0,0,60.0,59.9,70.4,56.6,60.7,69.9,0,0,0,0,,0.0,0,0,0,0.0,0,0,0,0,0,1,5,5,0,0,5,0,0,0,2,2,0,1,1,0,0,0,0,0,0,
Will McDonald IV,76842,ED,NYJ,8,0,1,,0,0,22,0,0,62.4,54.1,50.5,72.1,32.2,27.0,4,15,0,0,,53.8,7,0,2,0.0,0,8,0,8,0,6,318,310,0,3,300,7,0,8,188,124,0,11,6,0,0,27,0,0,0,
Desjuan Johnson,76850,DI,LA,2,1,0,,0,0,26,0,0,,74.2,75.2,66.3,69.6,34.0,0,0,0,0,,20.0,1,0,0,0.0,0,0,0,0,0,0,27,27,0,12,3,12,0,0,4,23,0,2,3,0,0,0,0,0,0,
Jalen Redmond,76861,DI,MIN,4,1,0,,0,0,18,0,0,,74.7,76.4,66.3,71.5,70.2,0,1,0,0,,0.0,0,0,0,0.0,0,1,0,0,0,0,41,41,3,12,1,25,0,0,26,15,0,2,1,1,0,2,0,0,0,
Nesta Jade Silvera,76888,DI,LV,6,6,0,,0,0,23,0,0,,44.2,78.5,55.7,44.0,52.6,0,0,0,0,,11.1,1,0,0,0.0,0,0,0,0,0,0,71,71,14,26,0,31,0,0,29,42,0,1,2,0,0,0,0,0,0,
Greg Rousseau,76889,ED,BUF,8,4,2,66.7,0,1,4,0,0,59.5,84.5,70.6,85.8,66.5,43.5,11,23,0,0,14,21.4,6,0,1,95.1,2,4,0,0,1,13,376,374,0,0,367,7,1,2,234,129,0,19,18,5,3,38,0,27,11,13.5
Travis Jones,76914,DI,BLT,8,5,0,,0,0,3,0,0,61.8,78.9,84.8,68.0,77.1,52.3,2,10,0,0,,10.0,2,0,0,0.0,0,1,0,0,0,2,292,292,45,234,1,12,0,0,192,98,0,11,13,2,0,13,0,0,0,
Logan Hall,76919,DI,TB,7,4,1,,0,0,30,1,0,64.6,54.6,84.1,59.6,45.3,38.8,4,5,0,0,,16.7,2,0,0,0.0,0,3,0,1,0,3,268,267,6,117,41,103,0,1,173,92,0,5,6,0,0,12,0,0,0,
Moro Ojomo,76927,DI,PHI,7,1,0,,1,0,24,0,0,,61.7,0.0,72.7,58.0,71.0,1,9,0,0,,20.0,1,0,3,0.0,0,0,0,1,0,0,152,151,1,97,6,47,0,1,106,46,0,1,3,0,0,10,0,0,0,
Keondre Coburn,76928,DI,TEN,5,1,0,,0,0,31,0,0,,35.4,77.9,54.3,35.3,26.2,0,1,0,0,,50.0,1,0,0,0.0,0,0,0,0,0,0,47,47,8,39,0,0,0,0,23,24,0,0,0,0,0,1,0,0,0,
Dante Stills,76937,DI,ARZ,7,7,1,,0,1,1,0,0,60.0,59.1,82.9,52.8,62.8,41.5,1,3,0,0,,15.0,3,0,0,0.0,0,3,0,0,0,0,231,231,1,74,21,135,0,0,127,104,0,10,10,0,0,7,0,0,0,
Karl Brooks,76941,DI,GB,8,3,0,,0,1,12,1,0,79.4,66.1,82.8,59.1,44.3,30.1,2,8,0,0,,23.1,3,0,0,0.0,0,2,0,0,0,3,215,215,7,128,5,75,0,0,144,68,0,9,7,1,0,12,0,0,0,
Braden Fiske,76958,DI,LA,7,6,0,,0,1,26,2,0,59.9,56.9,60.3,62.2,52.8,28.6,1,19,0,0,,21.4,6,0,1,0.0,0,1,0,1,0,2,273,272,0,139,23,110,0,1,162,109,0,12,16,1,0,21,0,0,0,
Alim McNeill,76996,DI,DET,7,0,1,,0,0,11,0,0,71.8,80.2,84.6,75.5,66.6,56.8,1,16,0,0,,22.2,2,0,0,0.0,0,3,0,4,0,3,312,308,33,186,1,88,0,4,226,83,0,7,7,2,0,20,0,0,0,
Amari Gainer,77091,ED,LV,1,1,0,,0,0,23,0,0,60.0,39.1,71.8,55.6,44.1,70.5,0,0,0,0,,0.0,0,0,0,0.0,0,0,0,0,0,1,10,10,0,0,10,0,0,0,3,6,0,0,0,0,0,0,0,0,0,
Yasir Abdullah,77100,LB,JAX,6,1,0,100.0,0,0,15,0,0,63.1,61.2,81.0,56.5,61.1,68.7,0,4,0,0,8,9.1,1,0,0,100.0,1,0,0,15,0,21,103,77,0,0,77,0,0,26,40,42,11,4,9,0,1,4,0,8,8,8.0
Payton Wilson,77127,LB,PIT,8,8,0,88.9,0,0,25,0,0,62.5,62.5,80.8,75.7,56.2,74.3,2,0,0,0,18,9.8,4,0,0,94.4,16,0,0,206,9,140,235,4,0,0,4,0,0,231,12,83,16,14,29,1,18,2,0,120,113,7.5
Zaven Collins,77190,ED,ARZ,8,7,0,80.0,0,0,1,0,0,83.8,72.6,0.0,53.9,87.8,77.8,0,10,0,0,10,3.4,1,0,4,90.0,4,1,0,17,0,38,276,257,0,0,257,0,0,19,125,113,2,14,21,3,5,11,0,28,34,7.0
Brian Asamoah II,77195,LB,MIN,2,0,0,100.0,0,0,18,0,0,48.3,39.7,74.2,61.9,60.0,26.7,0,0,0,0,9,50.0,1,0,0,104.2,1,0,0,10,0,6,14,3,0,0,3,0,0,11,7,1,0,0,1,0,1,0,0,9,6,9.0
Nik Bonitto,77196,ED,DEN,8,6,0,100.0,1,0,10,0,0,28.4,55.6,42.1,64.7,62.5,26.7,4,11,0,0,14,45.0,9,0,2,114.6,2,6,0,4,0,21,312,305,0,0,305,0,0,7,175,116,3,9,5,1,2,21,0,23,5,11.5
Joseph Ossai,77205,ED,CIN,8,8,0,100.0,0,0,7,0,0,52.2,55.3,85.2,58.4,53.5,49.9,2,5,0,0,12,10.0,2,0,0,97.9,2,0,0,0,0,19,233,233,1,7,216,9,0,0,129,85,0,3,10,0,2,7,0,15,24,7.5
Chase Brown,77787,HB,CIN,1,0,0,,0,0,7,0,0,,60.0,60.0,60.0,,,0,0,0,0,,,0,0,0,0.0,0,0,0,0,0,0,1,0,0,0,0,0,0,1,1,0,0,0,0,0,0,0,0,0,0,
Jarrick Bernard-Converse,77841,CB,NYJ,1,0,0,,0,0,22,0,0,61.5,62.1,66.8,,,,0,0,0,0,,,0,0,0,0.0,0,0,0,0,2,2,2,0,0,0,0,0,0,2,0,0,0,0,0,0,0,0,0,0,0,
Tre'von Moehrig,77847,S,LV,8,13,1,80.0,0,0,23,0,0,46.0,56.6,48.5,61.4,81.0,77.8,1,2,0,2,35,7.3,4,0,1,77.9,16,0,0,173,12,270,497,27,0,0,27,0,210,470,22,205,75,15,38,4,20,3,1,164,94,10.3
Ar'Darius Washington,77848,S,BLT,8,4,0,76.9,0,0,3,0,0,67.8,69.4,81.8,60.1,67.6,76.3,0,0,0,0,28,5.9,1,2,0,119.9,20,1,0,28,2,141,189,3,0,0,3,0,51,186,13,35,105,6,12,1,26,1,2,175,46,8.8
Brayden Willis,77917,TE,SF,1,0,0,,0,0,28,0,0,,60.0,60.0,,60.0,,0,0,0,0,,,0,0,0,0.0,0,0,0,0,0,0,1,0,0,0,0,0,0,1,0,1,0,0,0,0,0,0,0,0,0,
Cobie Durant,79126,CB,LA,7,3,0,51.9,0,1,26,0,0,63.8,69.8,83.8,94.1,71.0,64.9,1,0,0,1,19,4.5,1,2,0,48.7,14,1,0,33,306,212,386,5,0,0,5,0,0,381,3,171,42,3,18,0,27,2,0,122,33,8.7
Christian Benford,79181,CB,BUF,8,4,0,55.2,1,0,4,0,0,76.3,74.8,85.9,54.7,60.8,82.8,0,1,0,1,23,2.8,1,2,4,65.6,16,0,0,22,472,313,503,6,0,0,6,0,0,497,2,188,3,9,31,1,29,1,1,142,104,8.9
Nick Hampton,81162,ED,LA,1,0,0,,0,0,26,0,0,,60.0,63.3,,60.0,,0,0,0,0,,,0,0,0,0.0,0,0,0,0,0,0,1,0,0,0,0,0,0,1,0,1,1,0,0,0,0,0,0,0,0,
Micah McFadden,81246,LB,NYG,7,16,0,100.0,0,1,21,1,0,56.8,73.1,82.0,71.6,79.7,60.8,2,3,0,0,15,11.5,6,0,0,120.1,17,2,0,285,3,135,304,2,0,0,2,0,0,302,22,147,14,18,30,2,17,7,1,138,78,8.1
Damone Clark,81282,LB,DAL,5,3,0,28.6,0,0,9,0,0,59.1,76.5,76.6,74.9,81.0,80.1,0,0,0,0,9,4.5,1,1,0,39.6,2,1,0,131,1,59,138,2,0,0,2,0,0,136,2,77,4,8,18,1,7,1,0,15,6,7.5
Nathaniel Watson,81317,LB,CLV,2,1,0,,0,0,8,0,0,62.0,73.0,73.0,,68.9,77.6,0,0,0,0,,0.0,0,0,0,0.0,0,0,0,11,0,3,13,2,0,0,2,0,0,11,0,10,0,2,2,0,0,0,0,0,0,
Nick Bolton,81322,LB,KC,7,15,0,88.0,0,0,16,0,0,66.7,71.1,83.9,43.3,78.9,63.1,2,2,0,0,49,11.3,7,2,0,113.3,22,0,0,363,0,220,405,22,0,0,22,0,1,383,40,145,19,20,40,7,25,4,1,200,144,9.1
Dylan Horton,81335,ED,HST,4,0,0,,0,0,13,0,0,,52.1,81.6,49.8,58.1,71.7,2,0,0,0,,0.0,0,0,0,0.0,0,0,0,0,0,0,56,56,0,0,56,0,0,0,35,21,0,1,2,0,0,2,0,0,0,
Micah Parsons,81360,ED,DAL,4,1,1,,0,0,9,0,0,79.5,82.4,58.1,82.8,65.9,51.2,5,15,0,0,,22.2,4,0,1,0.0,0,1,0,17,0,4,226,209,0,1,197,11,0,17,120,102,0,11,13,1,0,21,0,0,0,
Jesse Luketa,81361,ED,ARZ,4,1,0,100.0,0,1,1,0,0,76.3,68.4,79.3,51.8,71.7,47.9,0,3,0,0,0,14.3,1,0,0,79.2,1,0,0,3,0,10,79,73,0,0,73,0,0,6,40,29,3,4,5,2,1,3,0,0,3,0.0
Ernest Jones,81399,LB,SEA,7,14,1,84.2,0,0,29,0,0,55.2,60.6,81.9,62.4,64.5,73.4,1,4,0,0,37,5.2,3,0,0,112.7,16,0,0,346,0,190,404,10,0,0,10,0,1,394,38,176,47,23,41,3,19,5,0,210,101,13.1
Azeez Ojulari,81959,ED,NYG,8,6,0,100.0,0,0,21,1,0,61.5,59.8,62.8,57.5,62.1,41.8,0,12,0,0,11,27.3,6,0,1,95.8,2,7,0,6,0,5,269,262,0,1,260,1,0,7,141,123,1,13,10,1,2,19,0,14,5,7.0
Odafe Oweh,82161,ED,BLT,8,2,0,100.0,0,1,3,0,0,62.1,75.8,13.4,76.5,73.7,54.5,6,7,0,0,18,16.7,3,0,4,118.8,2,5,0,1,0,14,324,323,0,4,317,2,0,1,219,91,0,16,13,0,2,18,0,30,19,15.0
Thomas Booker IV,82168,DI,PHI,7,1,1,,0,0,24,0,0,65.6,70.5,79.8,62.1,65.8,72.4,0,2,0,0,,0.0,0,0,0,0.0,0,0,0,0,0,0,77,77,17,51,0,9,0,0,41,36,0,7,8,2,0,2,0,0,0,
Teair Tart,82261,DI,LAC,7,3,1,,0,0,27,1,0,61.7,72.5,28.5,73.9,65.1,38.3,2,3,0,1,,10.0,1,0,1,0.0,0,0,0,0,0,0,98,98,35,57,0,6,0,0,56,42,0,4,6,0,0,5,0,0,0,
Devonte Wyatt,82268,DI,GB,5,3,0,,0,0,12,2,0,63.4,56.8,38.9,59.2,53.7,56.8,1,6,0,0,,11.1,1,0,1,0.0,0,3,0,1,0,1,138,137,3,74,3,57,0,1,97,40,0,7,5,2,0,10,0,0,0,
>>>>>>> 59c3138ebf45ca79cf4f8232d283711d0adbc094
Aidan Hutchinson,82330,ED,DET,5,5,0,50.0,0,1,11,0,0,46.6,94.9,68.2,95.0,70.6,70.4,8,29,0,0,11,15.4,2,0,1,66.7,1,8,0,0,0,5,280,280,0,0,280,0,0,0,198,77,0,12,6,0,2,45,0,11,9,11.0
Eku Leota,82363,ED,PIT,3,0,0,100.0,0,0,25,0,0,66.5,52.0,79.1,53.2,49.1,34.3,0,0,0,0,3,0.0,0,0,0,79.2,1,1,0,0,0,6,69,68,0,0,68,0,0,1,26,37,1,4,3,2,1,1,0,3,6,3.0
Branson Deen,82372,DI,BUF,1,0,0,,0,0,4,0,0,,28.1,72.1,55.8,29.5,19.6,0,0,0,0,,100.0,1,0,0,0.0,0,0,0,0,0,0,9,9,0,9,0,0,0,0,5,4,0,0,0,0,0,0,0,0,0,
Cameron Thomas,82387,ED,KC,2,0,0,,0,0,16,0,0,,31.8,73.4,56.2,44.9,20.9,0,0,0,0,,100.0,1,0,0,0.0,0,0,0,0,0,0,6,6,0,0,6,0,0,0,3,3,0,0,0,0,0,0,0,0,0,
<<<<<<< HEAD
Kingsley Enagbare,82409,ED,GB,11,7,0,,2,2,12,0,0,74.3,61.6,29.2,56.4,68.4,46.7,3,9,0,0,,17.9,5,0,4,0.0,0,2,0,0,0,10,302,302,0,11,280,11,0,0,170,122,0,10,16,1,0,14,0,0,0,
Bobby Brown III,82429,DI,LA,11,15,0,,0,0,26,0,0,60.0,64.5,46.7,55.7,68.9,78.1,1,2,0,0,,0.0,0,0,2,0.0,0,0,0,0,0,0,341,341,40,198,33,70,0,0,141,200,0,11,18,3,0,3,0,0,0,
Tyree Wilson,82432,ED,LV,10,5,0,,1,1,23,0,0,63.0,68.2,66.4,58.4,75.5,41.7,4,11,0,0,,22.2,4,0,1,0.0,0,3,0,0,0,5,293,293,1,32,186,74,0,0,188,100,0,12,9,1,0,18,0,0,0,
Otito Ogbonnia,82450,DI,LAC,11,5,0,,0,0,27,0,0,59.9,43.4,28.0,48.2,51.0,37.8,1,10,0,0,,16.0,4,0,3,0.0,0,0,0,1,0,1,339,338,29,262,1,46,0,1,178,160,0,6,16,0,0,11,0,0,0,
Taki Taimani,82468,DI,MIN,7,1,0,,0,0,18,0,0,,61.2,79.9,48.7,69.9,70.6,0,0,0,0,,0.0,0,0,0,0.0,0,0,0,0,0,0,70,70,27,43,0,0,0,0,44,26,0,1,3,0,0,0,0,0,0,
Brennan Jackson,82474,ED,LA,3,0,0,,0,0,26,0,0,60.0,65.1,74.4,55.4,66.2,70.5,0,0,0,0,,0.0,0,0,0,0.0,0,0,0,0,0,1,18,18,0,0,18,0,0,0,6,11,0,0,1,0,0,0,0,0,0,
Scott Matlock,82482,DI,LAC,11,4,1,,0,0,27,0,0,61.8,46.7,79.8,64.7,33.0,53.5,0,4,0,0,,12.5,1,0,1,0.0,0,1,0,0,0,0,98,98,1,58,1,38,0,0,53,45,0,3,3,0,0,5,0,0,0,
Cameron Young,82499,DI,SEA,1,0,0,,0,0,29,0,0,,44.0,68.3,60.0,60.0,,0,0,0,0,,,0,0,0,0.0,0,0,0,0,0,0,2,2,1,1,0,0,0,0,1,1,0,0,0,0,0,0,0,0,0,
Tommy Togiai,82501,DI,HST,3,2,1,,0,0,13,0,0,,59.3,79.2,70.5,50.3,30.0,0,2,0,0,,16.7,1,0,0,0.0,0,1,0,0,0,0,78,78,0,71,0,7,0,0,39,39,0,4,3,0,0,3,0,0,0,
Quay Walker,82547,LB,GB,10,16,0,73.2,0,0,12,0,0,50.3,55.8,84.7,62.5,61.8,72.3,0,7,0,0,24,9.2,8,2,0,91.7,30,2,0,519,2,301,575,14,0,0,14,0,2,561,52,222,38,24,63,4,41,9,0,282,138,9.4
Jack Sanborn,82566,LB,CHI,11,6,1,75.0,0,0,6,0,0,64.3,72.7,78.2,75.0,68.9,53.7,2,2,0,0,27,14.3,3,2,0,115.6,3,1,0,89,1,37,153,30,0,0,30,0,0,123,16,100,33,7,12,1,4,5,0,49,20,16.3
Ethan Bonner,83091,CB,MIA,1,0,0,,0,0,17,0,0,,31.3,64.8,,46.4,,0,0,0,0,,,0,0,0,0.0,0,0,0,3,1,0,4,0,0,0,0,0,0,4,0,4,0,0,0,0,0,0,0,0,0,
Starling Thomas V,83098,CB,ARZ,11,4,0,55.3,0,1,1,0,0,59.7,59.8,85.4,,56.6,65.6,0,0,0,0,53,10.3,4,3,2,94.5,21,0,0,55,495,333,557,0,0,0,0,0,1,557,0,224,6,8,31,1,38,0,2,263,109,12.5
Pat Surtain II,83119,CB,DEN,11,5,0,71.9,1,0,10,0,0,84.7,83.2,26.4,60.0,78.3,88.6,0,1,1,3,23,0.0,0,3,9,56.4,23,0,0,40,558,413,634,0,0,0,0,0,0,634,1,220,36,8,22,1,32,1,1,177,50,7.7
Jalyn Armour-Davis,83120,CB,BLT,4,1,0,77.8,0,0,3,0,0,57.2,58.6,79.2,,65.4,53.8,0,0,0,0,22,14.3,1,0,1,141.2,7,0,0,3,87,63,94,0,0,0,0,0,0,94,0,31,4,1,5,0,9,0,1,81,26,11.6
Josh Jobe,83122,CB,SEA,5,5,0,52.4,2,0,29,0,0,46.9,50.0,15.2,,77.8,56.8,0,0,0,1,35,14.3,3,3,4,61.8,11,0,0,12,215,163,233,0,0,0,0,0,0,233,0,70,6,3,13,0,21,0,0,181,34,16.5
Jamien Sherwood,83175,LB,NYJ,11,27,0,70.3,0,0,22,0,0,64.2,72.8,57.9,71.2,75.6,61.0,0,6,0,0,30,12.7,14,1,1,88.1,26,2,0,590,3,331,671,39,0,0,39,0,0,632,30,310,39,39,69,6,37,8,0,244,148,9.4
Roger McCreary,83176,CB,TEN,11,4,0,75.6,0,0,31,0,0,65.4,63.7,47.0,58.4,59.4,32.9,1,1,0,0,31,24.4,10,0,1,93.0,34,1,0,64,9,305,490,18,0,0,18,0,2,472,24,161,397,14,27,9,45,3,1,222,198,6.5
Tyson Campbell,83217,CB,JAX,6,7,0,66.7,1,0,15,0,0,56.1,56.0,85.5,,52.8,50.6,0,0,0,0,36,15.2,5,2,3,112.9,18,0,0,30,339,219,397,19,0,0,19,0,0,378,0,178,9,4,21,2,27,0,2,198,82,11.0
Chris Smith II,83220,S,LV,1,1,0,100.0,0,0,23,0,0,65.6,74.6,68.1,,66.2,31.5,0,0,0,0,7,33.3,1,0,0,95.8,1,0,0,5,0,3,11,1,0,0,1,0,2,10,0,8,3,0,1,0,1,0,0,7,10,7.0
Quan Martin,83236,S,WAS,12,18,0,76.9,0,2,32,0,0,53.6,59.7,86.7,62.3,71.3,65.9,1,1,0,0,44,14.1,10,1,0,157.9,10,0,0,95,1,387,700,6,0,0,6,0,548,694,5,308,50,8,43,1,13,2,2,231,94,23.1
Kerby Joseph,83239,S,DET,11,9,0,50.0,0,0,11,0,0,91.5,91.3,86.6,39.9,83.2,80.4,1,0,1,7,51,7.3,4,1,0,34.2,10,0,0,261,6,485,710,16,0,0,16,0,340,694,3,222,87,10,42,2,20,1,0,144,42,14.4
Sydney Brown,83241,S,PHI,5,0,0,50.0,0,0,24,0,0,58.9,60.2,75.9,,60.0,,0,0,0,0,27,,0,1,0,135.4,1,0,0,3,0,17,27,0,0,0,0,0,23,27,0,10,1,0,0,0,2,0,1,27,2,27.0
JuJu Brents,83256,CB,IND,1,4,0,71.4,0,0,14,0,0,50.1,54.7,77.9,,71.6,66.4,0,0,0,0,55,12.5,1,0,0,113.7,5,0,0,3,59,37,62,0,0,0,0,0,0,62,0,25,0,0,3,0,7,0,0,89,18,17.8
Kaevon Merriweather,83257,S,TB,6,0,0,100.0,1,0,30,0,0,52.6,51.2,77.8,58.4,60.0,77.2,0,0,0,0,36,0.0,0,0,1,158.3,1,0,0,6,0,38,45,0,0,0,0,0,32,45,1,6,6,0,1,0,1,0,1,36,17,36.0
Riley Moss,83259,CB,DEN,12,11,0,65.3,1,1,10,1,0,63.4,66.4,86.3,79.0,71.0,56.8,0,3,0,1,30,12.7,10,4,5,91.3,49,0,0,73,629,461,727,0,0,0,0,0,1,727,4,262,23,22,58,1,75,3,2,565,123,11.5
Percy Butler,83271,S,WAS,12,10,0,72.7,0,0,32,0,0,42.0,40.4,79.4,58.3,46.3,48.8,0,1,0,0,43,18.2,6,1,0,142.4,8,0,0,137,9,152,290,6,0,0,6,0,110,284,2,136,27,7,17,2,11,1,2,106,56,13.3
Terell Smith,83302,CB,CHI,6,1,0,75.0,0,0,6,0,0,79.1,79.6,79.6,,73.2,60.6,0,0,0,1,45,11.1,1,1,0,65.6,6,0,0,12,95,66,114,3,0,0,3,0,0,111,0,48,4,3,7,0,8,0,0,78,24,13.0
Jordan Howden,83305,S,NO,11,10,0,53.8,0,0,20,0,0,65.7,70.3,85.5,54.3,77.9,90.8,0,1,0,1,61,0.0,0,0,0,44.1,7,0,0,116,7,275,420,31,0,0,31,0,209,389,14,131,57,11,26,1,13,1,0,91,71,13.0
Keidron Smith,83310,S,DEN,3,1,0,100.0,0,0,10,0,0,37.9,39.8,73.6,59.1,62.5,27.2,0,0,0,0,17,50.0,1,0,1,118.8,1,0,0,7,0,7,17,3,0,0,3,0,6,14,1,9,0,0,0,0,1,0,0,17,11,17.0
Cam Taylor-Britt,83326,CB,CIN,11,8,0,67.2,1,0,7,0,0,56.9,55.7,6.0,73.0,59.2,60.6,0,0,0,1,84,11.3,6,6,5,135.1,39,1,0,64,556,392,655,4,0,0,4,0,2,651,1,262,29,11,39,1,58,1,9,620,194,15.9
Greg Newsome II,83341,CB,CLV,11,3,0,68.3,0,0,8,0,0,52.6,50.9,47.9,44.6,53.0,36.1,0,2,0,0,66,21.9,7,2,2,135.5,28,0,0,29,215,299,493,12,0,0,12,0,2,481,11,183,235,7,22,0,41,2,4,433,205,15.5
Cory Trice Jr.,83353,CB,PIT,3,0,0,50.0,0,0,25,0,0,86.0,86.2,72.8,,60.0,75.0,0,0,0,1,9,0.0,0,0,0,22.9,1,0,0,12,11,27,29,0,0,0,0,0,2,29,0,2,4,0,2,0,2,0,0,9,7,9.0
Tyrek Funderburk,83356,CB,TB,6,1,0,92.9,0,1,30,0,0,55.1,53.3,81.6,,43.6,28.4,0,0,0,0,32,29.4,5,0,0,158.3,13,0,0,11,144,108,163,0,0,0,0,0,0,163,0,55,7,1,11,0,14,0,2,184,72,14.2
Christian Izien,83360,S,TB,10,10,0,78.4,0,0,30,0,0,58.4,61.0,84.4,54.3,71.2,53.5,0,5,0,1,20,18.0,11,2,1,81.2,29,0,0,68,31,316,474,12,0,0,12,0,209,462,22,136,154,12,40,3,37,5,0,229,146,7.9
Jaycee Horn,83375,CB,CAR,11,5,0,53.8,3,0,5,0,0,56.2,61.7,55.1,73.7,78.5,63.4,0,1,0,1,35,11.5,6,7,9,89.7,28,1,0,96,663,407,767,6,0,0,6,0,0,761,5,355,2,22,41,2,52,2,4,313,70,11.2
Israel Mukuamu,83377,CB,DAL,10,1,0,50.0,0,0,9,0,0,54.6,55.7,83.0,49.3,65.0,80.5,1,1,0,1,33,0.0,0,0,0,33.9,4,0,0,18,39,74,129,13,0,0,13,0,8,116,8,47,50,4,6,1,8,2,0,57,20,14.3
Kyler Gordon,83451,CB,CHI,9,13,0,69.7,0,0,6,2,0,67.4,71.3,81.4,46.9,83.3,58.8,0,6,0,0,48,13.7,7,3,0,98.4,23,1,0,109,2,230,416,22,0,0,22,0,0,394,30,156,283,21,31,3,33,7,0,303,182,13.2
Beanie Bishop Jr.,83459,CB,PIT,11,6,0,61.7,0,0,25,0,0,62.1,59.2,7.8,56.5,55.3,76.9,0,1,0,3,34,6.7,2,3,3,73.6,29,1,0,21,9,300,438,9,0,0,9,0,5,429,11,127,394,9,22,2,47,2,3,287,145,9.9
Alontae Taylor,83469,CB,NO,11,3,0,75.0,0,1,20,0,0,36.4,44.6,29.4,71.3,76.8,46.8,1,3,0,0,89,18.6,13,8,5,116.7,57,5,0,54,234,406,652,27,0,0,27,0,1,625,28,218,335,19,54,5,76,9,3,710,370,12.5
Myles Cole,83500,ED,JAX,4,3,0,,0,0,15,0,0,49.7,43.6,82.2,49.5,53.6,30.0,0,0,0,0,,28.6,2,0,1,0.0,0,0,0,0,0,2,62,61,0,1,55,5,0,1,24,36,1,1,2,0,0,0,0,0,0,
Javontae Jean-Baptiste,83514,ED,WAS,7,2,0,,0,0,32,0,0,,63.6,85.1,51.2,72.1,75.2,1,1,0,0,,0.0,0,0,0,0.0,0,1,0,0,0,0,145,145,0,5,129,11,0,0,76,69,0,5,5,0,0,3,0,0,0,
Tyler Allgeier,83639,HB,ATL,1,0,0,,0,0,2,0,0,,60.0,60.0,60.0,,,0,0,0,0,,,0,0,0,0.0,0,0,0,0,0,0,1,0,0,0,0,0,0,1,1,0,0,0,0,0,0,0,0,0,0,
Chris Rodriguez Jr.,83689,HB,WAS,1,0,0,,0,0,32,0,0,,60.0,60.0,60.0,,,0,0,0,0,,,0,0,0,0.0,0,0,0,0,0,0,1,0,0,0,0,0,0,1,1,0,0,0,0,0,0,0,0,0,0,
Amari Burney,83811,LB,LV,5,0,0,75.0,0,0,23,0,0,44.5,49.5,72.6,72.9,55.6,32.0,0,1,0,0,26,25.0,1,0,0,116.7,3,0,0,26,3,22,35,4,0,0,4,0,0,31,5,8,2,1,3,0,4,1,0,56,46,18.7
Corey Ballentine,83833,CB,GB,7,0,0,75.0,0,0,12,0,0,50.4,47.7,76.7,,44.2,75.1,0,0,0,0,29,0.0,0,0,0,156.3,3,0,0,3,35,34,45,0,0,0,0,0,1,45,0,11,6,0,2,0,4,0,1,52,15,17.3
Jevon Holland,83873,S,MIA,9,7,0,66.7,0,1,17,0,0,55.7,62.7,84.1,55.2,79.3,60.3,0,1,0,0,71,14.3,6,1,0,128.3,14,1,0,111,3,288,483,19,0,0,19,0,285,464,14,181,65,7,29,1,21,2,2,196,96,14.0
Talanoa Hufanga,83903,S,SF,2,3,0,100.0,0,0,28,0,0,60.3,59.8,76.7,,57.9,46.0,0,0,0,0,15,20.0,2,0,0,118.8,1,0,0,17,0,36,64,2,0,0,2,0,44,62,0,28,1,0,5,0,1,0,0,15,16,15.0
Lucas Krull,83962,TE,DEN,1,0,0,,0,0,10,0,0,,60.0,60.0,60.0,,,0,0,0,0,,,0,0,0,0.0,0,0,0,0,0,0,1,0,0,0,0,0,0,1,1,0,0,0,0,0,0,0,0,0,0,
Teagan Quitoriano,84036,TE,HST,1,0,0,,0,0,13,0,0,,60.0,60.0,60.0,,,0,0,0,0,,,0,0,0,0.0,0,0,0,0,0,0,1,0,0,0,0,0,0,1,1,0,0,0,0,0,0,0,0,0,0,
Josh Newton,84268,CB,CIN,8,1,0,54.5,0,0,7,0,0,70.8,68.0,81.3,54.5,45.9,81.1,0,0,0,0,24,0.0,0,2,2,77.5,6,0,0,10,64,95,123,0,0,0,0,0,1,123,2,26,47,1,5,0,11,0,0,79,26,13.2
Markees Watts,84537,ED,TB,4,0,0,,0,0,30,0,0,65.1,70.2,72.5,60.9,60.0,,0,1,0,0,,,0,0,0,0.0,0,0,0,0,0,2,11,10,0,0,10,0,0,1,7,2,0,0,0,0,0,1,0,0,0,
Darius Muasau,86008,LB,NYG,7,2,0,80.0,0,0,21,0,0,41.5,55.0,76.2,54.7,69.1,33.4,0,0,0,1,26,26.7,4,0,0,62.9,4,0,0,94,2,38,99,1,0,0,1,0,0,98,5,56,2,5,9,1,5,0,0,43,28,10.8
Rico Payton,86957,CB,NO,4,0,0,0.0,0,0,20,0,0,65.3,66.2,81.7,,63.6,72.5,0,0,0,0,,,0,1,0,39.6,0,0,0,0,19,13,22,0,0,0,0,0,0,22,0,9,2,0,0,0,2,0,0,0,0,
Keenan Isaac,86972,CB,TB,1,0,0,,0,0,30,0,0,60.7,70.6,89.4,,,,0,0,0,0,,,0,0,0,0.0,0,0,0,0,0,1,1,0,0,0,0,0,0,1,0,0,0,0,0,0,0,0,0,0,0,
Chris Williams,87178,DI,CHI,11,1,0,,0,0,6,0,0,60.2,51.9,50.1,63.4,46.0,49.1,1,4,0,0,,8.3,1,0,1,0.0,0,2,0,0,0,1,188,188,7,127,5,49,0,0,105,82,0,7,10,0,0,7,0,0,0,
Nate Adkins,87625,TE,DEN,2,0,0,,0,0,10,0,0,60.7,70.0,60.0,60.0,,,0,0,0,0,,,0,0,1,0.0,0,0,0,0,0,1,2,0,0,0,0,0,0,2,1,0,0,0,0,0,0,0,0,0,0,
Khristian Boyd,88444,DI,NO,6,3,0,,0,0,20,0,0,,51.9,79.4,54.4,52.1,70.3,0,2,0,0,,0.0,0,0,0,0.0,0,0,0,0,0,0,74,74,28,45,0,1,0,0,36,38,0,0,1,0,0,2,0,0,0,
Charles Woods,89148,CB,LA,2,0,0,,0,0,26,0,0,64.3,52.6,70.5,,44.2,26.6,0,0,0,0,,50.0,1,0,0,0.0,0,0,0,3,5,5,13,0,0,0,0,0,0,13,0,8,5,0,1,0,0,0,0,0,0,
Kyle Dugger,90621,S,NE,8,8,1,79.2,0,1,19,0,0,43.1,51.9,83.4,72.0,66.9,62.4,0,3,0,0,56,12.2,6,0,2,146.9,19,1,0,210,12,247,457,38,0,0,38,0,140,419,26,184,57,14,35,4,24,4,3,234,126,12.3
Daniel Hardy,91336,ED,CHI,3,0,0,,0,0,6,0,0,,52.5,74.3,51.6,60.1,,0,1,0,0,,,0,0,0,0.0,0,0,0,0,0,0,10,10,0,0,9,1,0,0,8,2,0,0,0,0,0,1,0,0,0,
E.J. Speed,94351,LB,IND,11,19,1,84.5,0,0,14,0,0,48.6,53.5,36.2,52.9,63.9,49.2,1,6,0,1,28,16.2,19,1,2,97.7,49,0,0,640,3,381,757,40,0,0,40,0,6,717,42,334,68,39,79,5,58,7,1,452,281,9.2
Jonathan Harris,94361,DI,CAR,3,0,0,,0,0,5,0,0,60.0,41.7,77.2,59.8,35.0,70.6,1,1,0,0,,0.0,0,0,0,0.0,0,0,0,1,0,0,48,47,0,26,5,16,0,1,30,18,0,3,4,1,0,2,0,0,0,
Jordan Davis,94854,DI,PHI,11,5,2,,0,0,24,0,0,59.7,68.2,84.0,68.0,62.5,27.2,0,6,0,0,,25.0,5,0,0,0.0,0,1,0,0,0,0,268,268,45,222,1,0,0,0,141,127,0,10,10,1,0,7,0,0,0,
Mike Sainristil,97180,CB,WAS,12,7,0,63.6,0,0,32,0,0,69.3,69.0,86.5,51.8,63.3,64.5,0,0,0,1,41,11.9,8,6,2,99.0,35,0,0,41,491,387,664,5,0,0,5,0,2,659,5,272,125,20,52,1,55,0,4,359,185,10.3
Reddy Steward,97289,CB,CHI,1,0,0,66.7,0,1,6,0,0,72.7,75.1,73.2,65.6,56.8,79.4,0,0,0,0,21,0.0,0,0,0,109.7,2,0,0,1,1,10,18,1,0,0,1,0,0,17,1,7,15,0,1,0,3,0,0,39,18,19.5
Dell Pettus,97290,S,NE,10,6,0,50.0,0,0,19,0,0,68.7,72.6,82.0,63.3,73.0,90.0,0,0,0,0,13,0.0,0,1,1,62.5,3,1,0,79,19,138,239,11,0,0,11,0,74,228,6,95,56,6,16,0,6,1,0,27,16,9.0
Thomas Harper,97325,S,LV,7,1,0,66.7,0,0,23,0,0,55.9,57.1,78.0,58.3,65.7,78.9,0,0,0,0,15,0.0,0,0,0,96.5,2,0,0,13,2,51,64,3,0,0,3,0,39,61,1,12,7,0,3,0,3,0,0,28,17,14.0
Cameron Mitchell,97340,CB,CLV,11,2,0,75.0,0,0,8,0,0,57.2,58.3,80.2,52.0,64.9,27.6,0,0,0,0,29,33.3,5,1,1,118.0,12,0,0,26,12,100,160,4,0,0,4,0,3,156,5,55,115,5,8,1,16,0,1,125,50,10.4
Dadrion Taylor-Demerson,97348,S,ARZ,9,5,0,69.2,0,0,1,0,0,69.4,76.6,80.7,56.6,81.0,59.0,0,0,0,0,46,16.0,4,3,0,99.2,9,0,0,59,0,107,172,3,0,0,3,0,97,169,3,62,13,6,16,1,13,0,0,123,65,13.7
Christian Roland-Wallace,97374,CB,KC,4,0,0,80.0,1,0,16,0,0,56.8,56.3,0.0,68.6,62.9,84.8,2,2,0,1,18,0.0,0,0,1,95.4,8,0,0,10,1,54,69,2,0,0,2,0,0,67,9,6,56,1,9,0,10,4,1,84,28,10.5
John Metchie III,97400,WR,HST,1,0,0,100.0,0,0,13,0,0,93.0,80.1,60.0,,,68.5,0,0,0,0,4,0.0,0,0,0,83.3,1,0,0,0,0,1,1,0,0,0,0,0,0,1,0,0,0,1,1,0,1,0,0,4,0,4.0
Jarrian Jones,97486,CB,JAX,11,4,0,75.0,0,0,15,0,0,58.0,63.8,83.1,50.8,87.5,28.3,0,0,0,1,39,27.3,9,3,1,88.9,27,0,0,31,5,263,403,1,0,0,1,0,3,402,5,135,363,10,20,0,36,0,0,310,223,11.5
Nick Cross,97514,S,IND,12,23,0,72.0,0,1,14,0,0,57.5,63.3,61.9,49.7,73.8,70.5,0,1,0,2,47,10.6,13,1,2,98.3,36,0,0,314,0,453,835,33,0,0,33,0,349,802,11,371,139,28,87,5,50,1,4,314,175,8.7
Dax Hill,97519,CB,CIN,5,5,0,57.9,0,0,7,0,0,68.0,68.2,21.0,81.8,66.0,38.7,0,0,0,0,27,16.7,5,1,1,88.7,11,1,0,36,203,140,262,0,0,0,0,0,0,262,2,120,23,8,20,0,19,1,1,95,47,8.6
Drake Thomas,97525,LB,SEA,4,2,0,60.0,0,0,29,0,0,43.9,47.3,72.4,59.1,62.8,25.4,0,0,0,0,17,33.3,1,1,0,86.3,3,0,0,29,1,21,34,2,0,0,2,0,0,32,1,12,2,0,0,0,5,0,0,41,12,13.7
Tyrique Stevenson,97562,CB,CHI,10,7,0,54.4,1,0,6,0,0,56.4,55.8,15.0,,61.5,58.2,0,0,1,1,61,13.2,7,7,4,89.9,31,0,0,55,431,283,498,3,0,0,3,0,2,495,0,215,7,10,39,1,57,0,3,442,111,14.3
Elijah Chatman,97568,DI,NYG,11,2,0,,0,0,21,1,0,60.8,61.9,81.2,60.0,59.4,73.4,1,10,0,0,,0.0,0,0,0,0.0,0,1,0,0,0,2,166,166,1,45,7,113,0,0,118,46,0,4,5,0,0,12,0,0,0,
Tyler Davis,97610,DI,LA,10,2,0,,0,0,26,0,0,62.3,48.4,50.1,68.3,42.2,63.7,0,3,0,0,,5.0,1,0,1,0.0,0,1,0,0,0,0,178,178,51,115,1,11,0,0,67,111,0,13,17,2,0,4,0,0,0,
Josh Wallace,97676,CB,LA,8,0,0,40.0,0,0,26,0,0,53.7,51.3,78.7,55.6,46.2,25.7,0,0,0,0,12,50.0,2,1,0,83.3,4,0,0,14,21,59,116,1,0,0,1,0,1,115,3,54,79,1,2,0,10,0,1,35,27,8.8
Brandon Joseph,97680,S,DET,6,3,0,66.7,0,0,11,0,0,56.8,51.5,79.9,,39.9,53.5,0,0,0,0,32,16.7,3,0,0,109.7,2,0,0,31,1,125,173,0,0,0,0,0,132,173,0,48,9,1,12,0,3,0,0,41,15,20.5
Alex Austin,97683,CB,NE,1,0,0,100.0,0,0,19,0,0,54.0,55.1,73.2,,60.0,23.2,0,0,0,0,10,100.0,1,0,0,147.9,1,0,0,0,13,10,14,0,0,0,0,0,0,14,0,4,1,0,0,0,1,0,1,10,11,10.0
Dorian Williams,97694,LB,BUF,11,22,0,74.1,0,1,4,2,0,47.0,62.5,82.2,64.2,75.3,69.1,2,5,0,0,27,9.0,9,0,0,105.8,40,0,0,493,0,261,543,15,0,0,15,0,0,528,32,250,35,38,69,5,54,7,3,304,178,7.6
Ronnie Hickman Jr.,97702,S,CLV,8,4,0,57.1,0,0,8,1,0,68.6,74.0,80.6,66.5,73.5,69.8,1,0,0,0,23,11.1,3,0,0,75.3,4,0,0,18,1,134,231,3,0,0,3,0,198,228,3,94,11,5,20,1,7,1,0,43,39,10.8
Storm Duck,97705,CB,MIA,7,3,0,60.0,0,0,17,0,0,67.4,68.3,81.7,,66.2,51.3,0,0,0,0,15,18.8,3,0,0,71.3,9,0,0,17,163,114,186,2,0,0,2,0,0,184,0,72,4,7,10,1,15,0,0,69,21,7.7
Omar Speights,97723,LB,LA,5,7,0,100.0,0,0,26,0,0,50.2,61.2,80.4,76.3,67.3,71.1,0,3,0,0,21,6.5,2,0,0,108.3,7,0,0,160,1,68,164,1,0,0,1,0,0,163,4,92,2,7,22,1,7,3,0,70,40,10.0
Mohamed Kamara,97731,ED,MIA,2,1,0,100.0,0,0,17,0,0,30.3,52.6,74.5,73.3,60.7,28.6,1,1,0,0,11,50.0,1,0,0,112.5,1,0,0,0,0,3,21,21,0,0,20,1,0,0,10,8,0,0,0,0,1,2,0,11,12,11.0
Javon Solomon,97821,ED,BUF,7,0,0,,0,1,4,0,0,60.7,82.1,78.0,90.7,38.9,73.9,2,0,0,0,,0.0,0,0,0,0.0,0,2,0,0,0,1,43,43,0,0,43,0,0,0,30,12,0,3,1,0,0,4,0,0,0,
Martin Emerson Jr.,97872,CB,CLV,11,11,0,64.0,2,1,8,1,0,51.4,50.6,53.5,,50.6,43.0,0,0,0,0,41,17.9,12,2,3,116.8,32,0,0,45,499,344,574,7,0,0,7,0,0,567,0,230,23,12,44,2,50,0,4,416,109,13.0
Tyler Nubin,97895,S,NYG,11,21,0,72.0,0,0,21,1,0,60.8,65.8,84.6,62.0,71.6,77.1,0,2,0,0,42,9.2,8,1,0,95.6,18,0,0,255,5,377,677,21,0,0,21,0,328,656,8,292,68,16,58,3,25,2,0,201,78,11.2
Adetomiwa Adebawore,97934,DI,IND,10,1,0,,0,0,14,0,0,,56.9,39.5,63.8,54.5,30.0,1,1,0,0,,16.7,1,0,1,0.0,0,1,0,0,0,0,134,134,7,93,14,20,0,0,75,59,0,4,4,2,0,3,0,0,0,
Levelle Bailey,97956,LB,DEN,3,0,0,100.0,0,0,10,0,0,52.2,24.2,67.9,60.0,48.9,75.1,0,0,0,0,34,0.0,0,0,0,118.8,1,0,0,5,0,1,7,0,0,0,0,0,0,7,1,5,0,1,2,0,1,0,0,34,30,34.0
Derick Hall,98130,ED,SEA,11,7,0,100.0,0,1,29,1,1,80.2,65.8,57.0,67.4,53.6,59.6,7,18,0,0,6,12.5,3,0,2,81.3,2,6,0,4,1,28,477,468,0,6,453,9,1,9,259,190,3,15,14,0,2,31,0,7,12,3.5
Jordan Magee,98155,LB,WAS,1,0,0,,0,0,32,0,0,,60.0,60.1,60.0,,,0,0,0,0,,,0,0,0,0.0,0,0,0,0,0,0,1,0,0,0,0,0,0,1,1,0,0,0,0,0,0,0,0,0,0,
DeWayne Carter,98175,DI,BUF,7,1,1,,0,0,4,0,0,62.0,44.1,82.9,52.4,41.3,72.7,2,3,0,0,,10.0,1,0,0,0.0,0,0,0,0,0,1,183,183,2,166,0,15,0,0,92,90,0,7,8,4,0,5,0,0,0,
Derek Stingley Jr.,98253,CB,HST,12,2,0,47.5,0,0,13,0,0,68.7,68.0,86.2,,58.4,49.6,0,0,0,2,40,15.6,7,9,1,52.6,29,0,0,62,667,464,737,1,0,0,1,0,0,736,0,273,7,13,36,2,61,0,1,279,121,9.6
Colby Wooden,98312,DI,GB,6,2,1,,0,0,12,0,0,,54.5,81.0,61.5,48.3,46.2,1,3,0,0,,9.1,1,0,0,0.0,0,1,0,0,0,0,115,115,2,70,11,32,0,0,72,43,0,4,8,0,0,5,0,0,0,
Alex Wright,98318,ED,CLV,4,2,0,100.0,0,0,8,0,0,64.2,60.2,0.0,67.2,54.5,55.5,0,2,0,0,14,0.0,0,0,2,118.8,1,1,1,2,0,5,103,101,1,3,72,25,0,2,61,37,0,4,5,0,1,3,0,14,8,14.0
George Karlaftis,98319,ED,KC,11,5,2,100.0,0,0,16,0,0,59.7,69.1,90.2,67.1,61.0,42.0,12,23,0,0,9,16.0,4,0,0,95.8,2,4,0,1,0,18,566,565,0,26,482,57,0,1,369,179,0,15,16,1,2,39,0,14,7,7.0
Marshawn Kneeland,98344,ED,DAL,6,3,0,,0,0,9,0,0,60.7,52.3,84.5,53.6,51.3,50.9,4,2,0,0,,9.1,1,0,0,0.0,0,0,0,0,0,2,130,130,0,11,106,13,0,0,77,51,0,5,7,1,0,6,0,0,0,
Kayvon Thibodeaux,98444,ED,NYG,6,0,0,,1,0,21,0,0,48.9,60.0,45.4,61.7,61.9,29.8,4,11,0,0,,26.7,4,0,2,0.0,0,2,0,2,0,3,283,281,0,1,279,1,0,2,187,93,0,9,11,3,0,17,0,0,0,
Eric Watts,98459,ED,NYJ,8,3,0,,0,0,22,0,0,,64.8,84.9,48.8,72.0,76.2,0,1,0,0,,0.0,0,0,0,0.0,0,0,0,0,0,0,115,115,1,0,112,2,0,0,47,68,0,4,5,0,0,1,0,0,0,
Zach Harrison,98503,DI,ATL,11,6,0,,0,0,2,0,0,67.0,68.7,46.4,55.8,70.3,57.3,0,4,0,0,,7.7,1,0,1,0.0,0,0,0,0,0,0,157,155,0,108,9,38,0,2,88,69,0,5,6,1,0,4,0,0,0,
Tatum Bethune,98532,LB,SF,3,0,0,,0,0,28,0,0,63.6,64.8,67.2,,60.0,,0,0,0,0,,,0,0,0,0.0,0,0,0,6,0,5,8,0,0,0,0,0,0,8,0,3,2,0,0,0,0,0,0,0,0,
Anfernee Orji,98568,LB,NO,8,4,0,85.7,0,0,20,0,0,42.6,46.4,87.8,48.3,57.5,43.8,0,2,0,0,15,15.8,3,0,0,97.0,6,0,0,103,0,47,127,15,0,0,15,0,0,112,9,71,8,4,12,2,7,2,0,51,41,8.5
Kaiir Elam,98693,CB,BUF,6,2,0,83.3,0,0,4,1,0,74.7,75.9,79.5,,73.0,81.6,0,0,0,0,28,0.0,0,1,0,104.9,5,0,0,3,83,50,89,1,0,0,1,0,0,88,0,39,2,4,7,2,6,0,0,55,18,11.0
Mohamoud Diabate,98780,LB,CLV,7,11,0,62.5,0,0,8,0,0,59.9,74.1,23.8,64.9,84.2,64.2,0,4,0,0,9,14.6,6,1,1,106.3,5,1,0,266,2,132,289,7,2,0,5,0,7,282,18,139,7,16,24,4,8,5,1,24,21,4.8
Ty'Ron Hopper,98781,LB,GB,1,0,0,100.0,0,0,12,0,0,62.2,71.3,69.5,,66.6,29.4,0,0,0,0,5,100.0,1,0,0,87.5,1,0,0,6,0,4,7,1,0,0,1,0,0,6,0,3,0,0,0,0,1,0,0,5,2,5.0
Jay Ward,98833,S,MIN,3,0,0,,0,0,18,0,0,63.7,62.2,79.3,54.5,60.0,,1,0,0,0,,,0,0,0,0.0,0,0,0,3,0,8,13,6,0,0,6,0,3,7,4,1,0,0,0,0,0,1,0,0,0,
Cor'Dale Flott,98834,CB,NYG,10,6,0,69.0,0,0,21,0,0,62.9,62.9,84.1,52.1,60.8,34.2,0,0,0,0,34,20.5,9,3,1,104.8,20,0,0,61,359,254,474,5,0,0,5,0,1,469,3,217,48,9,29,2,29,0,1,235,82,11.8
Jammie Robinson,98836,S,CAR,1,0,0,100.0,0,0,5,0,0,43.2,41.2,68.4,,,73.3,0,0,0,0,9,0.0,0,0,0,104.2,1,0,0,8,0,11,11,0,0,0,0,0,0,11,0,0,3,0,1,0,1,0,0,9,11,9.0
Cam Smith,98837,CB,MIA,5,1,0,82.4,0,0,17,0,0,33.6,36.8,81.0,60.0,69.9,76.4,0,0,0,0,22,6.7,1,0,3,121.8,14,0,0,2,114,98,121,0,0,0,0,0,0,121,1,22,5,3,13,0,17,0,1,145,33,10.4
Jaylen McCollough,98845,S,LA,9,9,0,62.5,2,0,26,0,0,68.5,65.6,6.6,83.5,53.6,79.6,1,0,1,4,11,0.0,0,0,3,34.9,5,0,0,82,0,116,164,6,0,0,6,0,28,158,6,42,48,5,11,0,8,1,0,39,17,7.8
Demani Richardson,98852,S,CAR,2,6,0,66.7,0,0,5,0,0,61.4,63.5,0.0,56.0,71.4,77.1,0,1,0,0,25,12.0,3,0,1,93.8,6,0,0,28,0,77,152,8,0,0,8,0,86,144,3,72,30,1,16,0,9,1,0,78,50,13.0
Jordan Battle,98857,S,CIN,9,6,0,77.8,0,0,7,0,0,53.1,56.2,78.3,48.9,72.3,79.0,1,0,0,0,45,4.8,1,1,0,155.8,7,0,0,60,5,91,135,6,0,0,6,0,49,129,8,36,14,5,14,0,9,1,1,134,21,19.1
Nehemiah Pritchett,98875,CB,SEA,4,2,0,61.5,0,0,29,0,0,42.0,30.4,0.0,,26.5,25.1,0,0,0,0,30,42.9,6,1,1,112.7,8,0,0,2,102,68,108,0,0,0,0,0,0,108,0,40,4,0,6,0,13,0,1,105,42,13.1
AJ Finley,98887,S,LAC,4,0,0,75.0,0,0,27,0,0,70.4,71.9,74.8,59.1,61.7,80.5,0,0,0,0,38,0.0,0,0,0,114.6,3,0,0,9,2,36,44,1,0,0,1,0,17,43,1,7,15,1,4,0,4,0,0,48,20,16.0
Deantre Prince,98888,CB,JAX,4,1,0,66.7,0,0,15,0,0,54.1,30.8,75.0,,25.5,22.2,0,0,0,0,27,66.7,4,0,0,149.3,2,0,0,6,30,20,39,0,0,0,0,0,0,39,0,19,3,0,1,0,3,0,1,52,27,26.0
Brandin Echols,98900,CB,NYJ,6,2,0,64.3,0,0,22,0,0,61.7,54.8,82.9,,31.7,30.4,0,0,0,2,44,19.0,4,0,0,92.3,9,0,0,11,165,109,194,12,0,0,12,0,0,182,0,85,6,4,15,1,14,0,2,123,45,13.7
Zacch Pickens,98911,DI,CHI,5,1,0,,0,0,6,0,0,,54.7,80.1,59.7,52.5,30.1,1,4,0,0,,25.0,1,0,0,0.0,0,0,0,0,0,0,105,105,7,93,0,5,0,0,41,64,0,2,2,0,0,5,0,0,0,
DeMarvin Leal,98919,ED,PIT,5,0,0,,0,0,25,0,0,61.8,68.3,80.2,55.4,73.8,71.6,1,1,0,0,,0.0,0,0,0,0.0,0,0,0,0,0,2,51,50,0,1,49,0,0,1,27,22,1,0,2,0,0,2,0,0,0,
Justin Eboigbe,98925,DI,LAC,3,0,0,,0,0,27,0,0,,60.9,74.5,57.1,61.2,,0,0,0,0,,,0,0,0,0.0,0,0,0,0,0,0,16,16,0,4,4,8,0,0,5,11,0,0,0,0,0,0,0,0,0,
Travon Walker,98940,ED,JAX,11,9,0,,0,1,15,1,1,74.3,69.2,47.8,64.9,69.1,48.8,4,28,0,0,,22.5,9,0,4,0.0,0,7,0,0,0,8,596,596,0,6,568,22,0,0,358,230,0,25,22,2,0,39,0,0,0,
Zion Logue,98944,DI,BUF,2,1,0,,0,0,4,0,0,,30.3,78.1,52.6,31.0,68.7,0,0,0,0,,0.0,0,0,0,0.0,0,0,0,0,0,0,36,36,15,21,0,0,0,0,16,20,0,1,1,0,0,0,0,0,0,
Isaiah McGuire,98948,ED,CLV,10,4,0,0.0,0,1,8,0,0,61.1,82.3,87.4,66.2,83.1,67.7,2,14,0,0,,6.3,1,0,0,39.6,0,1,0,0,0,5,234,234,0,1,219,14,0,0,113,116,0,8,11,2,1,17,0,0,0,
Henry To'oTo'o,98982,LB,HST,10,20,1,81.8,0,0,13,0,0,48.5,57.1,83.3,63.6,65.5,42.3,0,6,0,1,70,17.4,15,1,1,128.9,27,0,0,465,5,274,530,18,0,0,18,0,2,512,32,224,40,29,51,7,33,6,4,279,202,10.3
Owen Pappoe,99006,LB,ARZ,9,2,0,86.7,0,1,1,0,0,76.0,62.7,76.8,49.1,39.6,33.0,0,3,0,0,17,23.8,5,1,0,97.5,13,0,0,88,0,61,102,2,0,0,2,0,0,100,21,20,12,7,14,0,15,3,0,111,63,8.5
Nolan Smith,99014,ED,PHI,11,6,1,100.0,0,0,24,0,0,53.7,70.6,85.4,69.7,67.3,65.3,1,9,0,0,10,10.5,2,0,0,131.3,2,4,0,0,0,30,299,291,0,0,291,0,0,8,143,126,8,10,11,1,2,14,1,12,3,6.0
Jermaine Johnson,99015,ED,NYJ,2,2,0,,0,0,22,0,0,62.1,41.7,0.0,62.3,40.4,27.1,0,7,0,0,,37.5,3,0,2,0.0,0,0,0,0,0,1,82,82,0,1,80,1,0,0,46,35,0,3,3,1,0,7,0,0,0,
Nakobe Dean,99018,LB,PHI,11,17,0,77.5,0,0,24,2,0,60.3,69.9,85.1,84.8,68.6,57.6,3,5,0,1,70,12.1,11,2,1,104.3,31,3,0,564,4,343,621,15,0,0,15,0,1,606,50,228,37,38,63,6,40,11,1,381,241,12.3
Trey Palmer,99248,WR,TB,1,0,0,,0,0,30,0,0,60.7,70.2,60.0,,,,0,0,0,0,,,0,0,2,0.0,0,0,0,0,0,1,1,0,0,0,0,0,0,1,0,0,0,0,0,0,0,0,0,0,0,
Tyler Owens,99271,S,WAS,1,0,0,,0,0,32,0,0,,60.0,60.0,60.0,,,0,0,0,0,,,0,0,0,0.0,0,0,0,0,0,0,1,0,0,0,0,0,0,1,1,0,0,0,0,0,0,0,0,0,0,
T'Vondre Sweat,99321,DI,TEN,11,13,0,,0,0,31,0,0,66.7,72.2,70.9,58.2,74.5,71.1,1,11,0,0,,2.9,1,0,2,0.0,0,1,0,1,0,9,454,453,55,383,0,15,0,1,243,202,0,13,21,3,0,13,0,0,0,
Jordan Jefferson,99325,DI,JAX,6,4,0,,0,0,15,0,0,59.8,54.5,34.2,59.6,56.6,73.3,0,1,0,0,,0.0,0,0,1,0.0,0,1,0,0,0,1,117,117,19,98,0,0,0,0,46,70,0,5,7,0,0,2,0,0,0,
Dee Winters,99376,LB,SF,9,4,0,66.7,0,0,28,0,0,76.7,66.1,76.9,51.3,54.9,58.6,0,0,0,0,7,18.8,3,1,0,70.1,6,0,0,115,0,55,148,10,0,0,10,0,0,138,8,85,22,5,9,0,9,0,0,22,26,3.7
Tykee Smith,99500,CB,TB,8,5,0,72.3,1,3,30,0,0,69.0,72.7,38.0,67.2,86.0,64.8,2,2,0,1,18,11.4,5,4,2,92.9,34,0,0,34,1,264,397,9,0,0,9,0,2,388,35,98,351,15,34,2,47,4,2,284,140,8.4
Garrett Williams,99723,CB,ARZ,10,6,0,54.8,0,0,1,0,0,79.3,78.4,82.9,66.6,63.7,51.4,0,1,0,2,44,16.7,7,3,1,57.1,23,0,0,147,9,338,510,0,0,0,0,0,6,510,5,167,348,10,29,0,42,1,1,215,130,9.3
Jarvis Brownlee Jr.,99734,CB,TEN,11,8,0,62.0,1,0,31,0,0,58.4,59.1,17.4,42.9,74.4,51.8,0,2,0,1,57,14.6,7,5,8,98.5,31,0,0,38,477,324,533,3,0,0,3,0,0,530,3,206,15,16,33,5,50,2,2,477,213,15.4
Andrew Booth Jr.,99744,CB,DAL,2,1,0,100.0,0,0,9,0,0,29.1,38.9,75.8,,77.8,79.6,0,0,0,0,39,0.0,0,0,0,118.8,4,0,0,3,32,20,38,0,0,0,0,0,0,38,0,18,3,3,5,0,4,0,0,85,26,21.3
SirVocea Dennis,99767,LB,TB,4,4,0,100.0,0,0,30,0,0,74.3,67.3,78.7,51.2,54.1,33.2,0,0,0,0,11,19.0,4,0,1,98.2,7,1,0,88,0,64,105,6,0,0,6,0,1,99,17,24,9,7,13,0,7,1,0,53,41,7.6
Ruke Orhorhoro,99768,DI,ATL,4,2,0,,0,0,2,0,0,60.0,53.4,78.2,49.7,60.5,41.2,1,1,0,0,,16.7,1,0,0,0.0,0,0,0,0,0,1,63,63,1,42,2,18,0,0,43,19,0,2,3,0,0,2,0,0,0,
Renardo Green,99773,CB,SF,10,5,0,62.9,0,1,28,0,0,74.2,69.2,85.1,,41.1,49.0,0,0,0,1,29,15.2,5,4,2,93.3,22,0,0,18,307,214,344,1,0,0,1,0,0,343,0,130,16,6,23,1,35,0,2,266,69,12.1
Calijah Kancey,99822,DI,TB,6,0,0,,0,1,30,1,0,67.0,49.0,14.1,67.3,31.3,63.9,3,8,0,0,,7.1,1,0,3,0.0,0,5,0,1,0,4,255,254,2,122,20,110,0,1,168,83,0,16,13,4,0,16,0,0,0,
Brandon Dorlus,100452,DI,ATL,1,0,0,,0,0,2,0,0,,64.5,72.7,56.0,65.2,26.6,0,0,0,0,,33.3,1,0,0,0.0,0,0,0,0,0,0,9,9,0,8,0,1,0,0,4,5,0,1,2,0,0,0,0,0,0,
Laiatu Latu,100551,ED,IND,12,5,1,100.0,0,3,14,1,0,44.8,73.1,76.7,74.2,63.8,33.6,9,18,0,0,27,26.9,7,0,1,118.8,1,4,0,7,0,6,454,447,0,1,440,6,0,7,275,173,0,13,14,2,1,31,0,27,17,27.0
Jacob Cowing,100894,WR,SF,2,0,0,,0,0,28,0,0,,60.1,60.0,,60.0,,0,0,0,0,,,0,0,0,0.0,0,0,0,0,0,0,2,0,0,0,0,0,0,2,0,2,0,0,0,0,0,0,0,0,0,
Sauce Gardner,100903,CB,NYJ,11,5,0,62.9,1,0,22,0,0,69.6,66.0,57.8,80.6,48.6,36.6,0,1,0,0,40,22.7,10,4,7,106.1,22,1,0,78,597,378,700,5,0,0,5,0,2,695,3,319,18,10,29,0,35,2,1,354,114,16.1
Ja'Quan McMillian,100931,CB,DEN,12,5,0,75.0,0,1,10,0,0,58.5,57.7,84.7,60.2,49.8,64.3,0,6,0,1,35,15.9,10,2,5,97.9,54,1,0,45,45,417,608,2,0,0,2,0,2,606,27,164,514,23,48,2,72,7,2,516,282,9.6
Jacoby Windmon,101226,LB,CAR,1,0,0,,0,0,5,0,0,,60.0,60.0,,60.0,,0,0,0,0,,,0,0,0,0.0,0,0,0,0,0,0,1,0,0,0,0,0,0,1,0,1,0,0,0,0,0,0,0,0,0,
JL Skinner,101311,S,DEN,3,0,0,,0,0,10,0,0,60.0,65.6,99.9,60.0,61.5,77.3,0,0,0,0,,0.0,0,0,0,0.0,0,0,0,2,0,1,8,0,0,0,0,0,4,8,2,5,0,0,1,0,0,0,0,0,0,
Jerrick Reed II,101322,S,SEA,1,0,0,,0,0,29,0,0,62.0,62.8,71.8,,60.0,,0,0,0,0,,,0,0,0,0.0,0,0,0,1,0,4,5,0,0,0,0,0,1,5,0,1,3,0,0,0,0,0,0,0,0,
Joey Porter Jr.,101364,CB,PIT,11,7,0,66.0,3,0,25,0,0,57.6,57.1,28.8,60.0,57.6,60.1,0,0,0,1,54,12.0,6,3,8,92.2,31,0,0,74,544,424,670,0,0,0,0,0,4,670,0,246,48,7,37,2,47,0,1,417,133,13.5
DJ Turner II,101376,CB,CIN,11,2,0,53.8,0,0,7,0,0,68.4,67.8,85.7,,57.1,57.1,0,0,0,0,26,12.5,4,8,3,74.0,21,0,0,35,443,329,508,2,0,0,2,0,0,506,0,179,27,3,26,1,39,0,0,253,77,12.0
Deonte Banks,101384,CB,NYG,11,2,0,71.9,0,1,21,0,0,50.4,51.3,87.0,76.7,49.6,72.3,0,0,0,0,55,7.0,3,5,2,137.0,41,0,0,26,577,360,630,3,0,0,3,0,0,627,2,268,24,7,38,1,57,0,6,546,165,13.3
Devon Witherspoon,101388,CB,SEA,11,13,1,72.1,0,0,29,0,0,66.4,73.1,30.9,76.0,89.6,53.9,1,4,0,0,40,14.5,11,5,6,89.8,44,0,0,97,262,404,708,11,0,0,11,0,5,697,26,278,333,25,52,1,61,5,0,404,278,9.2
Dane Belton,101398,S,NYG,9,1,0,85.7,0,0,21,0,0,47.2,42.7,79.6,51.8,41.6,54.3,0,1,0,0,23,14.3,2,1,0,125.6,12,0,0,53,0,94,149,8,0,0,8,0,59,141,6,49,29,3,11,0,14,1,1,118,66,9.8
Adisa Isaac,101406,ED,BLT,3,2,1,,0,0,3,0,0,62.0,66.2,77.1,53.8,73.0,75.2,0,0,0,0,,0.0,0,0,0,0.0,0,0,0,0,0,3,32,32,0,0,32,0,0,0,21,8,0,1,3,1,0,0,0,0,0,
Mazi Smith,101419,DI,DAL,11,8,0,,1,0,9,0,0,60.2,35.2,32.8,50.5,38.0,61.1,1,4,0,0,,3.6,1,0,3,0.0,0,0,0,0,0,0,360,360,201,155,0,4,0,0,155,205,0,14,19,3,0,5,0,0,0,
David Ojabo,101420,ED,BLT,8,2,0,66.7,0,0,3,0,0,32.0,54.3,83.1,57.9,59.2,39.8,3,2,0,0,25,20.0,1,0,0,109.7,2,1,0,4,0,12,192,188,0,1,185,2,0,4,129,51,0,2,2,0,3,6,0,40,28,20.0
Mike Morris,101421,DI,SEA,7,1,0,,0,0,29,0,0,60.0,52.6,78.9,48.9,57.6,71.4,0,1,0,0,,0.0,0,0,0,0.0,0,0,0,0,0,0,67,67,0,10,37,20,0,0,32,35,0,2,2,0,0,1,0,0,0,
Sam Okuayinonu,101425,ED,SF,10,5,1,,0,1,28,0,0,69.1,62.3,40.9,67.9,52.9,37.8,3,15,0,0,,18.2,4,0,2,0.0,0,3,0,10,0,2,276,265,0,11,230,24,0,11,163,111,0,14,13,2,0,21,0,0,0,
Leo Chenal,101463,LB,KC,11,8,2,75.0,0,2,16,0,0,75.9,79.1,84.9,53.3,83.8,78.2,1,8,0,0,12,5.6,2,1,0,110.1,9,1,0,137,0,83,298,141,0,2,139,0,0,157,85,130,20,16,26,3,12,10,1,51,60,5.7
Maema Njongmeta,101465,LB,CIN,4,0,0,100.0,0,0,7,0,0,57.6,61.5,71.5,,64.6,77.6,0,0,0,0,12,0.0,0,0,0,94.4,3,0,0,13,0,11,16,2,0,0,2,0,0,14,0,5,0,2,3,0,3,0,0,20,5,6.7
Tommy Eichenberg,101488,LB,LV,5,2,0,83.3,1,0,23,0,0,27.5,29.8,79.0,53.8,69.4,38.0,0,0,0,0,20,28.6,2,0,1,143.1,5,0,0,68,0,34,78,9,0,0,9,0,0,69,4,40,1,0,3,0,6,0,1,53,62,10.6
Jack Campbell,101515,LB,DET,11,29,0,76.9,0,1,11,0,0,66.8,76.0,86.2,59.0,81.9,81.9,0,4,0,0,30,5.9,5,2,2,105.0,20,2,0,528,3,324,594,35,0,0,35,0,1,559,63,207,27,30,51,4,26,6,0,242,116,12.1
Keeanu Benton,101536,DI,PIT,11,6,5,,0,0,25,1,0,70.8,63.9,67.6,82.0,38.5,44.9,7,5,0,0,,16.0,4,1,1,0.0,0,1,0,1,0,0,383,382,141,225,2,14,0,1,221,162,0,14,15,1,0,13,0,0,0,
Luke McCaffrey,101634,WR,WAS,1,0,0,,0,0,32,0,0,,60.0,60.0,60.0,,,0,0,0,0,,,0,0,0,0.0,0,0,0,0,0,0,1,0,0,0,0,0,0,1,1,0,0,0,0,0,0,0,0,0,0,
Jaquan Brisker,101665,S,CHI,5,7,0,81.8,0,1,6,0,0,63.5,65.3,27.9,70.3,66.7,69.4,0,0,0,1,29,12.8,5,0,1,65.5,9,1,0,105,2,168,293,6,0,0,6,0,159,287,3,122,21,11,27,2,11,1,0,97,17,10.8
Casey Washington,101710,WR,ATL,1,0,0,,0,0,2,0,0,60.7,70.3,60.5,,,,0,0,0,0,,,0,0,0,0.0,0,0,0,0,0,1,1,0,0,0,0,0,0,1,0,0,0,0,0,0,0,0,0,0,0,
Jared Verse,101912,ED,LA,11,12,1,100.0,1,2,26,1,0,53.8,81.4,34.8,80.5,77.1,29.4,11,32,0,0,7,28.6,16,0,4,119.8,4,6,0,6,0,25,558,543,0,5,538,0,0,15,298,235,9,25,28,7,4,49,1,13,12,3.3
Isaiah Land,102108,ED,IND,10,0,0,,0,0,14,0,0,60.0,49.1,26.1,57.9,48.3,71.4,1,2,0,0,,0.0,0,0,1,0.0,0,0,0,1,0,1,78,77,0,0,76,1,0,1,51,26,0,1,1,1,0,3,0,0,0,
Kyle Hamilton,102684,S,BLT,12,13,3,74.0,0,1,3,1,0,81.3,88.3,62.4,89.1,90.7,59.8,3,5,0,0,35,12.4,11,3,2,94.7,37,2,0,281,14,494,775,54,0,0,54,0,181,721,42,239,245,32,65,2,50,10,1,291,161,7.9
Isaiah Foskey,102728,ED,NO,6,2,0,,0,0,20,0,0,60.0,57.2,78.6,50.5,62.0,73.9,0,0,0,0,,0.0,0,0,0,0.0,0,0,0,0,0,0,36,35,0,2,28,5,0,1,19,17,0,1,3,0,0,0,0,0,0,
JD Bertrand,102787,LB,ATL,5,1,0,90.0,0,0,2,0,0,47.8,51.3,0.0,51.0,73.5,37.4,0,1,0,0,20,20.0,2,0,1,91.7,9,0,0,65,0,46,77,8,0,0,8,0,0,69,5,26,3,2,7,0,10,1,0,60,53,6.7
Marist Liufau,102789,LB,DAL,11,1,0,70.0,1,0,9,1,0,34.3,41.2,1.4,56.7,56.5,62.8,0,3,0,0,17,5.0,1,1,2,89.6,7,0,0,150,2,72,250,64,0,0,64,0,4,186,19,159,30,10,18,1,10,3,0,70,23,10.0
Cam Hart,102955,CB,LAC,7,4,0,58.3,0,1,27,0,0,60.9,63.9,33.2,83.5,76.0,73.3,0,0,0,0,21,6.7,2,2,3,91.3,21,1,0,34,302,242,349,2,0,0,2,0,1,347,0,107,10,7,24,0,36,1,2,191,62,9.1
Jarius Monroe,103580,S,NYJ,2,1,0,,0,0,22,0,0,50.9,51.1,70.4,58.3,60.9,79.3,0,1,0,0,,0.0,0,0,0,0.0,0,0,0,11,0,11,17,0,0,0,0,0,6,17,1,5,0,1,1,0,0,1,0,0,0,
Kei'Trel Clark,104163,CB,ARZ,7,1,0,75.0,0,0,1,0,0,64.7,72.8,76.7,77.2,80.5,58.4,0,0,0,0,16,16.7,1,0,0,145.8,3,1,0,1,9,29,45,0,0,0,0,0,3,45,1,15,32,3,4,1,4,1,1,40,21,13.3
Jalyx Hunt,105989,ED,PHI,5,0,1,,0,1,24,0,0,63.0,68.0,78.1,69.0,59.0,72.8,1,0,0,0,,0.0,0,0,0,0.0,0,1,0,0,0,6,66,66,0,1,65,0,0,0,30,30,0,1,1,0,0,2,0,0,0,
Brandon Codrington,106248,CB,BUF,3,0,0,66.7,0,0,4,0,0,40.9,40.3,71.4,,53.6,76.3,0,0,0,0,10,0.0,0,0,1,123.6,2,0,0,5,14,14,19,0,0,0,0,0,0,19,0,5,0,2,3,0,3,0,1,19,4,9.5
Kenny Dyson Jr.,106277,ED,CAR,1,0,0,,0,0,5,0,0,,57.7,67.7,57.6,,,0,0,0,0,,,0,0,0,0.0,0,0,0,0,0,0,2,2,0,0,2,0,0,0,2,0,0,0,0,0,0,0,0,0,0,
Chris Smith,106524,DI,DET,2,1,0,,0,0,11,0,0,,49.1,74.6,55.4,51.7,24.7,0,0,0,0,,33.3,1,0,0,0.0,0,0,0,0,0,0,18,18,11,7,0,0,0,0,6,12,0,0,1,0,0,0,0,0,0,
Joe Andreessen,108177,LB,BUF,3,1,0,50.0,0,0,4,0,0,69.6,60.2,71.8,,44.2,75.0,0,0,0,0,8,0.0,0,0,0,60.4,1,0,0,20,0,16,22,0,0,0,0,0,0,22,0,6,2,1,1,0,2,0,0,8,5,8.0
Rodney Thomas II,108389,S,IND,10,3,0,,0,0,14,0,0,57.1,58.0,77.7,,61.1,84.1,0,0,0,0,,0.0,0,0,0,0.0,0,0,0,3,0,36,87,0,0,0,0,0,84,87,0,51,0,0,3,0,0,0,0,0,0,
Michael Hoecht,108840,ED,LA,11,18,1,90.9,0,0,26,0,0,52.0,69.0,87.0,65.4,72.7,56.6,2,12,0,0,33,13.6,6,1,0,111.7,10,4,0,61,0,84,431,353,0,0,352,1,0,78,149,198,17,17,20,3,11,18,0,119,70,11.9
Dee Alford,110542,CB,ATL,10,10,0,75.0,0,0,2,0,0,62.8,60.3,83.3,54.0,48.5,51.4,0,0,0,0,18,17.7,11,4,0,104.6,45,1,0,43,2,296,449,5,0,0,5,0,2,444,17,136,397,16,41,0,60,1,3,336,118,7.5
Jalen Brooks,111284,WR,DAL,1,0,0,,0,0,9,0,0,,60.0,60.0,60.0,,,0,0,0,0,,,0,0,0,0.0,0,0,0,0,0,0,1,0,0,0,0,0,0,1,1,0,0,0,0,0,0,0,0,0,0,
D'Anthony Bell,111578,S,CLV,5,2,0,100.0,0,0,8,0,0,51.9,56.6,76.9,60.0,65.6,36.3,1,2,0,0,34,28.6,2,0,0,118.8,2,0,0,30,0,32,87,12,0,0,12,0,30,75,7,48,15,1,3,1,2,3,0,40,34,20.0
Darrell Luter Jr.,121428,CB,SF,1,0,0,,0,0,28,0,0,,60.0,68.0,,60.0,,0,0,0,0,,,0,0,0,0.0,0,0,0,0,3,0,3,0,0,0,0,0,0,3,0,3,0,0,0,0,0,0,0,0,0,
Jamie Sheriff,121433,ED,SEA,1,0,0,,0,0,29,0,0,,61.5,74.5,62.6,58.9,,0,0,0,0,,,0,0,0,0.0,0,0,0,0,0,0,17,17,0,0,17,0,0,0,8,9,0,0,0,0,0,0,0,0,0,
Natrone Brooks,121449,CB,ATL,3,1,0,33.3,0,0,2,0,0,92.2,89.9,78.2,74.5,47.6,73.0,1,0,0,0,8,0.0,0,1,0,42.4,1,0,0,6,1,12,25,0,0,0,0,0,0,25,2,11,16,0,0,0,3,1,0,8,-1,8.0
Tyrice Knight,122025,LB,SEA,6,17,0,81.0,0,0,29,0,0,57.4,68.0,79.0,72.7,72.4,74.4,1,2,0,0,35,6.7,3,0,0,100.2,17,1,0,189,2,108,222,21,0,0,21,0,0,201,13,101,10,10,25,1,21,4,0,169,137,9.9
Bryan Bresee,122142,DI,NO,11,2,1,,0,1,20,0,0,66.6,38.0,71.0,53.9,29.0,26.7,4,12,0,0,,33.3,5,0,1,0.0,0,6,0,0,0,2,467,467,46,316,6,99,0,0,324,141,0,10,8,0,0,22,0,0,0,
Myles Murphy,122154,ED,CIN,7,2,0,50.0,0,0,7,0,0,70.5,51.7,85.2,50.8,48.4,63.4,1,11,0,0,4,15.4,2,0,0,56.3,1,0,0,0,0,13,180,180,0,5,170,5,0,0,105,62,0,5,9,1,2,12,0,4,10,4.0
Trenton Simpson,122157,LB,BLT,12,22,1,87.9,0,0,3,1,0,56.5,61.8,56.1,61.0,68.5,74.5,4,2,0,0,34,8.2,6,3,1,125.8,29,2,0,505,5,336,617,59,0,0,59,0,1,558,46,235,47,21,45,3,33,8,2,308,200,10.6
T.J. Tampa,122537,CB,BLT,2,1,0,,0,0,3,0,0,62.6,48.1,68.5,,44.9,26.5,0,0,0,0,,50.0,1,0,0,0.0,0,0,0,3,5,3,8,0,0,0,0,0,0,8,0,5,0,0,0,0,0,0,0,0,0,
Felix Anudike-Uzomah,122582,ED,KC,11,3,0,,1,1,16,1,0,57.7,59.2,62.1,59.3,61.3,54.7,4,3,0,0,,11.1,2,0,2,0.0,0,2,0,0,0,11,223,223,4,15,186,18,0,0,125,87,0,11,13,2,0,9,0,0,0,
Yaya Diaby,122705,ED,TB,11,4,0,100.0,0,1,30,0,0,51.4,77.8,58.2,81.1,69.5,65.0,7,33,0,0,18,10.0,3,0,2,110.4,4,3,0,2,0,49,494,487,3,10,447,27,0,7,282,163,5,21,23,4,4,43,0,42,12,10.5
Marvin Mims Jr.,122937,WR,DEN,2,0,0,,0,0,10,0,0,80.3,75.2,60.0,,,71.4,0,0,0,0,,0.0,0,0,0,0.0,0,0,0,0,0,2,2,0,0,0,0,0,0,2,0,0,0,0,1,0,0,0,0,0,0,
Sean Tucker,123056,HB,TB,1,0,0,100.0,0,0,30,0,0,55.3,39.5,60.0,,,,0,0,0,0,17,,0,0,0,118.8,1,0,0,0,0,1,1,0,0,0,0,0,0,1,0,0,0,0,0,0,1,0,0,17,2,17.0
Caelen Carson,123377,CB,DAL,5,1,0,76.7,0,0,9,0,0,36.7,39.7,81.6,,53.4,41.8,0,0,0,0,56,21.2,7,4,3,125.4,23,0,0,26,220,137,252,1,0,0,1,0,0,251,0,115,5,6,25,0,30,0,1,348,140,15.1
Evan Anderson,123590,DI,SF,6,3,0,,0,1,28,0,0,,68.8,30.0,74.5,64.5,73.4,0,3,0,0,,0.0,0,0,1,0.0,0,1,0,0,0,0,108,108,6,97,0,5,0,0,46,62,0,7,7,1,0,4,0,0,0,
Art Green,123666,CB,NYG,1,0,0,,0,0,21,0,0,65.9,66.0,71.4,,60.0,,0,0,0,0,,,0,0,0,0.0,0,0,0,1,9,10,11,0,0,0,0,0,0,11,0,1,1,0,0,0,0,0,0,0,0,
Will Anderson Jr.,123903,ED,HST,10,5,1,,0,0,13,1,0,90.3,82.5,72.8,72.8,76.7,52.0,4,27,0,0,,21.7,5,0,1,0.0,0,10,0,1,0,3,391,390,0,3,381,6,0,1,257,131,0,20,13,5,0,41,0,0,0,
Brian Branch,123907,S,DET,10,12,0,54.8,0,1,11,0,0,83.9,88.1,13.3,87.6,89.6,49.3,3,1,0,4,27,15.7,11,8,5,27.7,23,0,0,149,9,351,544,25,0,0,25,0,253,519,12,181,108,22,47,4,42,4,0,197,104,8.6
Chris Braswell,123908,ED,TB,11,4,0,100.0,0,0,30,0,0,52.0,54.1,59.6,60.3,51.3,60.0,5,5,0,0,19,15.4,2,0,1,112.5,3,2,0,2,0,24,263,257,0,1,250,6,0,6,145,94,4,4,7,0,3,12,0,33,17,11.0
Jalen Carter,124019,DI,PHI,11,4,4,,1,1,24,0,0,47.5,78.5,48.4,85.7,63.6,59.4,7,24,0,0,,8.0,2,0,3,0.0,0,4,0,9,0,2,548,539,15,394,14,116,0,9,361,185,0,18,19,4,0,35,0,0,0,
Kelee Ringo,124035,CB,PHI,8,1,0,50.0,0,0,24,0,0,63.5,60.6,75.0,58.5,50.3,75.1,0,0,0,0,29,0.0,0,0,0,87.5,2,0,0,9,36,31,46,0,0,0,0,0,0,46,1,14,1,0,1,0,4,0,0,42,9,21.0
Andru Phillips,124075,CB,NYG,10,13,0,82.4,0,2,21,0,0,80.1,82.1,83.3,77.5,75.0,59.0,0,3,0,0,43,14.0,8,0,1,107.8,28,1,0,32,26,212,394,7,0,0,7,0,0,387,10,172,329,24,36,4,34,4,1,256,200,9.1
Ali Gaye,124095,ED,TEN,9,0,0,,0,0,31,0,0,60.5,34.6,79.9,62.5,29.2,43.3,0,1,0,0,,16.7,1,0,0,0.0,0,1,0,1,0,1,70,69,0,0,69,0,0,1,24,45,0,5,5,1,0,2,0,0,0,
Jaquelin Roy,124111,DI,NE,6,4,0,,0,0,19,0,0,,57.7,40.9,61.4,58.5,43.8,0,2,0,0,,10.5,2,0,1,0.0,0,2,0,0,0,0,141,141,100,40,0,1,0,0,50,91,0,12,13,1,0,4,0,0,0,
Cedric Johnson,124136,ED,CIN,3,0,0,,0,0,7,0,0,63.1,55.2,79.2,47.0,66.3,72.3,0,0,0,0,,0.0,0,0,0,0.0,0,0,0,0,0,2,47,47,0,7,40,0,0,0,30,15,0,1,2,0,0,0,0,0,0,
Deane Leonard,124140,CB,LAC,2,0,0,50.0,0,0,27,0,0,77.3,77.4,70.4,,,72.8,0,0,0,0,6,0.0,0,1,0,56.3,1,0,0,0,6,6,6,0,0,0,0,0,0,6,0,0,0,0,1,0,2,0,0,6,4,6.0
Tavius Robinson,124147,ED,BLT,12,7,0,50.0,0,0,3,0,0,90.6,69.3,87.8,58.9,65.8,80.2,8,3,0,0,0,0.0,0,1,0,56.3,1,4,0,0,0,10,308,308,1,7,279,21,0,0,168,130,0,10,9,2,2,15,0,0,2,0.0
Emmanuel Forbes,124166,CB,WAS,6,4,0,77.8,0,0,32,0,0,38.1,35.4,79.3,,33.9,24.9,0,0,0,1,29,46.2,6,0,2,70.1,7,0,0,11,96,53,108,0,0,0,0,0,0,108,0,55,1,0,3,0,9,0,0,93,21,13.3
Decamerion Richardson,124183,CB,LV,5,1,0,57.1,0,0,23,0,0,53.5,53.9,81.6,,54.9,83.8,0,0,0,0,24,0.0,0,1,1,108.3,8,0,0,14,150,108,172,0,0,0,0,0,0,172,0,64,8,2,12,0,14,0,1,117,14,14.6
Tyrus Wheat,124191,ED,DAL,7,3,0,,0,0,9,0,0,64.1,46.5,52.5,59.3,39.8,56.3,0,6,0,0,,7.7,1,0,1,0.0,0,1,0,0,0,1,165,165,0,3,133,29,0,0,71,93,0,5,9,1,0,7,0,0,0,
Jaylon Carlies,124196,LB,IND,7,4,0,83.3,0,0,14,0,0,82.0,75.0,74.8,63.8,64.0,79.5,0,0,0,0,15,5.0,1,1,0,129.2,5,1,0,109,1,41,143,23,0,0,23,0,0,120,9,93,10,6,15,0,6,1,1,33,34,6.6
Ennis Rakestraw Jr.,124215,CB,DET,6,1,0,60.0,0,0,11,0,0,41.0,42.8,76.5,,53.3,48.2,0,0,0,0,28,16.7,1,0,0,91.3,3,0,0,2,24,23,46,0,0,0,0,0,0,46,0,23,20,1,4,0,5,0,0,47,18,15.7
Edgerrin Cooper,124311,LB,GB,10,11,1,75.0,0,1,12,1,0,62.2,66.8,30.5,85.4,61.8,55.0,0,2,0,0,28,14.9,7,1,1,100.6,15,3,0,223,1,143,289,29,0,0,29,0,0,260,31,115,36,16,29,3,20,5,0,173,146,11.5
McKinnley Jackson,124324,DI,CIN,7,2,0,,0,0,7,0,0,61.8,47.3,81.3,49.0,47.4,28.9,0,6,0,0,,16.7,1,0,0,0.0,0,0,0,0,0,0,127,127,37,90,0,0,0,0,71,56,0,3,3,0,0,6,0,0,0,
Antonio Johnson,124326,S,JAX,11,10,0,69.6,0,0,15,0,0,38.7,44.4,45.1,47.6,73.1,67.2,1,3,0,0,30,12.0,6,0,3,112.0,16,0,0,120,10,323,515,19,0,0,19,0,311,496,9,183,55,6,34,1,23,4,1,207,89,12.9
Jaylon Jones,124328,CB,IND,12,13,0,63.5,1,1,14,0,0,67.0,68.8,88.4,,69.1,56.5,0,0,0,2,61,11.7,9,9,6,84.6,40,0,0,58,755,464,836,14,0,0,14,0,1,822,0,372,8,17,55,3,63,0,1,567,152,14.2
Gervon Dexter Sr.,124374,DI,CHI,11,7,2,,0,0,6,1,0,66.3,75.5,87.3,68.5,69.1,57.3,11,17,0,0,,8.6,3,0,0,0.0,0,5,0,4,0,4,485,481,57,303,9,112,0,4,288,193,0,18,25,0,0,33,0,0,0,
Junior Colson,124827,LB,LAC,5,6,0,63.6,0,0,27,0,0,39.0,39.2,78.2,45.0,56.3,49.8,0,4,0,0,26,13.3,2,1,0,88.4,7,0,0,97,1,69,115,5,0,0,5,0,0,110,9,37,12,3,7,0,11,4,0,88,39,12.6
Mekhi Wingo,128050,DI,DET,10,2,1,,0,0,11,0,0,60.7,58.5,82.1,60.2,53.9,72.0,0,5,0,0,,0.0,0,0,0,0.0,0,0,0,0,0,1,163,163,7,90,17,49,0,0,102,60,0,1,4,0,0,5,0,0,0,
Segun Olubi,128312,LB,IND,1,1,0,100.0,0,1,14,1,0,36.0,86.4,67.9,,92.6,76.4,0,0,0,0,25,0.0,0,0,0,118.8,1,0,0,15,0,4,21,0,0,0,0,0,0,21,0,17,6,0,2,0,1,0,0,25,11,25.0
Jer'Zhan Newton,129420,DI,WAS,11,13,0,,0,1,32,1,0,60.0,46.6,27.6,60.9,46.0,69.0,5,7,0,0,,3.2,1,0,3,0.0,0,1,0,0,0,0,344,344,37,264,2,41,0,0,163,181,0,10,17,2,0,13,0,0,0,
Lukas Van Ness,129482,ED,GB,11,5,0,100.0,0,1,12,1,0,68.5,47.6,0.0,62.5,42.9,52.5,1,6,0,0,8,14.3,3,0,5,100.0,1,2,0,0,0,6,275,275,0,11,240,24,0,0,161,108,0,9,13,4,1,9,0,8,14,8.0
Jakorian Bennett,129496,CB,LV,10,3,0,48.6,2,0,23,0,0,61.0,58.6,85.7,,42.2,30.8,0,0,0,0,24,28.6,8,7,3,62.4,18,0,0,39,406,294,459,0,0,0,0,0,0,459,0,165,14,3,17,0,37,0,0,176,68,9.8
Beau Brade,129499,S,BLT,1,0,0,,0,0,3,0,0,,60.0,62.6,,60.0,,0,0,0,0,,,0,0,0,0.0,0,0,0,0,0,0,1,0,0,0,0,0,1,1,0,1,0,0,0,0,0,0,0,0,0,
Tarheeb Still,129537,CB,LAC,8,5,0,59.1,0,0,27,0,0,70.8,71.6,85.0,75.7,63.9,46.3,0,0,0,1,28,18.9,7,3,0,82.3,26,1,0,20,312,300,441,3,0,0,3,0,0,438,2,139,106,9,25,0,44,1,2,267,60,10.3
Jaylen Harrell,129579,ED,TEN,11,3,0,,0,0,31,0,0,65.3,46.3,84.6,46.2,47.8,56.8,0,4,0,0,,12.5,1,0,0,0.0,0,0,0,5,0,8,200,195,0,1,191,3,0,5,97,95,0,3,4,2,0,4,0,0,0,
Kris Jenkins,129584,DI,CIN,9,6,0,,0,0,7,0,0,60.0,51.4,84.0,55.7,51.0,51.2,0,4,0,0,,10.5,2,0,0,0.0,0,1,0,0,0,0,287,287,34,233,2,18,0,0,150,137,0,9,11,0,0,5,0,0,0,
Braiden McGregor,129586,ED,NYJ,6,0,0,,0,0,22,0,0,60.0,50.7,22.9,56.4,54.8,74.2,0,3,0,0,,0.0,0,0,1,0.0,0,0,0,0,0,0,71,71,0,2,69,0,0,0,35,36,0,3,5,0,0,3,0,0,0,
Ji'Ayir Brown,129767,S,SF,11,8,0,56.0,2,0,28,0,0,70.3,65.6,87.6,50.2,52.2,51.7,0,1,0,1,36,12.5,7,4,2,68.6,14,0,0,200,6,394,685,22,0,0,22,0,352,663,10,281,104,18,41,3,25,1,1,139,56,9.9
Curtis Jacobs,129785,LB,NE,4,1,0,100.0,0,0,19,0,0,50.0,39.8,76.2,54.0,44.2,75.8,0,0,0,0,9,0.0,0,0,0,104.2,1,0,0,3,0,6,23,16,0,0,16,0,0,7,5,12,4,0,0,0,1,0,0,9,0,9.0
Sanoussi Kane,129820,S,BLT,2,0,0,,0,0,3,0,0,62.6,64.5,70.8,,60.9,,0,0,0,0,,,0,0,0,0.0,0,0,0,3,0,4,12,1,0,0,1,0,4,11,0,8,4,0,0,0,0,0,0,0,0,
Max Melton,129889,CB,ARZ,11,1,0,67.6,1,1,1,0,0,53.1,52.8,84.5,,50.0,61.2,0,0,0,0,31,12.8,5,1,1,94.9,23,0,0,33,367,254,403,1,0,0,1,0,0,402,0,149,2,6,33,1,34,0,0,297,93,12.9
Nick Herbig,129920,ED,PIT,7,1,0,100.0,0,3,25,1,0,47.5,89.5,54.6,92.0,61.3,30.1,2,10,0,0,25,31.3,5,0,1,118.8,2,5,0,2,0,19,237,230,0,0,225,5,0,7,128,90,5,11,10,2,2,17,0,43,15,21.5
Quinyon Mitchell,130628,CB,PHI,11,5,0,59.1,2,0,24,0,0,73.6,73.4,57.2,,69.2,70.9,0,0,0,0,33,7.5,3,8,3,81.3,26,0,0,37,606,423,654,3,0,0,3,0,1,651,0,231,7,6,32,0,44,0,0,317,53,12.2
Byron Murphy II,131252,DI,SEA,8,6,0,,0,0,29,0,0,56.5,60.5,84.6,65.5,55.2,75.5,0,10,0,0,,4.3,1,0,0,0.0,0,1,0,0,0,1,272,272,43,216,2,11,0,0,144,127,0,13,16,3,0,11,0,0,0,
Christian Gonzalez,131679,CB,NE,12,3,0,56.7,2,0,19,1,1,70.1,69.0,61.5,76.8,58.7,71.1,1,0,0,1,58,9.1,5,5,3,78.4,38,0,0,46,592,446,766,1,0,0,1,0,9,765,2,318,118,10,47,0,67,1,2,407,93,10.7
Noah Sewell,131722,LB,CHI,2,0,0,,1,0,6,0,0,,30.5,0.0,57.8,60.1,,0,0,0,0,,,0,0,1,0.0,0,0,0,0,0,0,4,3,0,0,3,0,0,1,1,3,1,0,0,0,0,0,0,0,0,
Tuli Tuipulotu,131840,ED,LAC,11,8,1,100.0,0,1,27,0,0,61.2,65.3,75.2,65.0,60.2,28.2,4,18,0,0,25,31.3,10,1,1,118.8,2,8,0,5,0,42,515,504,0,10,446,48,0,11,286,187,6,16,14,4,2,30,0,36,21,18.0
Clark Phillips III,131871,CB,ATL,11,1,0,73.9,0,0,2,0,0,66.6,69.3,82.4,55.8,77.4,52.1,0,0,0,1,67,13.3,4,0,0,93.2,17,0,0,34,205,149,242,0,0,0,0,0,0,242,2,91,1,10,25,2,23,0,1,183,61,10.8
Chau Smith-Wade,131956,CB,CAR,6,4,0,75.0,0,0,5,0,0,30.9,36.5,0.0,49.6,68.4,74.6,0,1,0,0,23,9.5,2,0,3,112.2,12,0,0,25,1,73,130,2,0,0,2,0,2,128,8,49,98,6,15,0,16,1,1,103,79,8.6
Jaylen Watson,131960,CB,KC,6,2,0,53.6,1,0,16,0,0,74.2,70.9,34.3,51.3,59.5,51.1,0,0,0,0,47,14.7,5,4,2,75.3,15,0,0,17,306,221,341,13,0,0,13,0,0,328,5,115,5,7,27,1,28,0,0,192,67,12.8
Sam Webb,134606,CB,LV,2,0,0,,0,0,23,0,0,63.8,66.4,71.6,,60.0,,0,0,0,0,,,0,0,0,0.0,0,0,0,0,10,4,11,0,0,0,0,0,1,11,0,7,0,0,0,0,0,0,0,0,0,
Jermaine Jackson,141559,WR,NO,1,0,0,,0,0,20,0,0,,59.9,60.0,,60.0,,0,0,0,0,,,0,0,0,0.0,0,0,0,0,0,0,1,0,0,0,0,0,0,1,0,1,0,0,0,0,0,0,0,0,0,
Malik Mustapha,142358,S,SF,10,17,0,38.5,0,0,28,0,0,59.6,67.2,86.2,56.8,78.6,67.5,0,0,0,1,11,12.3,7,2,0,54.2,5,0,0,91,1,273,491,4,0,0,4,0,370,487,2,216,24,7,33,2,13,0,3,29,27,5.8
Kamren Kinchens,143946,S,LA,10,4,0,82.4,0,1,26,0,0,56.5,52.6,16.1,,50.6,46.2,0,0,1,3,32,20.0,7,0,1,106.4,14,0,0,40,0,165,255,0,0,0,0,0,189,255,0,90,26,3,24,1,17,0,3,162,82,11.6
Leonard Taylor III,143953,DI,NYJ,8,2,1,,0,0,22,0,0,60.0,70.1,81.7,75.5,60.1,59.9,1,3,0,0,,14.3,2,0,0,0.0,0,2,0,0,0,0,155,155,2,133,0,20,0,0,70,85,0,8,10,2,0,6,0,0,0,
Jeremiah Trotter Jr.,144142,LB,PHI,5,1,0,50.0,0,0,24,0,0,91.2,90.6,73.1,59.9,59.8,79.9,0,0,0,0,5,0.0,0,1,0,56.3,1,0,0,27,0,14,28,0,0,0,0,0,0,28,1,13,1,0,4,0,2,0,0,5,2,5.0
Nate Wiggins,144143,CB,BLT,10,1,0,48.9,2,1,3,0,0,61.6,64.1,84.4,58.6,76.5,41.2,0,1,0,0,39,20.0,5,6,7,70.2,22,0,0,25,395,324,434,1,0,0,1,0,0,433,1,109,13,5,19,0,45,1,0,296,78,13.5
Cooper DeJean,144867,CB,PHI,10,6,0,70.5,0,0,24,1,0,80.4,79.6,83.1,55.4,70.7,57.4,0,1,0,0,24,14.3,5,4,1,80.7,31,1,0,31,6,249,379,10,0,0,10,0,1,369,7,123,331,13,24,2,44,2,0,210,163,6.8
Chop Robinson,144901,ED,MIA,11,5,1,100.0,0,0,17,0,0,59.5,72.2,53.9,79.7,54.0,45.0,4,28,0,0,16,26.3,5,0,2,115.3,3,4,0,2,0,27,342,340,0,0,328,12,0,2,210,105,0,9,9,2,3,36,0,35,23,11.7
Austin Booker,144990,ED,CHI,11,1,0,,0,0,6,0,0,69.6,51.9,85.9,53.3,46.2,31.9,2,4,0,0,,22.2,4,0,0,0.0,0,1,0,0,0,8,197,197,0,4,187,6,0,0,106,83,0,11,13,2,0,7,0,0,0,
Michael Hall Jr.,145076,DI,CLV,4,1,0,100.0,0,0,8,0,0,57.6,62.6,80.3,59.2,67.7,30.0,2,5,0,0,20,20.0,1,0,0,118.8,1,0,0,1,0,4,101,100,2,43,12,43,0,1,68,29,0,3,3,1,1,7,0,20,5,20.0
Tre Hawkins III,145387,CB,NYG,1,0,0,,0,0,21,0,0,64.5,67.3,72.4,,66.4,57.0,0,0,0,0,,20.0,1,0,0,0.0,0,0,0,5,17,6,23,0,0,0,0,0,0,23,0,17,1,1,4,0,0,0,0,0,0,
Thomas Incoom,145694,ED,CAR,5,0,0,100.0,0,0,5,0,0,91.7,78.7,79.7,50.3,65.6,79.2,1,1,0,0,12,20.0,1,0,0,93.1,3,0,0,0,0,4,40,38,0,0,38,0,0,2,19,17,0,4,4,1,3,2,0,19,9,6.3
Bo Richter,145962,ED,MIN,2,0,0,,0,0,18,0,0,64.7,57.5,73.1,51.9,60.0,69.9,0,0,0,0,,0.0,0,0,0,0.0,0,0,0,0,0,3,14,13,0,0,13,0,0,1,10,1,0,0,1,0,0,0,0,0,0,
Calen Bullock,146424,S,HST,12,7,0,47.6,0,0,13,1,0,42.1,49.7,86.4,58.8,73.7,56.0,0,0,0,4,30,17.9,7,3,1,56.5,10,0,0,52,1,425,663,0,0,0,0,0,587,663,1,237,23,2,25,0,21,0,2,114,46,11.4
Cole Bishop,146454,S,BUF,7,3,0,60.0,0,0,4,0,0,53.5,51.6,78.1,59.1,54.3,29.2,0,0,0,0,12,28.6,4,1,0,74.6,3,0,0,58,0,75,138,3,0,0,3,0,67,135,1,62,10,2,7,0,5,0,0,27,31,9.0
Jonah Elliss,146458,ED,DEN,12,3,2,83.3,0,0,10,0,0,29.3,55.3,84.9,59.9,64.5,57.1,0,9,0,0,24,17.6,3,0,0,142.4,5,5,0,13,0,32,314,298,0,0,297,1,0,16,176,106,1,9,11,1,6,14,1,52,9,10.4
Jaden Hicks,146512,S,KC,9,0,0,100.0,0,0,16,0,0,73.5,75.1,78.3,50.0,67.4,84.1,0,0,0,1,21,0.0,0,0,0,70.4,5,0,0,38,0,52,78,3,0,0,3,0,25,75,5,21,12,4,8,1,5,0,0,52,32,10.4
Kool-Aid McKinstry,146602,CB,NO,8,4,0,69.2,0,0,20,0,0,68.5,69.8,83.5,57.6,73.9,73.4,0,1,0,0,35,10.5,2,3,0,92.5,18,0,0,26,222,194,273,5,0,0,5,0,0,268,6,73,20,4,13,0,26,1,0,204,88,11.3
Terrion Arnold,146603,CB,DET,10,8,0,62.7,0,0,11,1,0,51.7,52.0,54.6,,56.7,73.2,0,0,0,0,41,7.0,3,4,9,101.8,37,0,0,23,531,425,602,0,0,0,0,0,4,602,0,177,44,10,32,0,59,0,3,432,132,11.7
Dallas Turner,146604,ED,MIN,10,3,0,50.0,1,0,18,0,0,65.7,57.6,43.8,54.7,61.3,77.8,1,5,0,0,6,0.0,0,0,1,56.3,1,1,0,4,0,29,150,144,0,0,143,1,0,6,79,42,1,3,5,0,2,7,0,6,1,6.0
Javon Bullard,146726,S,GB,11,12,0,78.0,0,0,12,0,0,52.4,58.9,85.1,62.9,74.6,61.5,0,3,0,0,31,13.4,9,1,0,108.1,32,0,0,120,5,328,562,15,0,0,15,0,204,547,13,221,218,20,46,1,41,3,1,328,189,10.3
Kamari Lassiter,146727,CB,HST,9,6,0,45.2,0,0,13,0,0,70.8,70.5,85.9,58.5,63.1,69.2,0,0,0,3,49,9.1,3,3,1,56.0,19,0,0,43,477,314,525,1,0,0,1,0,0,524,2,209,4,10,24,1,42,0,2,303,101,15.9
Trevin Wallace,146747,LB,CAR,9,12,0,86.4,0,1,5,1,0,66.5,53.7,83.4,55.5,42.4,71.1,0,3,0,0,42,9.3,5,0,0,149.1,19,0,0,426,1,213,481,13,0,0,13,0,1,468,30,238,40,12,37,1,22,3,2,278,173,14.6
Maason Smith,146774,DI,JAX,5,2,1,,0,0,15,0,0,59.7,55.0,81.4,56.1,54.4,71.4,0,2,0,0,,0.0,0,0,0,0.0,0,1,0,0,0,1,136,136,0,115,0,21,0,0,80,55,0,3,2,0,0,3,0,0,0,
Marcellas Dial,146902,CB,NE,2,0,0,,0,0,19,0,0,60.0,62.3,99.9,,60.0,,0,0,0,0,,,0,0,0,0.0,0,0,0,0,2,1,3,0,0,0,0,0,0,3,0,2,0,0,0,0,0,0,0,0,0,
Byron Young,146932,ED,LA,11,12,0,80.0,1,1,26,0,0,48.4,56.6,48.4,69.3,50.7,40.8,7,20,0,0,18,19.0,8,0,4,92.1,8,7,1,7,0,85,577,544,0,0,544,0,0,33,242,250,26,19,22,4,10,34,0,61,54,7.6
Daijahn Anthony,147537,S,CIN,6,0,0,0.0,0,0,7,0,0,64.1,64.4,73.9,,,22.6,0,0,0,0,,,0,1,2,39.6,0,0,0,1,3,12,12,0,0,0,0,0,1,12,0,0,6,0,0,0,1,0,0,0,0,
Julius Wood,151039,S,TEN,1,0,0,,0,0,31,0,0,60.5,61.2,66.3,,60.0,,0,0,0,0,,,0,0,0,0.0,0,0,0,0,0,2,3,0,0,0,0,0,2,3,0,1,1,0,0,0,0,0,0,0,0,
Kader Kohou,156070,CB,MIA,9,4,0,68.3,0,0,17,1,0,59.5,52.9,9.8,40.1,40.6,27.1,0,1,0,1,30,27.5,11,2,4,82.1,28,0,0,47,123,302,454,5,0,0,5,0,3,449,10,142,276,6,25,2,41,1,1,247,129,8.8
Joshua Williams,156083,CB,KC,6,2,0,63.6,0,0,16,0,0,56.6,51.4,0.0,,51.0,32.2,0,0,0,0,17,25.0,2,0,3,113.8,7,0,0,6,141,114,150,1,0,0,1,0,0,149,0,36,2,0,4,0,11,0,1,75,41,10.7
Dallis Flowers,156091,CB,IND,4,0,0,100.0,1,0,14,0,0,65.7,60.4,0.0,,51.8,45.1,0,0,0,0,85,18.2,2,0,1,158.3,5,0,0,6,82,58,89,1,0,0,1,0,0,88,0,31,0,4,9,1,5,0,1,111,67,22.2
Jeremiah Pharms Jr.,156117,DI,NE,11,3,0,,0,0,19,0,0,,61.5,83.7,59.3,60.0,54.1,2,8,0,0,,10.5,2,0,0,0.0,0,1,0,0,0,0,277,277,36,112,17,112,0,0,161,116,0,13,14,2,0,11,0,0,0,
Dondrea Tillman,156124,ED,DEN,7,5,0,100.0,0,0,10,0,0,71.1,63.0,84.1,57.0,62.4,42.3,1,6,0,0,26,27.3,3,0,0,118.8,2,2,0,0,0,8,135,134,0,0,134,0,0,1,84,43,0,5,3,0,2,9,0,29,36,14.5
Dee Williams,157609,CB,SEA,1,0,0,,0,0,29,0,0,,60.0,69.0,,60.0,,0,0,0,0,,,0,0,0,0.0,0,0,0,0,4,0,4,0,0,0,0,0,0,4,0,4,0,0,0,0,0,0,0,0,0,
Caleb Murphy,169634,ED,LAC,4,0,0,,0,0,27,0,0,58.9,56.4,77.8,54.0,66.1,71.1,0,0,0,0,,0.0,0,0,0,0.0,0,0,0,0,0,1,31,31,0,1,28,2,0,0,20,10,0,1,2,0,0,0,0,0,0,
Qwan'tez Stiggers,169764,CB,NYJ,1,0,0,100.0,0,0,22,0,0,46.3,41.1,63.3,,,22.9,0,0,0,0,8,100.0,1,0,0,100.0,1,0,0,0,0,1,1,0,0,0,0,0,0,1,0,0,1,0,0,0,1,0,0,8,1,8.0
Trevor Nowaske,169859,ED,DET,8,1,0,66.7,0,0,11,0,0,73.6,60.0,83.5,55.7,53.1,56.6,0,9,0,1,8,12.5,1,0,0,30.6,2,2,0,18,2,29,188,161,0,0,161,0,0,27,91,68,7,6,6,0,3,11,0,9,5,4.5
=======
Kingsley Enagbare,82409,ED,GB,8,3,0,,1,2,12,0,0,76.0,65.4,34.0,61.3,67.2,50.8,2,6,0,0,,17.6,3,0,3,0.0,0,2,0,0,0,8,220,220,0,9,207,4,0,0,127,85,0,7,11,0,0,10,0,0,0,
Bobby Brown III,82429,DI,LA,7,12,0,,0,0,26,0,0,60.0,66.4,83.5,53.1,68.5,76.4,1,1,0,0,,0.0,0,0,0,0.0,0,0,0,0,0,0,222,222,36,123,21,42,0,0,85,137,0,5,9,1,0,2,0,0,0,
Tyree Wilson,82432,ED,LV,7,2,0,,1,0,23,0,0,63.0,69.1,58.3,61.1,74.0,44.7,4,7,0,0,,20.0,2,0,1,0.0,0,1,0,0,0,2,202,202,0,13,143,46,0,0,125,75,0,7,6,0,0,12,0,0,0,
Otito Ogbonnia,82450,DI,LAC,7,5,0,,0,0,27,0,0,,46.0,26.3,51.8,52.0,40.5,1,6,0,0,,16.7,3,0,2,0.0,0,1,0,1,0,0,209,208,21,160,0,27,0,1,115,94,0,6,10,0,0,8,0,0,0,
Taki Taimani,82468,DI,MIN,7,1,0,,0,0,18,0,0,,61.2,79.9,48.7,69.9,70.6,0,0,0,0,,0.0,0,0,0,0.0,0,0,0,0,0,0,70,70,27,43,0,0,0,0,44,26,0,1,3,0,0,0,0,0,0,
Brennan Jackson,82474,ED,LA,1,0,0,,0,0,26,0,0,,66.3,72.1,56.7,65.9,70.5,0,0,0,0,,0.0,0,0,0,0.0,0,0,0,0,0,0,9,9,0,0,9,0,0,0,3,6,0,0,1,0,0,0,0,0,0,
Scott Matlock,82482,DI,LAC,7,3,1,,0,0,27,0,0,61.8,48.5,78.6,68.3,30.1,71.8,0,3,0,0,,0.0,0,0,1,0.0,0,1,0,0,0,0,66,66,0,42,1,23,0,0,38,28,0,2,1,0,0,4,0,0,0,
Cameron Young,82499,DI,SEA,1,0,0,,0,0,29,0,0,,44.0,68.3,60.0,60.0,,0,0,0,0,,,0,0,0,0.0,0,0,0,0,0,0,2,2,1,1,0,0,0,0,1,1,0,0,0,0,0,0,0,0,0,
Quay Walker,82547,LB,GB,7,11,0,75.0,0,0,12,0,0,43.9,48.7,83.2,65.2,56.4,64.8,0,4,0,0,24,10.3,6,0,0,94.8,21,2,0,357,1,226,403,11,0,0,11,0,1,392,33,144,33,14,41,3,28,6,0,203,97,9.7
Jack Sanborn,82566,LB,CHI,7,2,1,75.0,0,0,6,0,0,58.7,79.1,76.4,85.8,78.1,60.3,1,1,0,0,27,11.1,1,1,0,115.6,3,1,0,45,0,25,78,17,0,0,17,0,0,61,10,43,16,6,6,0,4,3,0,49,20,16.3
Ethan Bonner,83091,CB,MIA,1,0,0,,0,0,17,0,0,,31.3,64.8,,46.4,,0,0,0,0,,,0,0,0,0.0,0,0,0,3,1,0,4,0,0,0,0,0,0,4,0,4,0,0,0,0,0,0,0,0,0,
Starling Thomas V,83098,CB,ARZ,8,3,0,53.6,0,1,1,0,0,55.7,56.0,84.3,,54.9,60.3,0,0,0,0,53,12.5,3,2,1,104.6,15,0,0,41,359,230,406,0,0,0,0,0,0,406,0,176,6,5,18,1,28,0,2,229,86,15.3
Pat Surtain II,83119,CB,DEN,7,3,0,70.6,1,0,10,0,0,76.2,76.9,84.6,60.0,74.7,84.7,0,1,1,3,23,0.0,0,2,6,69.4,12,0,0,24,340,243,386,0,0,0,0,0,0,386,1,142,22,6,12,1,17,1,1,116,22,9.7
Jalyn Armour-Davis,83120,CB,BLT,3,1,0,85.7,0,0,3,0,0,54.9,56.6,78.6,,65.3,49.8,0,0,0,0,22,16.7,1,0,0,151.5,6,0,0,3,80,54,84,0,0,0,0,0,0,84,0,30,1,0,4,0,7,0,1,76,23,12.7
Josh Jobe,83122,CB,SEA,2,5,0,50.0,2,0,29,0,0,54.0,56.9,0.0,,79.8,83.5,0,0,0,1,35,0.0,0,2,3,48.3,6,0,0,7,109,70,116,0,0,0,0,0,0,116,0,46,0,1,8,0,12,0,0,113,15,18.8
Jamien Sherwood,83175,LB,NYJ,8,24,0,70.4,0,0,22,0,0,74.3,78.8,47.6,64.6,77.4,64.9,0,5,0,0,30,11.4,9,1,1,83.4,19,0,0,394,1,233,466,33,0,0,33,0,0,433,23,210,38,26,46,4,27,5,0,147,127,7.7
Roger McCreary,83176,CB,TEN,7,3,0,70.4,0,0,31,0,0,66.3,64.1,81.7,58.7,54.3,30.0,1,0,0,0,30,30.4,7,0,0,90.5,19,1,0,32,9,170,299,9,0,0,9,0,1,290,17,112,248,6,13,4,27,2,1,113,103,5.9
Tyson Campbell,83217,CB,JAX,3,0,0,40.0,0,0,15,0,0,72.7,69.6,82.4,,46.7,47.0,0,0,0,0,14,22.2,2,1,1,49.2,4,0,0,7,154,108,168,2,0,0,2,0,0,166,0,60,5,2,7,1,10,0,0,33,14,8.3
Chris Smith II,83220,S,LV,1,1,0,100.0,0,0,23,0,0,65.6,74.6,68.1,,66.2,31.5,0,0,0,0,7,33.3,1,0,0,95.8,1,0,0,5,0,3,11,1,0,0,1,0,2,10,0,8,3,0,1,0,1,0,0,7,10,7.0
Quan Martin,83236,S,WAS,8,10,0,77.8,0,0,32,0,0,51.9,56.5,84.9,54.2,69.2,70.8,0,0,0,0,44,10.6,5,1,0,155.8,7,0,0,52,1,245,422,5,0,0,5,0,345,417,4,173,19,7,32,1,9,0,1,188,81,26.9
Kerby Joseph,83239,S,DET,7,7,0,41.2,0,0,11,0,0,89.7,89.9,84.9,39.4,73.9,71.7,1,0,0,5,51,9.5,4,1,0,22.5,7,0,0,181,3,338,474,11,0,0,11,0,211,463,2,134,68,7,31,2,17,1,0,105,26,15.0
Sydney Brown,83241,S,PHI,2,0,0,0.0,0,0,24,0,0,81.8,87.0,74.8,,60.0,,0,0,0,0,,,0,1,0,39.6,0,0,0,1,0,7,12,0,0,0,0,0,10,12,0,5,1,0,0,0,1,0,0,0,0,
JuJu Brents,83256,CB,IND,1,4,0,71.4,0,0,14,0,0,50.1,54.7,77.9,,71.6,66.4,0,0,0,0,55,12.5,1,0,0,113.7,5,0,0,3,59,37,62,0,0,0,0,0,0,62,0,25,0,0,3,0,7,0,0,89,18,17.8
Kaevon Merriweather,83257,S,TB,5,0,0,100.0,1,0,30,0,0,52.5,51.0,77.6,58.4,60.0,77.2,0,0,0,0,36,0.0,0,0,1,158.3,1,0,0,6,0,37,44,0,0,0,0,0,31,44,1,6,6,0,1,0,1,0,1,36,17,36.0
Riley Moss,83259,CB,DEN,8,10,0,63.0,1,1,10,1,0,68.1,70.8,85.0,79.0,73.1,59.2,0,3,0,1,30,10.9,6,3,4,88.4,34,0,0,54,445,331,521,0,0,0,0,0,1,521,4,186,20,14,39,1,54,3,2,379,56,11.1
Percy Butler,83271,S,WAS,8,8,0,75.0,0,0,32,0,0,42.3,48.2,79.3,59.1,66.8,61.1,0,1,0,0,17,13.0,3,1,0,135.9,6,0,0,95,5,109,208,4,0,0,4,0,79,204,1,98,25,4,12,1,8,1,1,61,16,10.2
Terell Smith,83302,CB,CHI,2,0,0,0.0,0,0,6,0,0,67.2,67.5,71.6,,60.0,,0,0,0,0,,,0,0,0,39.6,0,0,0,1,10,8,12,0,0,0,0,0,0,12,0,4,1,0,0,0,1,0,0,0,0,
Jordan Howden,83305,S,NO,8,9,0,44.4,0,0,20,0,0,61.0,65.9,84.1,55.9,75.0,90.4,0,1,0,1,61,0.0,0,0,0,39.8,4,0,0,91,6,209,327,21,0,0,21,0,171,306,11,107,38,7,19,0,9,1,0,87,66,21.8
Keidron Smith,83310,S,DEN,2,0,0,100.0,0,0,10,0,0,37.9,34.1,73.0,59.1,60.0,23.8,0,0,0,0,17,100.0,1,0,1,118.8,1,0,0,3,0,7,12,3,0,0,3,0,5,9,1,4,0,0,0,0,1,0,0,17,11,17.0
Cam Taylor-Britt,83326,CB,CIN,8,7,0,68.3,0,0,7,0,0,59.3,59.1,17.0,,65.9,79.5,0,0,0,1,55,4.5,2,3,4,123.9,28,0,0,48,440,300,515,3,0,0,3,0,1,512,0,215,23,9,35,0,41,0,4,419,87,15.0
Greg Newsome II,83341,CB,CLV,8,2,0,68.6,0,0,8,0,0,51.2,49.1,40.5,46.0,50.5,29.1,0,2,0,0,66,25.9,7,1,2,130.7,24,0,0,24,182,239,401,12,0,0,12,0,0,389,9,153,183,5,18,0,35,2,3,360,182,15.0
Cory Trice Jr.,83353,CB,PIT,3,0,0,50.0,0,0,25,0,0,86.0,86.2,72.8,,60.0,75.0,0,0,0,1,9,0.0,0,0,0,22.9,1,0,0,12,11,27,29,0,0,0,0,0,2,29,0,2,4,0,2,0,2,0,0,9,7,9.0
Tyrek Funderburk,83356,CB,TB,4,1,0,91.7,0,1,30,0,0,55.3,53.2,81.3,,42.8,29.0,0,0,0,0,30,28.6,4,0,0,156.9,11,0,0,10,131,97,149,0,0,0,0,0,0,149,0,52,7,1,9,0,12,0,2,146,47,13.3
Christian Izien,83360,S,TB,7,6,0,73.1,0,0,30,0,0,54.1,57.5,83.6,59.2,69.3,46.0,0,3,0,1,20,21.3,10,2,1,70.5,19,0,0,60,29,250,385,12,0,0,12,0,203,373,14,121,81,10,31,3,26,3,0,147,109,7.7
Jaycee Horn,83375,CB,CAR,8,2,0,42.9,1,0,5,0,0,69.3,70.7,43.1,53.9,76.3,58.3,0,1,0,1,34,13.9,5,7,5,77.3,15,0,0,64,469,274,539,5,0,0,5,0,0,534,4,261,1,17,29,2,35,1,3,192,38,12.8
Israel Mukuamu,83377,CB,DAL,6,1,0,0.0,0,0,9,0,0,56.7,57.4,75.5,54.8,63.6,72.8,0,1,0,0,,0.0,0,0,0,39.6,0,0,0,6,25,23,41,3,0,0,3,0,4,38,2,16,3,0,0,0,1,1,0,0,0,
Kyler Gordon,83451,CB,CHI,6,10,0,69.6,0,0,6,2,0,64.1,68.0,80.2,47.9,81.4,58.0,0,6,0,0,31,13.9,5,1,0,93.0,16,1,0,69,1,153,280,11,0,0,11,0,0,269,24,103,199,15,21,2,23,7,0,182,120,11.4
Beanie Bishop Jr.,83459,CB,PIT,8,4,0,65.8,0,0,25,0,0,62.6,60.7,33.3,63.9,53.1,73.6,0,0,0,3,34,8.3,2,2,2,80.3,25,1,0,16,6,243,354,7,0,0,7,0,5,347,6,105,320,8,18,2,38,1,3,273,137,10.9
Alontae Taylor,83469,CB,NO,8,0,0,78.4,0,1,20,0,0,40.4,49.1,12.0,71.3,83.1,45.8,1,3,0,0,60,21.3,10,5,2,112.7,40,5,0,42,59,277,448,20,0,0,20,0,1,428,28,143,326,16,37,5,51,9,2,403,231,10.1
Myles Cole,83500,ED,JAX,2,0,0,,0,0,15,0,0,60.2,49.5,78.1,51.8,51.3,27.4,0,0,0,0,,50.0,1,0,0,0.0,0,0,0,0,0,1,24,24,0,1,20,3,0,0,14,9,0,0,1,0,0,0,0,0,0,
Javontae Jean-Baptiste,83514,ED,WAS,6,2,0,,0,0,32,0,0,,63.5,84.7,50.1,73.4,74.1,1,1,0,0,,0.0,0,0,0,0.0,0,1,0,0,0,0,132,132,0,5,118,9,0,0,69,63,0,4,3,0,0,3,0,0,0,
Amari Burney,83811,LB,LV,2,0,0,100.0,0,0,23,0,0,53.9,51.2,70.7,68.4,48.9,26.0,0,1,0,0,26,50.0,1,0,0,118.8,2,0,0,12,3,12,20,3,0,0,3,0,0,17,3,5,2,1,1,0,2,1,0,39,35,19.5
Corey Ballentine,83833,CB,GB,5,0,0,66.7,0,0,12,0,0,55.4,52.2,76.3,,44.2,75.1,0,0,0,0,29,0.0,0,0,0,149.3,2,0,0,3,35,32,43,0,0,0,0,0,1,43,0,11,4,0,2,0,3,0,1,43,11,21.5
Jevon Holland,83873,S,MIA,6,5,0,66.7,0,1,17,0,0,53.4,60.8,80.7,50.0,77.1,62.1,0,1,0,0,71,13.8,4,1,0,130.2,8,0,0,68,1,139,280,13,0,0,13,0,156,267,10,131,42,5,20,0,12,1,1,129,71,16.1
Talanoa Hufanga,83903,S,SF,2,3,0,100.0,0,0,28,0,0,60.3,59.8,76.7,,57.9,46.0,0,0,0,0,15,20.0,2,0,0,118.8,1,0,0,17,0,36,64,2,0,0,2,0,44,62,0,28,1,0,5,0,1,0,0,15,16,15.0
Lucas Krull,83962,TE,DEN,1,0,0,,0,0,10,0,0,,60.0,60.0,60.0,,,0,0,0,0,,,0,0,0,0.0,0,0,0,0,0,0,1,0,0,0,0,0,0,1,1,0,0,0,0,0,0,0,0,0,0,
Josh Newton,84268,CB,CIN,5,1,0,66.7,0,0,7,0,0,62.2,61.7,78.7,54.5,60.0,78.6,0,0,0,0,15,0.0,0,0,0,89.6,2,0,0,7,5,33,40,0,0,0,0,0,1,40,2,5,26,1,1,0,3,0,0,23,11,11.5
Markees Watts,84537,ED,TB,4,0,0,,0,0,30,0,0,65.1,70.2,72.5,60.9,60.0,,0,1,0,0,,,0,0,0,0.0,0,0,0,0,0,2,11,10,0,0,10,0,0,1,7,2,0,0,0,0,0,1,0,0,0,
Darius Muasau,86008,LB,NYG,6,1,0,75.0,0,0,21,0,0,45.1,58.7,75.9,56.3,71.8,42.3,0,0,0,1,10,25.0,3,0,0,42.7,3,0,0,78,2,34,81,0,0,0,0,0,0,81,3,44,1,5,8,1,4,0,0,17,25,5.7
Rico Payton,86957,CB,NO,4,0,0,0.0,0,0,20,0,0,65.3,66.4,74.9,,63.9,72.5,0,0,0,0,,,0,1,0,39.6,0,0,0,0,19,13,21,0,0,0,0,0,0,21,0,8,2,0,0,0,2,0,0,0,0,
Keenan Isaac,86972,CB,TB,1,0,0,,0,0,30,0,0,60.7,70.6,89.4,,,,0,0,0,0,,,0,0,0,0.0,0,0,0,0,0,1,1,0,0,0,0,0,0,1,0,0,0,0,0,0,0,0,0,0,0,
Chris Williams,87178,DI,CHI,7,1,0,,0,0,6,0,0,60.2,62.4,34.0,67.9,57.9,40.7,0,4,0,0,,11.1,1,0,1,0.0,0,1,0,0,0,1,120,120,5,75,1,39,0,0,68,51,0,6,7,0,0,5,0,0,0,
Nate Adkins,87625,TE,DEN,1,0,0,,0,0,10,0,0,,60.0,60.0,60.0,,,0,0,0,0,,,0,0,1,0.0,0,0,0,0,0,0,1,0,0,0,0,0,0,1,1,0,0,0,0,0,0,0,0,0,0,
Khristian Boyd,88444,DI,NO,5,2,0,,0,0,20,0,0,,48.8,79.3,54.7,48.1,69.6,0,2,0,0,,0.0,0,0,0,0.0,0,0,0,0,0,0,69,69,26,42,0,1,0,0,35,34,0,0,1,0,0,2,0,0,0,
Charles Woods,89148,CB,LA,1,0,0,,0,0,26,0,0,,64.8,69.1,,64.9,72.8,0,0,0,0,,0.0,0,0,0,0.0,0,0,0,1,5,0,6,0,0,0,0,0,0,6,0,6,0,0,1,0,0,0,0,0,0,
Kyle Dugger,90621,S,NE,6,4,1,75.0,0,1,19,0,0,60.0,64.5,82.6,67.7,67.1,71.0,0,2,0,0,56,8.1,3,0,1,124.5,12,1,0,152,8,183,339,31,0,0,31,0,101,308,21,135,47,12,30,3,16,3,1,150,75,12.5
Daniel Hardy,91336,ED,CHI,3,0,0,,0,0,6,0,0,,52.5,74.3,51.6,60.1,,0,1,0,0,,,0,0,0,0.0,0,0,0,0,0,0,10,10,0,0,9,1,0,0,8,2,0,0,0,0,0,1,0,0,0,
E.J. Speed,94351,LB,IND,7,13,0,83.8,0,0,14,0,0,48.8,50.9,48.5,52.1,58.3,47.2,1,6,0,0,28,17.3,13,1,1,99.2,31,0,0,401,3,244,493,32,0,0,32,0,6,461,29,220,51,27,49,3,37,7,0,289,178,9.3
Jordan Davis,94854,DI,PHI,7,4,2,,0,0,24,0,0,,66.3,82.7,63.8,62.9,38.9,0,4,0,0,,16.7,2,0,0,0.0,0,1,0,0,0,0,185,185,42,142,1,0,0,0,97,88,0,7,6,1,0,5,0,0,0,
Mike Sainristil,97180,CB,WAS,8,4,0,66.7,0,0,32,0,0,62.9,62.7,84.3,51.8,60.0,80.5,0,0,0,1,41,4.9,2,2,0,103.2,22,0,0,26,254,251,406,5,0,0,5,0,1,401,5,150,120,13,35,1,33,0,3,221,122,10.0
Dell Pettus,97290,S,NE,6,4,0,50.0,0,0,19,0,0,70.2,74.5,80.2,56.9,73.7,85.9,0,0,0,0,13,0.0,0,0,0,70.8,1,0,0,33,6,59,112,1,0,0,1,0,40,111,2,51,32,1,7,0,2,0,0,13,5,13.0
Thomas Harper,97325,S,LV,4,1,0,100.0,0,0,23,0,0,50.2,49.5,76.1,58.3,60.0,79.1,0,0,0,0,13,0.0,0,0,0,118.8,1,0,0,4,2,25,31,2,0,0,2,0,21,29,1,5,2,0,1,0,1,0,0,13,14,13.0
Cameron Mitchell,97340,CB,CLV,8,1,0,66.7,0,0,8,0,0,59.7,59.2,79.6,53.3,58.1,27.3,0,0,0,0,29,36.4,4,1,1,115.6,8,0,0,20,12,89,141,3,0,0,3,0,3,138,4,48,103,4,6,1,12,0,1,87,41,10.9
Dadrion Taylor-Demerson,97348,S,ARZ,6,3,0,33.3,0,0,1,0,0,86.7,90.3,74.8,,69.6,81.9,0,0,0,0,3,0.0,0,2,0,42.4,1,0,0,22,0,22,42,0,0,0,0,0,19,42,0,20,1,1,2,0,3,0,0,3,1,3.0
Christian Roland-Wallace,97374,CB,KC,3,0,0,66.7,1,0,16,0,0,60.9,61.1,0.0,84.0,60.0,81.4,2,1,0,1,11,0.0,0,0,1,83.3,4,0,0,8,1,38,47,1,0,0,1,0,0,46,5,4,37,0,4,0,6,3,1,37,5,9.3
Jarrian Jones,97486,CB,JAX,8,3,0,69.2,0,0,15,0,0,68.9,73.0,81.5,53.4,88.5,35.8,0,0,0,1,39,25.0,6,3,0,76.6,18,0,0,20,3,181,259,1,0,0,1,0,3,258,3,75,232,8,15,0,26,0,0,205,179,11.4
Nick Cross,97514,S,IND,8,14,0,73.3,0,1,14,0,0,54.1,62.5,51.9,51.3,78.8,67.5,0,1,0,1,47,11.3,9,1,2,109.6,22,0,0,181,0,300,564,22,0,0,22,0,264,542,7,257,97,18,57,2,30,1,3,194,60,8.8
Dax Hill,97519,CB,CIN,5,5,0,57.9,0,0,7,0,0,68.0,68.2,21.0,81.8,66.0,38.7,0,0,0,0,27,16.7,5,1,1,88.7,11,1,0,36,203,140,262,0,0,0,0,0,0,262,2,120,23,8,20,0,19,1,1,95,47,8.6
Drake Thomas,97525,LB,SEA,3,2,0,60.0,0,0,29,0,0,43.1,46.7,71.8,59.1,63.3,25.4,0,0,0,0,17,33.3,1,1,0,86.3,3,0,0,28,1,20,32,1,0,0,1,0,0,31,1,11,2,0,0,0,5,0,0,41,12,13.7
Tyrique Stevenson,97562,CB,CHI,6,4,0,51.1,1,0,6,0,0,51.9,52.1,0.0,,65.2,58.1,0,0,1,1,61,11.8,4,5,4,85.1,23,0,0,29,324,221,363,1,0,0,1,0,2,362,0,142,7,6,26,0,45,0,2,377,97,16.4
Elijah Chatman,97568,DI,NYG,8,2,0,,0,0,21,1,0,60.8,62.7,80.8,61.4,58.5,73.4,1,10,0,0,,0.0,0,0,0,0.0,0,1,0,0,0,2,149,149,1,43,6,99,0,0,106,41,0,4,5,0,0,12,0,0,0,
Tyler Davis,97610,DI,LA,6,1,0,,0,0,26,0,0,,46.6,79.5,51.8,48.3,72.5,0,0,0,0,,0.0,0,0,0,0.0,0,0,0,0,0,0,76,76,28,37,1,10,0,0,27,49,0,4,6,1,0,0,0,0,0,
Josh Wallace,97676,CB,LA,6,0,0,44.4,0,0,26,0,0,50.1,48.2,78.4,55.6,45.6,25.7,0,0,0,0,12,50.0,2,1,0,92.4,4,0,0,14,21,57,112,1,0,0,1,0,1,111,3,52,75,1,2,0,9,0,1,35,27,8.8
Brandon Joseph,97680,S,DET,4,2,0,0.0,0,0,11,0,0,59.1,55.9,79.4,,47.8,48.4,0,0,0,0,,20.0,2,0,0,39.6,0,0,0,21,0,92,129,0,0,0,0,0,102,129,0,37,6,1,6,0,1,0,0,0,0,
Alex Austin,97683,CB,NE,1,0,0,100.0,0,0,19,0,0,54.0,55.1,73.2,,60.0,23.2,0,0,0,0,10,100.0,1,0,0,147.9,1,0,0,0,13,10,14,0,0,0,0,0,0,14,0,4,1,0,0,0,1,0,1,10,11,10.0
Dorian Williams,97694,LB,BUF,8,16,0,73.2,0,1,4,2,0,41.0,59.1,81.3,65.7,75.6,60.3,1,3,0,0,22,11.7,9,0,0,93.3,30,0,0,359,0,189,393,11,0,0,11,0,0,382,22,182,23,29,52,4,41,4,1,218,129,7.3
Ronnie Hickman Jr.,97702,S,CLV,5,2,0,57.1,0,0,8,1,0,63.7,69.9,80.1,56.4,77.3,71.1,0,0,0,0,23,10.5,2,0,0,75.3,4,0,0,17,1,104,174,2,0,0,2,0,148,172,2,68,6,4,15,1,7,0,0,43,39,10.8
Storm Duck,97705,CB,MIA,5,1,0,71.4,0,0,17,0,0,56.8,58.2,78.8,,60.4,48.6,0,0,0,0,15,25.0,2,0,0,84.2,5,0,0,16,81,46,102,2,0,0,2,0,0,100,0,56,3,3,5,1,7,0,0,38,1,7.6
Omar Speights,97723,LB,LA,1,1,0,,0,0,26,0,0,50.9,67.7,72.0,,74.8,78.3,0,0,0,0,,0.0,0,0,0,0.0,0,0,0,22,0,8,22,0,0,0,0,0,0,22,0,14,0,1,3,0,0,0,0,0,0,
Mohamed Kamara,97731,ED,MIA,1,1,0,,0,0,17,0,0,60.0,69.4,73.6,69.7,60.7,69.9,1,1,0,0,,0.0,0,0,0,0.0,0,0,0,0,0,1,16,16,0,0,15,1,0,0,7,8,0,0,0,0,0,2,0,0,0,
Javon Solomon,97821,ED,BUF,5,0,0,,0,1,4,0,0,60.7,90.1,77.6,91.1,52.5,73.9,2,0,0,0,,0.0,0,0,0,0.0,0,2,0,0,0,1,39,39,0,0,39,0,0,0,27,11,0,3,1,0,0,4,0,0,0,
Martin Emerson Jr.,97872,CB,CLV,8,8,0,62.2,2,1,8,1,0,44.7,44.5,43.1,,50.8,41.0,0,0,0,0,41,19.1,9,2,3,123.6,23,0,0,32,371,258,428,5,0,0,5,0,0,423,0,170,20,7,30,1,37,0,4,299,74,13.0
Tyler Nubin,97895,S,NYG,8,13,0,90.9,0,0,21,1,0,64.4,67.8,83.9,64.9,69.1,86.4,0,1,0,0,22,5.5,3,0,0,100.0,10,0,0,155,3,288,490,15,0,0,15,0,274,475,6,196,43,10,39,2,11,1,0,88,23,8.8
Adetomiwa Adebawore,97934,DI,IND,8,1,0,,0,0,14,0,0,,58.0,35.5,65.6,55.0,28.7,1,1,0,0,,20.0,1,0,1,0.0,0,1,0,0,0,0,123,123,7,92,5,19,0,0,68,55,0,3,3,1,0,3,0,0,0,
Levelle Bailey,97956,LB,DEN,1,0,0,,0,0,10,0,0,,60.0,60.0,60.0,,,0,0,0,0,,,0,0,0,0.0,0,0,0,0,0,0,1,0,0,0,0,0,0,1,1,0,0,0,0,0,0,0,0,0,0,
Derick Hall,98130,ED,SEA,8,6,0,100.0,0,1,29,1,1,75.4,71.3,66.2,72.6,57.6,55.0,7,13,0,0,6,15.0,3,0,1,81.3,2,5,0,3,1,21,349,342,0,2,336,4,0,7,181,147,3,12,11,0,2,25,0,7,12,3.5
DeWayne Carter,98175,DI,BUF,7,1,1,,0,0,4,0,0,62.0,44.1,82.9,52.4,41.3,72.7,2,3,0,0,,10.0,1,0,0,0.0,0,0,0,0,0,1,183,183,2,166,0,15,0,0,92,90,0,7,8,4,0,5,0,0,0,
Derek Stingley Jr.,98253,CB,HST,8,2,0,51.2,0,0,13,0,0,66.9,66.8,84.3,,60.8,45.5,0,0,0,1,40,17.1,6,5,0,64.3,22,0,0,43,424,299,473,1,0,0,1,0,0,472,0,174,5,9,27,2,43,0,1,222,93,10.1
Colby Wooden,98312,DI,GB,4,1,1,,0,0,12,0,0,,56.5,79.4,68.0,45.5,37.5,1,3,0,0,,12.5,1,0,0,0.0,0,1,0,0,0,0,83,83,0,53,2,28,0,0,50,33,0,3,6,0,0,5,0,0,0,
Alex Wright,98318,ED,CLV,4,2,0,100.0,0,0,8,0,0,64.2,60.2,0.0,67.2,54.5,55.5,0,2,0,0,14,0.0,0,0,2,118.8,1,1,1,2,0,5,103,101,1,3,72,25,0,2,61,37,0,4,5,0,1,3,0,14,8,14.0
George Karlaftis,98319,ED,KC,7,2,1,100.0,0,0,16,0,0,61.9,71.9,88.8,69.7,61.9,56.6,9,16,0,0,9,6.7,1,0,0,104.2,1,3,0,1,0,12,373,372,0,12,323,37,0,1,242,119,0,11,12,1,1,28,0,9,6,9.0
Marshawn Kneeland,98344,ED,DAL,5,3,0,,0,0,9,0,0,60.7,54.7,83.7,54.8,53.8,50.9,4,2,0,0,,9.1,1,0,0,0.0,0,0,0,0,0,2,111,111,0,11,87,13,0,0,68,41,0,5,7,1,0,6,0,0,0,
Kayvon Thibodeaux,98444,ED,NYG,5,0,0,,1,0,21,0,0,60.4,57.4,38.7,62.3,54.3,30.9,4,10,0,0,,25.0,3,0,2,0.0,0,2,0,1,0,2,242,241,0,1,239,1,0,1,162,78,0,7,9,2,0,16,0,0,0,
Eric Watts,98459,ED,NYJ,5,2,0,,0,0,22,0,0,,66.4,82.3,47.3,76.0,74.7,0,0,0,0,,0.0,0,0,0,0.0,0,0,0,0,0,0,64,64,1,0,63,0,0,0,27,37,0,2,3,0,0,0,0,0,0,
Zach Harrison,98503,DI,ATL,8,5,0,,0,0,2,0,0,67.0,70.0,81.8,55.3,66.9,54.6,0,2,0,0,,9.1,1,0,0,0.0,0,0,0,0,0,0,111,110,0,72,5,33,0,1,60,51,0,4,5,0,0,2,0,0,0,
Tatum Bethune,98532,LB,SF,3,0,0,,0,0,28,0,0,63.6,64.8,67.2,,60.0,,0,0,0,0,,,0,0,0,0.0,0,0,0,6,0,5,8,0,0,0,0,0,0,8,0,3,2,0,0,0,0,0,0,0,0,
Anfernee Orji,98568,LB,NO,6,4,0,85.7,0,0,20,0,0,42.6,46.0,79.6,48.1,57.6,43.8,0,2,0,0,15,15.8,3,0,0,97.0,6,0,0,103,0,47,125,14,0,0,14,0,0,111,8,70,8,4,12,2,7,2,0,51,41,8.5
Kaiir Elam,98693,CB,BUF,4,1,0,50.0,0,0,4,0,0,90.8,90.6,74.4,,67.8,78.0,0,0,0,0,1,0.0,0,1,0,56.3,1,0,0,2,23,16,26,0,0,0,0,0,0,26,0,10,1,2,3,1,2,0,0,1,1,1.0
Mohamoud Diabate,98780,LB,CLV,4,5,0,66.7,0,0,8,0,0,63.5,78.8,0.0,66.2,88.7,59.1,0,2,0,0,9,19.0,4,1,1,71.5,2,1,0,120,0,61,133,5,2,0,3,0,5,128,11,61,3,7,12,2,3,3,0,10,9,5.0
Jay Ward,98833,S,MIN,3,0,0,,0,0,18,0,0,63.7,62.2,79.3,54.5,60.0,,1,0,0,0,,,0,0,0,0.0,0,0,0,3,0,8,13,6,0,0,6,0,3,7,4,1,0,0,0,0,0,1,0,0,0,
Cor'Dale Flott,98834,CB,NYG,7,4,0,77.3,0,0,21,0,0,62.5,61.2,82.7,52.1,54.9,33.7,0,0,0,0,34,21.9,7,2,0,122.0,17,0,0,34,235,185,314,0,0,0,0,0,1,314,3,126,44,6,21,1,22,0,1,213,68,12.5
Jammie Robinson,98836,S,CAR,1,0,0,100.0,0,0,5,0,0,43.2,41.2,68.4,,,73.3,0,0,0,0,9,0.0,0,0,0,104.2,1,0,0,8,0,11,11,0,0,0,0,0,0,11,0,0,3,0,1,0,1,0,0,9,11,9.0
Cam Smith,98837,CB,MIA,1,0,0,100.0,0,0,17,0,0,31.7,35.1,76.1,60.0,64.9,79.1,0,0,0,0,22,0.0,0,0,0,158.3,5,0,0,2,33,26,35,0,0,0,0,0,0,35,1,8,0,1,4,0,5,0,1,63,6,12.6
Jaylen McCollough,98845,S,LA,5,1,0,0.0,0,0,26,0,0,86.4,86.9,77.7,59.9,60.0,79.3,0,0,1,3,,0.0,0,0,0,0.0,0,0,0,16,0,47,54,6,0,0,6,0,13,48,1,6,19,3,4,0,2,0,0,0,0,
Demani Richardson,98852,S,CAR,1,4,0,75.0,0,0,5,0,0,58.1,67.5,80.1,56.1,83.8,87.8,0,1,0,0,16,8.3,1,0,0,91.7,3,0,0,12,0,39,73,4,0,0,4,0,42,69,2,32,15,0,7,0,4,1,0,26,8,8.7
Jordan Battle,98857,S,CIN,6,1,0,100.0,0,0,7,0,0,45.2,45.4,75.2,58.8,64.5,56.4,0,0,0,0,45,14.3,1,0,0,158.3,3,0,0,23,2,34,47,2,0,0,2,0,17,45,1,12,2,2,5,0,3,0,1,81,10,27.0
Nehemiah Pritchett,98875,CB,SEA,4,2,0,61.5,0,0,29,0,0,42.0,30.4,0.0,,26.5,25.1,0,0,0,0,30,42.9,6,1,1,112.7,8,0,0,2,102,68,108,0,0,0,0,0,0,108,0,40,4,0,6,0,13,0,1,105,42,13.1
AJ Finley,98887,S,LAC,3,0,0,75.0,0,0,27,0,0,68.5,70.1,73.9,59.1,60.6,78.5,0,0,0,0,38,0.0,0,0,0,114.6,3,0,0,8,2,29,35,1,0,0,1,0,17,34,1,5,7,1,3,0,4,0,0,48,20,16.0
Deantre Prince,98888,CB,JAX,4,1,0,66.7,0,0,15,0,0,54.1,30.8,75.0,,25.5,22.2,0,0,0,0,27,66.7,4,0,0,149.3,2,0,0,6,30,20,39,0,0,0,0,0,0,39,0,19,3,0,1,0,3,0,1,52,27,26.0
Brandin Echols,98900,CB,NYJ,5,2,0,64.3,0,0,22,0,0,60.7,53.0,82.5,,29.5,28.9,0,0,0,2,44,21.1,4,0,0,92.3,9,0,0,11,150,100,177,11,0,0,11,0,0,166,0,77,5,3,13,0,14,0,2,123,45,13.7
Zacch Pickens,98911,DI,CHI,1,0,0,,0,0,6,0,0,,68.2,71.5,67.5,60.3,,0,2,0,0,,,0,0,0,0.0,0,0,0,0,0,0,7,7,1,6,0,0,0,0,4,3,0,0,0,0,0,2,0,0,0,
DeMarvin Leal,98919,ED,PIT,5,0,0,,0,0,25,0,0,61.8,68.3,80.2,55.4,73.8,71.6,1,1,0,0,,0.0,0,0,0,0.0,0,0,0,0,0,2,51,50,0,1,49,0,0,1,27,22,1,0,2,0,0,2,0,0,0,
Justin Eboigbe,98925,DI,LAC,1,0,0,,0,0,27,0,0,,59.2,71.5,59.3,60.0,,0,0,0,0,,,0,0,0,0.0,0,0,0,0,0,0,4,4,0,2,2,0,0,0,3,1,0,0,0,0,0,0,0,0,0,
Travon Walker,98940,ED,JAX,8,8,0,,0,1,15,0,0,65.2,65.1,45.9,61.9,67.0,42.2,4,19,0,0,,26.9,7,0,3,0.0,0,6,0,0,0,5,416,416,0,3,398,15,0,0,264,147,0,16,11,1,0,29,0,0,0,
Zion Logue,98944,DI,BUF,2,1,0,,0,0,4,0,0,,30.3,78.1,52.6,31.0,68.7,0,0,0,0,,0.0,0,0,0,0.0,0,0,0,0,0,0,36,36,15,21,0,0,0,0,16,20,0,1,1,0,0,0,0,0,0,
Isaiah McGuire,98948,ED,CLV,7,3,0,0.0,0,1,8,0,0,61.1,86.1,85.5,64.3,89.9,77.4,0,8,0,0,,0.0,0,0,0,39.6,0,1,0,0,0,5,146,146,0,1,138,7,0,0,70,71,0,5,7,1,1,9,0,0,0,
Henry To'oTo'o,98982,LB,HST,6,14,0,88.9,0,0,13,0,0,52.0,61.9,81.6,52.6,73.6,56.9,0,4,0,0,30,14.3,8,1,1,130.8,16,0,0,276,4,160,319,15,0,0,15,0,1,304,27,132,23,18,34,3,18,4,2,117,81,7.3
Owen Pappoe,99006,LB,ARZ,6,1,0,83.3,0,0,1,0,0,75.1,56.5,75.2,46.4,41.6,54.6,0,2,0,0,12,15.4,2,0,0,92.4,5,0,0,53,0,26,55,0,0,0,0,0,0,55,14,15,2,5,10,0,6,2,0,37,25,7.4
Nolan Smith,99014,ED,PHI,7,5,1,100.0,0,0,24,0,0,46.3,68.8,83.4,72.6,65.6,69.1,0,6,0,0,10,7.7,1,0,0,131.3,2,3,0,0,0,22,183,177,0,0,177,0,0,6,79,82,6,7,7,0,2,9,1,12,3,6.0
Jermaine Johnson,99015,ED,NYJ,2,2,0,,0,0,22,0,0,62.1,41.7,0.0,62.3,40.4,27.1,0,7,0,0,,37.5,3,0,2,0.0,0,0,0,0,0,1,82,82,0,1,80,1,0,0,46,35,0,3,3,1,0,7,0,0,0,
Nakobe Dean,99018,LB,PHI,7,13,0,81.5,0,0,24,1,0,42.0,55.5,83.5,75.9,67.3,55.6,3,2,0,0,70,13.1,8,1,1,126.4,22,2,0,369,3,219,409,11,0,0,11,0,1,398,36,154,25,24,40,5,27,7,1,307,217,14.0
Trey Palmer,99248,WR,TB,1,0,0,,0,0,30,0,0,60.7,70.2,60.0,,,,0,0,0,0,,,0,0,2,0.0,0,0,0,0,0,1,1,0,0,0,0,0,0,1,0,0,0,0,0,0,0,0,0,0,0,
T'Vondre Sweat,99321,DI,TEN,7,10,0,,0,0,31,0,0,65.6,70.2,84.5,56.3,70.2,76.2,0,6,0,0,,0.0,0,0,1,0.0,0,0,0,0,0,7,290,290,40,243,0,7,0,0,150,133,0,9,12,2,0,6,0,0,0,
Jordan Jefferson,99325,DI,JAX,3,2,0,,0,0,15,0,0,59.8,66.7,0.0,66.1,70.6,70.5,0,1,0,0,,0.0,0,0,1,0.0,0,0,0,0,0,1,46,46,3,43,0,0,0,0,16,29,0,1,2,0,0,1,0,0,0,
Dee Winters,99376,LB,SF,6,4,0,83.3,0,0,28,0,0,70.6,64.7,75.2,55.7,55.9,72.0,0,0,0,0,7,8.3,1,0,0,80.6,5,0,0,76,0,44,101,6,0,0,6,0,0,95,4,53,18,4,7,0,6,0,0,20,26,4.0
Tykee Smith,99500,CB,TB,7,4,0,71.1,0,2,30,0,0,70.1,74.4,82.7,67.2,83.9,64.1,2,2,0,1,18,12.1,4,3,1,92.9,27,0,0,24,1,214,325,8,0,0,8,0,2,317,35,76,290,11,25,2,38,4,2,228,100,8.4
Garrett Williams,99723,CB,ARZ,7,6,0,59.3,0,0,1,0,0,73.6,70.1,81.6,53.6,51.9,32.1,0,0,0,1,27,24.1,7,2,0,72.0,16,0,0,114,8,223,351,0,0,0,0,0,4,351,3,125,225,6,16,0,27,0,1,153,108,9.6
Jarvis Brownlee Jr.,99734,CB,TEN,7,4,0,56.7,0,0,31,0,0,63.7,61.6,23.0,41.8,63.7,38.4,0,1,0,0,57,20.7,6,3,3,92.9,17,0,0,23,242,162,280,2,0,0,2,0,0,278,2,116,13,8,19,3,30,1,1,234,145,13.8
Andrew Booth Jr.,99744,CB,DAL,2,1,0,100.0,0,0,9,0,0,29.1,38.9,75.8,,77.8,79.6,0,0,0,0,39,0.0,0,0,0,118.8,4,0,0,3,32,20,38,0,0,0,0,0,0,38,0,18,3,3,5,0,4,0,0,85,26,21.3
SirVocea Dennis,99767,LB,TB,4,4,0,100.0,0,0,30,0,0,74.3,67.3,78.7,51.2,54.1,33.2,0,0,0,0,11,19.0,4,0,1,98.2,7,1,0,88,0,64,105,6,0,0,6,0,1,99,17,24,9,7,13,0,7,1,0,53,41,7.6
Ruke Orhorhoro,99768,DI,ATL,4,2,0,,0,0,2,0,0,60.0,53.4,78.2,49.7,60.5,41.2,1,1,0,0,,16.7,1,0,0,0.0,0,0,0,0,0,1,63,63,1,42,2,18,0,0,43,19,0,2,3,0,0,2,0,0,0,
Renardo Green,99773,CB,SF,7,3,0,47.1,0,1,28,0,0,79.1,79.6,84.4,,73.0,67.5,0,0,0,1,26,7.7,1,0,1,83.0,8,0,0,5,172,133,194,1,0,0,1,0,0,193,0,61,14,3,9,0,17,0,2,110,14,13.8
Calijah Kancey,99822,DI,TB,3,0,0,,0,0,30,0,0,62.0,46.7,33.9,65.8,34.4,53.1,1,5,0,0,,11.1,1,0,1,0.0,0,1,0,0,0,2,122,122,1,67,8,46,0,0,74,46,0,7,8,2,0,7,0,0,0,
Laiatu Latu,100551,ED,IND,8,2,1,,0,2,14,1,0,62.1,66.9,69.2,67.4,60.4,30.1,5,10,0,0,,26.7,4,0,1,0.0,0,2,0,3,0,4,308,305,0,1,298,6,0,3,180,124,0,7,9,1,0,17,0,0,0,
Jacob Cowing,100894,WR,SF,2,0,0,,0,0,28,0,0,,60.1,60.0,,60.0,,0,0,0,0,,,0,0,0,0.0,0,0,0,0,0,0,2,0,0,0,0,0,0,2,0,2,0,0,0,0,0,0,0,0,0,
Sauce Gardner,100903,CB,NYJ,8,4,0,56.0,0,0,22,0,0,69.2,65.2,84.0,80.6,42.6,41.8,0,1,0,0,40,23.3,7,3,4,100.9,14,1,0,64,414,272,498,3,0,0,3,0,2,495,3,223,15,7,19,0,25,2,1,233,59,16.6
Ja'Quan McMillian,100931,CB,DEN,8,2,0,70.8,0,1,10,0,0,69.3,66.7,83.6,68.1,44.4,57.8,0,4,0,1,25,20.0,8,2,4,75.5,34,1,0,20,43,274,414,2,0,0,2,0,1,412,18,122,348,18,30,2,48,5,0,266,167,7.8
JL Skinner,101311,S,DEN,1,0,0,,0,0,10,0,0,,60.0,60.0,60.0,,,0,0,0,0,,,0,0,0,0.0,0,0,0,0,0,0,1,0,0,0,0,0,0,1,1,0,0,0,0,0,0,0,0,0,0,
Joey Porter Jr.,101364,CB,PIT,8,4,0,62.5,3,0,25,0,0,62.9,60.0,47.5,,50.0,49.2,0,0,0,1,32,16.7,6,1,4,82.0,20,0,0,53,411,313,493,0,0,0,0,0,4,493,0,180,25,7,26,2,32,0,1,234,75,11.7
DJ Turner II,101376,CB,CIN,8,1,0,52.0,0,0,7,0,0,68.8,67.1,84.0,,52.1,57.5,0,0,0,0,26,12.5,3,4,3,69.1,13,0,0,31,290,221,348,2,0,0,2,0,0,346,0,127,24,3,20,1,25,0,0,142,48,10.9
Deonte Banks,101384,CB,NYG,8,1,0,65.9,0,1,21,0,0,56.4,55.7,85.8,76.7,43.7,65.5,0,0,0,0,55,9.4,3,5,1,128.6,27,0,0,17,418,273,451,2,0,0,2,0,0,449,2,176,14,6,28,1,41,0,4,385,139,14.3
Devon Witherspoon,101388,CB,SEA,8,7,0,76.2,0,0,29,0,0,61.8,67.2,48.7,66.4,81.0,42.9,1,2,0,0,40,18.9,10,1,5,92.5,32,0,0,64,185,277,510,11,0,0,11,0,3,499,21,212,247,18,36,0,42,3,0,271,220,8.5
Dane Belton,101398,S,NYG,7,1,0,90.0,0,0,21,0,0,58.7,56.5,77.0,51.6,53.9,64.5,0,0,0,0,20,9.1,1,1,0,99.6,9,0,0,45,0,66,87,3,0,0,3,0,13,84,5,16,26,3,9,0,10,0,0,79,64,8.8
Adisa Isaac,101406,ED,BLT,1,2,0,,0,0,3,0,0,,70.0,73.5,52.5,74.1,75.2,0,0,0,0,,0.0,0,0,0,0.0,0,0,0,0,0,0,14,14,0,0,14,0,0,0,8,6,0,1,3,1,0,0,0,0,0,
Mazi Smith,101419,DI,DAL,7,4,0,,0,0,9,0,0,60.2,32.6,59.1,54.4,30.6,52.4,0,3,0,0,,5.9,1,0,1,0.0,0,0,0,0,0,0,225,225,160,63,0,2,0,0,98,127,0,8,12,1,0,3,0,0,0,
David Ojabo,101420,ED,BLT,7,2,0,50.0,0,0,3,0,0,44.0,57.3,82.5,57.0,63.7,75.6,2,2,0,0,25,0.0,0,0,0,95.8,1,1,0,4,0,11,170,166,0,1,163,2,0,4,118,41,0,2,2,0,2,5,0,25,27,25.0
Mike Morris,101421,DI,SEA,7,1,0,,0,0,29,0,0,60.0,52.6,78.9,48.9,57.6,71.4,0,1,0,0,,0.0,0,0,0,0.0,0,0,0,0,0,0,67,67,0,10,37,20,0,0,32,35,0,2,2,0,0,1,0,0,0,
Sam Okuayinonu,101425,ED,SF,7,3,0,,0,1,28,0,0,62.9,69.1,48.0,70.2,62.3,46.8,3,9,0,0,,16.7,2,0,1,0.0,0,3,0,7,0,2,161,153,0,6,133,14,0,8,96,63,0,9,7,1,0,15,0,0,0,
Leo Chenal,101463,LB,KC,7,6,2,75.0,0,2,16,0,0,89.3,85.9,83.6,56.9,82.2,73.6,0,7,0,0,8,7.4,2,1,0,116.7,6,1,0,94,0,55,209,104,0,2,102,0,0,105,69,85,11,13,19,3,8,8,1,19,22,3.2
Maema Njongmeta,101465,LB,CIN,2,0,0,100.0,0,0,7,0,0,54.0,52.1,66.7,,60.0,74.9,0,0,0,0,7,0.0,0,0,0,95.8,1,0,0,4,0,4,5,0,0,0,0,0,0,5,0,1,0,0,1,0,1,0,0,7,2,7.0
Tommy Eichenberg,101488,LB,LV,4,2,0,83.3,1,0,23,0,0,26.5,27.8,78.4,54.6,67.1,32.6,0,0,0,0,20,33.3,2,0,1,143.1,5,0,0,51,0,27,60,8,0,0,8,0,0,52,3,30,1,0,2,0,6,0,1,53,62,10.6
Jack Campbell,101515,LB,DET,7,17,0,90.9,0,1,11,0,0,73.6,77.5,84.0,58.3,75.6,71.4,0,3,0,0,29,7.8,4,0,1,104.2,10,1,0,324,2,208,366,26,0,0,26,0,1,340,38,120,13,17,30,3,11,4,0,99,48,9.9
Keeanu Benton,101536,DI,PIT,8,4,4,,0,0,25,1,0,71.6,66.0,60.0,80.4,43.3,37.8,6,4,0,0,,19.0,4,1,1,0.0,0,0,0,1,0,0,269,268,95,159,1,13,0,1,158,111,0,11,13,1,0,10,0,0,0,
Jaquan Brisker,101665,S,CHI,5,7,0,81.8,0,1,6,0,0,63.5,65.3,27.9,70.3,66.7,69.4,0,0,0,1,29,12.8,5,0,1,65.5,9,1,0,105,2,168,293,6,0,0,6,0,159,287,3,122,21,11,27,2,11,1,0,97,17,10.8
Jared Verse,101912,ED,LA,7,9,0,100.0,0,1,26,0,0,58.0,82.8,85.0,77.8,75.0,28.7,10,19,0,0,7,32.4,12,0,0,95.8,1,3,0,3,0,20,324,315,0,0,315,0,0,9,167,137,6,13,16,5,1,32,0,7,3,7.0
Isaiah Land,102108,ED,IND,7,0,0,,0,0,14,0,0,,41.7,0.7,56.4,43.3,71.4,0,2,0,0,,0.0,0,0,1,0.0,0,0,0,1,0,0,44,43,0,0,42,1,0,1,33,11,0,1,1,1,0,2,0,0,0,
Kyle Hamilton,102684,S,BLT,8,9,1,70.7,0,1,3,1,0,73.0,80.4,82.8,85.1,84.0,61.9,3,5,0,0,35,11.9,7,3,1,94.5,29,2,0,208,10,335,523,39,0,0,39,0,79,484,35,153,187,20,43,0,41,10,1,249,122,8.6
Isaiah Foskey,102728,ED,NO,4,2,0,,0,0,20,0,0,60.0,57.0,78.4,50.5,62.0,73.9,0,0,0,0,,0.0,0,0,0,0.0,0,0,0,0,0,0,32,32,0,2,25,5,0,0,18,14,0,1,3,0,0,0,0,0,0,
JD Bertrand,102787,LB,ATL,5,1,0,90.0,0,0,2,0,0,47.8,51.3,0.0,51.0,73.5,37.4,0,1,0,0,20,20.0,2,0,1,91.7,9,0,0,65,0,46,77,8,0,0,8,0,0,69,5,26,3,2,7,0,10,1,0,60,53,6.7
Marist Liufau,102789,LB,DAL,7,1,0,60.0,0,0,9,0,0,55.3,51.5,77.9,47.9,53.5,53.1,0,1,0,0,17,7.7,1,1,0,82.1,3,0,0,117,2,49,189,44,0,0,44,0,0,145,14,126,26,8,11,1,5,1,0,36,9,12.0
Cam Hart,102955,CB,LAC,4,2,0,50.0,0,1,27,0,0,61.7,64.0,3.7,,81.1,72.6,0,0,0,0,18,5.9,1,0,2,63.2,6,0,0,25,157,130,186,1,0,0,1,0,0,185,0,56,3,3,14,0,12,0,0,56,31,9.3
Jarius Monroe,103580,S,NYJ,1,0,0,,0,0,22,0,0,62.1,61.4,66.8,58.3,60.0,,0,1,0,0,,,0,0,0,0.0,0,0,0,6,0,6,8,0,0,0,0,0,2,8,1,1,0,0,0,0,0,1,0,0,0,
Kei'Trel Clark,104163,CB,ARZ,5,1,0,75.0,0,0,1,0,0,62.1,71.8,75.4,77.2,80.6,54.7,0,0,0,0,16,20.0,1,0,0,145.8,3,1,0,1,1,22,35,0,0,0,0,0,1,35,1,12,32,3,3,1,4,1,1,40,21,13.3
Jalyx Hunt,105989,ED,PHI,3,0,0,,0,1,24,0,0,60.0,68.6,73.3,64.2,64.5,70.5,0,0,0,0,,,0,0,0,0.0,0,1,0,0,0,1,17,17,0,1,16,0,0,0,6,10,0,1,0,0,0,1,0,0,0,
Brandon Codrington,106248,CB,BUF,2,0,0,50.0,0,0,4,0,0,44.7,43.1,69.6,,53.6,76.3,0,0,0,0,9,0.0,0,0,1,62.5,1,0,0,5,9,9,14,0,0,0,0,0,0,14,0,5,0,2,3,0,2,0,0,9,4,9.0
Chris Smith,106524,DI,DET,1,0,0,,0,0,11,0,0,,67.3,71.7,59.5,65.1,65.9,0,0,0,0,,0.0,0,0,0,0.0,0,0,0,0,0,0,8,8,3,5,0,0,0,0,2,6,0,0,1,0,0,0,0,0,0,
Joe Andreessen,108177,LB,BUF,2,1,0,50.0,0,0,4,0,0,68.9,57.0,71.0,,44.2,75.0,0,0,0,0,8,0.0,0,0,0,60.4,1,0,0,17,0,11,17,0,0,0,0,0,0,17,0,6,0,1,1,0,2,0,0,8,5,8.0
Rodney Thomas II,108389,S,IND,6,3,0,,0,0,14,0,0,56.1,57.3,77.3,,61.1,84.1,0,0,0,0,,0.0,0,0,0,0.0,0,0,0,3,0,27,78,0,0,0,0,0,75,78,0,51,0,0,3,0,0,0,0,0,0,
Michael Hoecht,108840,ED,LA,7,10,1,100.0,0,0,26,0,0,50.1,63.1,85.1,61.3,67.4,44.7,1,7,0,0,25,18.5,5,0,0,97.2,6,2,0,23,0,47,265,230,0,0,229,1,0,35,92,126,12,13,12,2,6,10,0,44,6,7.3
Dee Alford,110542,CB,ATL,8,9,0,77.8,0,0,2,0,0,55.6,55.2,82.5,54.9,54.3,43.9,0,0,0,0,18,20.8,11,3,0,115.2,35,1,0,37,2,234,364,5,0,0,5,0,1,359,16,114,319,12,33,0,45,1,3,284,99,8.1
D'Anthony Bell,111578,S,CLV,4,2,0,100.0,0,0,8,0,0,51.9,56.5,77.1,60.0,65.5,36.3,1,2,0,0,34,28.6,2,0,0,118.8,2,0,0,28,0,32,85,12,0,0,12,0,30,73,7,46,15,1,3,1,2,3,0,40,34,20.0
Darrell Luter Jr.,121428,CB,SF,1,0,0,,0,0,28,0,0,,60.0,68.0,,60.0,,0,0,0,0,,,0,0,0,0.0,0,0,0,0,3,0,3,0,0,0,0,0,0,3,0,3,0,0,0,0,0,0,0,0,0,
Jamie Sheriff,121433,ED,SEA,1,0,0,,0,0,29,0,0,,61.5,74.5,62.6,58.9,,0,0,0,0,,,0,0,0,0.0,0,0,0,0,0,0,17,17,0,0,17,0,0,0,8,9,0,0,0,0,0,0,0,0,0,
Natrone Brooks,121449,CB,ATL,1,0,0,,0,0,2,0,0,,60.5,89.4,,60.0,,0,0,0,0,,,0,0,0,0.0,0,0,0,0,0,0,1,0,0,0,0,0,0,1,0,1,0,0,0,0,0,0,0,0,0,
Tyrice Knight,122025,LB,SEA,4,7,0,90.9,0,0,29,0,0,48.2,57.3,78.0,66.4,64.9,68.3,0,2,0,0,35,8.3,2,0,0,108.7,10,0,0,107,0,53,124,10,0,0,10,0,0,114,4,67,7,7,15,1,11,2,0,111,88,11.1
Bryan Bresee,122142,DI,NO,8,2,1,,0,1,20,0,0,60.0,37.3,65.8,52.6,29.8,29.6,2,8,0,0,,30.0,3,0,1,0.0,0,4,0,0,0,2,352,352,33,243,4,72,0,0,244,106,0,6,5,0,0,14,0,0,0,
Myles Murphy,122154,ED,CIN,4,2,0,50.0,0,0,7,0,0,69.9,49.8,83.3,47.1,50.1,77.1,0,8,0,0,4,0.0,0,0,0,56.3,1,0,0,0,0,11,123,123,0,3,116,4,0,0,71,41,0,4,8,1,2,8,0,4,10,4.0
Trenton Simpson,122157,LB,BLT,8,13,1,85.7,0,0,3,1,0,64.9,67.7,39.9,60.2,70.5,78.5,3,0,0,0,25,7.0,3,2,1,129.0,18,1,0,314,1,199,379,29,0,0,29,0,0,350,32,148,35,15,27,3,21,4,2,154,133,8.6
T.J. Tampa,122537,CB,BLT,2,1,0,,0,0,3,0,0,62.6,48.1,68.5,,44.9,26.5,0,0,0,0,,50.0,1,0,0,0.0,0,0,0,3,5,3,8,0,0,0,0,0,0,8,0,5,0,0,0,0,0,0,0,0,0,
Felix Anudike-Uzomah,122582,ED,KC,7,2,0,,1,1,16,1,0,60.3,63.9,51.2,66.0,59.9,41.1,4,2,0,0,,18.2,2,0,1,0.0,0,1,0,0,0,7,153,153,4,11,127,11,0,0,89,57,0,8,7,1,0,7,0,0,0,
Yaya Diaby,122705,ED,TB,8,3,0,100.0,0,1,30,0,0,42.2,72.9,46.4,81.8,65.2,56.3,5,24,0,0,18,15.0,3,0,2,110.4,4,2,0,1,0,38,340,334,3,7,303,21,0,6,193,109,5,14,14,2,4,31,0,42,12,10.5
Marvin Mims Jr.,122937,WR,DEN,1,0,0,,0,0,10,0,0,60.7,70.2,60.0,,,,0,0,0,0,,,0,0,0,0.0,0,0,0,0,0,1,1,0,0,0,0,0,0,1,0,0,0,0,0,0,0,0,0,0,0,
Sean Tucker,123056,HB,TB,1,0,0,100.0,0,0,30,0,0,55.3,39.5,60.0,,,,0,0,0,0,17,,0,0,0,118.8,1,0,0,0,0,1,1,0,0,0,0,0,0,1,0,0,0,0,0,0,1,0,0,17,2,17.0
Caelen Carson,123377,CB,DAL,3,0,0,66.7,0,0,9,0,0,59.7,57.9,79.5,,51.1,51.8,0,0,0,0,56,17.6,3,2,1,119.6,10,0,0,20,128,81,153,1,0,0,1,0,0,152,0,72,4,3,14,0,15,0,1,143,74,14.3
Evan Anderson,123590,DI,SF,3,3,0,,0,1,28,0,0,,89.9,77.6,87.2,75.0,71.0,0,3,0,0,,0.0,0,0,0,0.0,0,1,0,0,0,0,46,46,3,41,0,2,0,0,26,20,0,2,1,0,0,4,0,0,0,
Art Green,123666,CB,NYG,1,0,0,,0,0,21,0,0,65.9,66.0,71.4,,60.0,,0,0,0,0,,,0,0,0,0.0,0,0,0,1,9,10,11,0,0,0,0,0,0,11,0,1,1,0,0,0,0,0,0,0,0,
Will Anderson Jr.,123903,ED,HST,8,5,1,,0,0,13,1,0,90.3,78.3,70.9,67.6,76.9,49.0,4,25,0,0,,21.7,5,0,1,0.0,0,8,0,1,0,3,349,348,0,3,339,6,0,1,229,117,0,18,13,5,0,37,0,0,0,
Brian Branch,123907,S,DET,6,6,0,60.7,0,1,11,0,0,86.6,90.4,83.4,90.5,81.9,43.9,2,1,0,4,27,17.1,7,6,2,37.5,17,0,0,100,7,238,352,19,0,0,19,0,150,333,10,104,76,13,28,2,28,3,0,164,80,9.6
Chris Braswell,123908,ED,TB,8,4,0,100.0,0,0,30,0,0,59.4,53.6,83.3,56.7,49.2,68.5,4,2,0,0,8,8.3,1,0,0,95.8,2,2,0,2,0,17,192,186,0,1,181,4,0,6,101,74,4,4,7,0,2,8,0,14,11,7.0
Jalen Carter,124019,DI,PHI,7,3,3,,0,0,24,0,0,47.5,76.8,46.1,85.5,61.9,45.5,6,14,0,0,,16.7,2,0,2,0.0,0,3,0,5,0,2,333,328,9,235,13,71,0,5,218,113,0,8,7,2,0,23,0,0,0,
Kelee Ringo,124035,CB,PHI,7,1,0,66.7,0,0,24,0,0,57.1,57.7,74.6,58.5,61.6,75.1,0,0,0,0,29,0.0,0,0,0,109.7,2,0,0,7,30,27,38,0,0,0,0,0,0,38,1,10,1,0,1,0,3,0,0,42,9,21.0
Andru Phillips,124075,CB,NYG,7,9,0,81.0,0,1,21,0,0,74.3,77.1,81.5,80.6,73.4,73.2,0,1,0,0,43,10.5,4,0,1,114.5,17,1,0,21,21,145,248,4,0,0,4,0,0,244,3,100,202,15,25,4,21,2,1,161,92,9.5
Ali Gaye,124095,ED,TEN,5,0,0,,0,0,31,0,0,60.5,29.2,78.8,56.2,27.9,29.1,0,0,0,0,,25.0,1,0,0,0.0,0,0,0,1,0,1,47,46,0,0,46,0,0,1,15,31,0,2,3,0,0,0,0,0,0,
Jaquelin Roy,124111,DI,NE,4,4,0,,0,0,19,0,0,,53.5,26.7,60.2,55.7,39.6,0,2,0,0,,12.5,2,0,1,0.0,0,2,0,0,0,0,98,98,67,30,0,1,0,0,39,59,0,9,10,0,0,4,0,0,0,
Cedric Johnson,124136,ED,CIN,2,0,0,,0,0,7,0,0,63.1,58.9,78.2,48.6,67.1,72.3,0,0,0,0,,0.0,0,0,0,0.0,0,0,0,0,0,2,34,34,0,0,34,0,0,0,18,14,0,1,2,0,0,0,0,0,0,
Deane Leonard,124140,CB,LAC,1,0,0,50.0,0,0,27,0,0,77.6,77.9,69.9,,,72.8,0,0,0,0,6,0.0,0,1,0,56.3,1,0,0,0,5,5,5,0,0,0,0,0,0,5,0,0,0,0,1,0,2,0,0,6,4,6.0
Tavius Robinson,124147,ED,BLT,8,4,0,,0,0,3,0,0,63.6,72.2,85.3,61.8,74.1,77.8,4,2,0,0,,0.0,0,0,0,0.0,0,2,0,0,0,3,174,174,0,2,158,14,0,0,100,71,0,4,5,1,0,8,0,0,0,
Emmanuel Forbes,124166,CB,WAS,5,4,0,77.8,0,0,32,0,0,37.6,34.9,79.2,,33.5,24.9,0,0,0,1,29,46.2,6,0,2,70.1,7,0,0,11,94,52,106,0,0,0,0,0,0,106,0,54,1,0,3,0,9,0,0,93,21,13.3
Decamerion Richardson,124183,CB,LV,2,0,0,100.0,0,0,23,0,0,65.6,66.5,71.1,,61.4,72.8,0,0,0,0,7,0.0,0,0,0,95.8,1,0,0,1,9,4,10,0,0,0,0,0,0,10,0,6,0,0,1,0,1,0,0,7,4,7.0
Tyrus Wheat,124191,ED,DAL,5,4,0,,0,0,9,0,0,64.1,47.5,41.3,57.2,42.3,76.9,0,4,0,0,,0.0,0,0,1,0.0,0,0,0,0,0,0,121,121,0,1,95,25,0,0,60,61,0,3,7,1,0,4,0,0,0,
Jaylon Carlies,124196,LB,IND,7,4,0,83.3,0,0,14,0,0,82.0,75.3,74.8,63.8,64.4,80.1,0,0,0,0,15,4.8,1,1,0,129.2,5,1,0,109,1,41,143,23,0,0,23,0,0,120,9,93,10,6,16,0,6,1,1,33,34,6.6
Ennis Rakestraw Jr.,124215,CB,DET,4,1,0,50.0,0,0,11,0,0,41.4,42.8,75.5,,52.4,43.2,0,0,0,0,15,20.0,1,0,0,63.5,2,0,0,2,21,16,35,0,0,0,0,0,0,35,0,19,12,1,3,0,4,0,0,19,14,9.5
Edgerrin Cooper,124311,LB,GB,8,9,1,76.9,0,1,12,1,0,68.1,69.5,15.0,90.9,55.5,49.3,0,1,0,0,28,17.1,6,1,1,106.3,10,3,0,149,1,104,200,22,0,0,22,0,0,178,20,76,28,12,20,3,13,4,0,125,84,12.5
McKinnley Jackson,124324,DI,CIN,4,1,0,,0,0,7,0,0,,47.0,78.9,53.9,47.5,28.2,0,4,0,0,,0.0,0,0,0,0.0,0,0,0,0,0,0,65,65,22,43,0,0,0,0,36,29,0,1,1,0,0,4,0,0,0,
Antonio Johnson,124326,S,JAX,8,8,0,66.7,0,0,15,0,0,40.0,44.0,38.4,48.3,70.7,61.4,1,2,0,0,30,14.3,6,0,3,111.2,14,0,0,95,8,286,443,17,0,0,17,0,275,426,7,150,48,5,28,1,21,3,1,190,86,13.6
Jaylon Jones,124328,CB,IND,8,7,0,61.0,0,1,14,0,0,72.7,73.3,86.8,,68.8,64.1,0,0,0,2,61,9.1,5,6,3,68.3,25,0,0,36,513,307,565,9,0,0,9,0,1,556,0,258,6,14,43,3,41,0,0,352,98,14.1
Gervon Dexter Sr.,124374,DI,CHI,7,5,0,,0,0,6,1,0,64.6,68.0,85.2,64.7,60.7,47.6,8,7,0,0,,13.6,3,0,0,0.0,0,5,0,2,0,3,303,301,33,185,6,77,0,2,195,105,0,11,14,0,0,20,0,0,0,
Junior Colson,124827,LB,LAC,5,6,0,63.6,0,0,27,0,0,39.0,35.6,78.2,45.0,48.7,49.8,0,4,0,0,26,13.3,2,1,0,88.4,7,0,0,97,1,69,115,5,0,0,5,0,0,110,9,37,12,3,7,0,11,4,0,88,39,12.6
Mekhi Wingo,128050,DI,DET,7,1,0,,0,0,11,0,0,60.7,63.1,81.5,60.6,60.6,71.1,0,5,0,0,,0.0,0,0,0,0.0,0,0,0,0,0,1,141,141,7,77,13,44,0,0,93,47,0,1,3,0,0,5,0,0,0,
Segun Olubi,128312,LB,IND,1,1,0,100.0,0,1,14,1,0,36.0,86.4,67.9,,92.6,76.4,0,0,0,0,25,0.0,0,0,0,118.8,1,0,0,15,0,4,21,0,0,0,0,0,0,21,0,17,6,0,2,0,1,0,0,25,11,25.0
Jer'Zhan Newton,129420,DI,WAS,7,4,0,,0,0,32,1,0,60.0,44.3,48.3,59.4,41.8,58.6,4,4,0,0,,7.7,1,0,1,0.0,0,1,0,0,0,0,175,175,16,132,1,26,0,0,81,94,0,4,8,1,0,9,0,0,0,
Lukas Van Ness,129482,ED,GB,8,4,0,100.0,0,0,12,1,0,69.4,48.3,15.0,52.0,53.9,57.8,1,3,0,0,8,11.1,2,0,3,100.0,1,1,0,0,0,5,208,208,0,9,179,20,0,0,129,74,0,7,12,3,1,5,0,8,14,8.0
Jakorian Bennett,129496,CB,LV,8,3,0,43.8,2,0,23,0,0,57.1,54.3,85.3,,37.2,29.6,0,0,0,0,24,30.4,7,6,3,58.2,14,0,0,31,361,262,403,0,0,0,0,0,0,403,0,141,11,2,13,0,32,0,0,151,49,10.8
Tarheeb Still,129537,CB,LAC,4,1,0,63.6,0,0,27,0,0,67.6,67.3,81.9,75.7,51.1,41.8,0,0,0,0,28,22.2,4,1,0,94.9,14,1,0,8,112,143,198,2,0,0,2,0,0,196,2,53,76,5,13,0,22,1,1,130,37,9.3
Jaylen Harrell,129579,ED,TEN,7,2,0,,0,0,31,0,0,63.1,44.8,83.0,49.3,43.7,72.8,0,1,0,0,,0.0,0,0,0,0.0,0,0,0,4,0,5,127,123,0,1,120,2,0,4,59,63,0,1,1,1,0,1,0,0,0,
Kris Jenkins,129584,DI,CIN,6,4,0,,0,0,7,0,0,60.0,56.3,82.5,52.3,60.6,35.1,0,1,0,0,,16.7,2,0,0,0.0,0,0,0,0,0,0,196,196,29,159,1,7,0,0,97,99,0,4,6,0,0,1,0,0,0,
Braiden McGregor,129586,ED,NYJ,4,0,0,,0,0,22,0,0,60.0,53.9,5.1,59.0,59.2,73.5,0,3,0,0,,0.0,0,0,1,0.0,0,0,0,0,0,0,47,47,0,2,45,0,0,0,28,19,0,3,4,0,0,3,0,0,0,
Ji'Ayir Brown,129767,S,SF,8,6,0,61.9,2,0,28,0,0,65.3,61.6,86.5,51.3,50.4,61.0,0,1,0,1,36,9.5,4,2,2,76.3,13,0,0,144,6,295,493,14,0,0,14,0,255,479,8,190,73,15,32,3,21,1,1,134,55,10.3
Curtis Jacobs,129785,LB,NE,2,0,0,,0,0,19,0,0,62.9,54.6,74.4,,51.7,,0,0,0,0,,,0,0,0,0.0,0,0,0,3,0,4,13,8,0,0,8,0,0,5,0,9,2,0,0,0,0,0,0,0,0,
Sanoussi Kane,129820,S,BLT,1,0,0,,0,0,3,0,0,,61.1,68.1,,60.3,,0,0,0,0,,,0,0,0,0.0,0,0,0,1,0,0,5,0,0,0,0,0,0,5,0,5,4,0,0,0,0,0,0,0,0,
Max Melton,129889,CB,ARZ,8,1,0,90.0,1,1,1,0,0,44.5,45.0,82.4,,49.4,66.7,0,0,0,0,31,9.7,3,1,1,117.5,18,0,0,31,233,154,267,1,0,0,1,0,0,266,0,113,2,5,27,1,20,0,0,244,60,13.6
Nick Herbig,129920,ED,PIT,5,0,0,100.0,0,1,25,1,0,52.7,89.9,81.1,90.7,69.3,50.8,1,4,0,0,25,28.6,2,0,0,118.8,1,4,0,2,0,11,142,136,0,0,131,5,0,6,79,52,4,6,5,2,1,9,0,25,11,25.0
Quinyon Mitchell,130628,CB,PHI,7,3,0,55.9,2,0,24,0,0,68.5,68.5,85.9,,62.0,63.9,0,0,0,0,33,10.0,3,6,2,79.8,19,0,0,26,385,265,418,1,0,0,1,0,1,417,0,153,5,5,24,0,34,0,0,254,48,13.4
Byron Murphy II,131252,DI,SEA,5,4,0,,0,0,29,0,0,57.7,64.8,82.8,69.8,58.3,74.1,0,8,0,0,,6.7,1,0,0,0.0,0,1,0,0,0,0,174,174,20,144,1,9,0,0,92,82,0,8,10,3,0,9,0,0,0,
Christian Gonzalez,131679,CB,NE,8,2,0,58.8,2,0,19,0,0,67.5,64.5,48.4,,50.8,64.1,0,0,0,1,58,11.9,5,3,3,80.9,30,0,0,22,400,297,510,1,0,0,1,0,2,509,0,213,85,7,35,0,51,0,2,305,71,10.2
Noah Sewell,131722,LB,CHI,1,0,0,,0,0,6,0,0,,60.0,64.4,,60.0,,0,0,0,0,,,0,0,0,0.0,0,0,0,0,0,0,1,0,0,0,0,0,0,1,0,1,1,0,0,0,0,0,0,0,0,
Tuli Tuipulotu,131840,ED,LAC,7,4,1,100.0,0,1,27,0,0,54.1,61.8,85.8,61.8,60.1,27.5,1,9,0,0,25,31.6,6,1,0,118.8,2,1,0,2,0,31,291,283,0,5,241,37,0,8,156,104,6,6,9,2,2,11,0,36,21,18.0
Clark Phillips III,131871,CB,ATL,8,1,0,73.3,0,0,2,0,0,82.1,80.3,79.3,55.8,65.0,61.2,0,0,0,1,16,11.1,2,0,0,77.1,11,0,0,19,115,86,135,0,0,0,0,0,0,135,2,47,0,5,15,2,15,0,1,70,17,6.4
Chau Smith-Wade,131956,CB,CAR,5,3,0,71.4,0,0,5,0,0,29.4,31.3,0.0,49.6,63.1,78.5,0,1,0,0,23,6.7,1,0,3,107.1,10,0,0,22,1,63,116,2,0,0,2,0,1,114,8,45,89,4,11,0,14,1,1,73,48,7.3
Jaylen Watson,131960,CB,KC,6,2,0,53.6,1,0,16,0,0,74.2,70.9,34.3,51.3,59.5,51.1,0,0,0,0,47,14.7,5,4,2,75.3,15,0,0,17,306,221,341,13,0,0,13,0,0,328,5,115,5,7,27,1,28,0,0,192,67,12.8
Sam Webb,134606,CB,LV,1,0,0,,0,0,23,0,0,,60.0,62.9,,60.0,,0,0,0,0,,,0,0,0,0.0,0,0,0,0,0,0,1,0,0,0,0,0,1,1,0,1,0,0,0,0,0,0,0,0,0,
Malik Mustapha,142358,S,SF,7,9,0,36.4,0,0,28,0,0,57.7,62.2,85.1,60.0,70.2,48.2,0,0,0,1,7,19.4,7,2,0,46.6,4,0,0,51,1,173,299,1,0,0,1,0,231,298,1,125,14,4,20,1,11,0,2,20,18,5.0
Kamren Kinchens,143946,S,LA,6,4,0,100.0,0,0,26,0,0,47.6,40.8,0.0,,52.1,62.9,0,0,0,0,32,12.5,2,0,1,158.3,6,0,0,18,0,71,97,0,0,0,0,0,71,97,0,26,8,1,10,0,6,0,2,109,55,18.2
Leonard Taylor III,143953,DI,NYJ,5,0,0,,0,0,22,0,0,,63.6,80.0,76.2,51.8,52.1,1,2,0,0,,25.0,2,0,0,0.0,0,2,0,0,0,0,96,96,1,86,0,9,0,0,45,51,0,5,6,0,0,5,0,0,0,
Jeremiah Trotter Jr.,144142,LB,PHI,3,1,0,100.0,0,0,24,0,0,64.9,67.1,70.4,,62.5,75.0,0,0,0,0,5,0.0,0,0,0,87.5,1,0,0,15,0,7,15,0,0,0,0,0,0,15,0,8,0,0,1,0,1,0,0,5,2,5.0
Nate Wiggins,144143,CB,BLT,6,1,0,52.0,2,1,3,0,0,59.2,61.6,81.9,,74.3,37.2,0,0,0,0,39,21.4,3,4,5,80.4,13,0,0,16,214,179,237,0,0,0,0,0,0,237,0,58,7,3,10,0,25,0,0,210,67,16.2
Cooper DeJean,144867,CB,PHI,6,3,0,71.4,0,0,24,0,0,87.2,83.4,79.7,57.8,59.9,57.8,0,1,0,0,24,13.3,2,1,0,79.8,10,1,0,14,3,97,149,2,0,0,2,0,1,147,4,48,129,7,10,2,14,2,0,61,46,6.1
Chop Robinson,144901,ED,MIA,7,4,0,100.0,0,0,17,0,0,63.4,55.6,59.5,60.7,49.3,38.9,1,10,0,0,16,26.7,4,0,1,112.5,2,0,0,2,0,17,204,202,0,0,194,8,0,2,104,83,0,6,7,2,2,11,0,22,16,11.0
Austin Booker,144990,ED,CHI,7,0,0,,0,0,6,0,0,69.8,60.0,83.7,50.6,62.5,62.5,2,2,0,0,,9.1,1,0,0,0.0,0,1,0,0,0,7,117,117,0,2,110,5,0,0,69,41,0,8,10,2,0,5,0,0,0,
Michael Hall Jr.,145076,DI,CLV,3,1,0,100.0,0,0,8,0,0,57.4,68.9,79.3,62.5,75.8,69.0,1,4,0,0,20,0.0,0,0,0,118.8,1,0,0,1,0,4,76,75,2,31,8,34,0,1,49,23,0,1,1,1,1,5,0,20,5,20.0
Tre Hawkins III,145387,CB,NYG,1,0,0,,0,0,21,0,0,64.5,67.3,72.4,,66.4,57.0,0,0,0,0,,20.0,1,0,0,0.0,0,0,0,5,17,6,23,0,0,0,0,0,0,23,0,17,1,1,4,0,0,0,0,0,0,
Thomas Incoom,145694,ED,CAR,4,0,0,100.0,0,0,5,0,0,91.7,77.8,80.0,50.3,64.1,79.2,1,1,0,0,12,20.0,1,0,0,93.1,3,0,0,0,0,4,39,38,0,0,38,0,0,1,19,16,0,4,4,1,3,2,0,19,9,6.3
Bo Richter,145962,ED,MIN,2,0,0,,0,0,18,0,0,64.7,57.5,73.1,51.9,60.0,69.9,0,0,0,0,,0.0,0,0,0,0.0,0,0,0,0,0,3,14,13,0,0,13,0,0,1,10,1,0,0,1,0,0,0,0,0,0,
Calen Bullock,146424,S,HST,8,4,0,58.3,0,0,13,1,0,45.4,49.9,84.3,58.8,68.6,56.7,0,0,0,3,30,16.0,4,1,1,79.5,7,0,0,42,0,266,415,0,0,0,0,0,355,415,1,148,18,2,17,0,12,0,2,83,25,11.9
Cole Bishop,146454,S,BUF,5,3,0,60.0,0,0,4,0,0,52.2,50.3,78.0,59.1,54.3,28.5,0,0,0,0,12,30.8,4,1,0,74.6,3,0,0,57,0,69,132,3,0,0,3,0,63,129,1,62,9,2,6,0,5,0,0,27,31,9.0
Jonah Elliss,146458,ED,DEN,8,3,1,66.7,0,0,10,0,0,56.4,62.9,83.3,62.1,60.9,59.4,0,8,0,0,12,15.4,2,0,0,75.7,2,3,0,9,0,20,214,203,0,0,202,1,0,11,124,70,1,7,8,1,3,11,0,13,7,6.5
Jaden Hicks,146512,S,KC,5,0,0,,0,0,16,0,0,73.1,77.5,75.2,,64.7,72.6,0,0,0,1,,0.0,0,0,0,0.0,0,0,0,14,0,14,29,2,0,0,2,0,12,27,0,15,1,0,1,0,0,0,0,0,0,
Kool-Aid McKinstry,146602,CB,NO,7,3,0,71.4,0,0,20,0,0,65.8,67.5,82.2,57.6,73.4,70.4,0,1,0,0,35,12.5,2,3,0,95.5,15,0,0,22,154,141,201,5,0,0,5,0,0,196,6,54,20,3,11,0,21,1,0,171,76,11.4
Terrion Arnold,146603,CB,DET,7,2,0,64.4,0,0,11,1,0,50.2,49.5,41.6,,51.7,64.2,0,0,0,0,41,10.3,3,4,8,103.4,29,0,0,19,366,314,424,0,0,0,0,0,3,424,0,110,36,7,24,0,45,0,2,354,104,12.2
Dallas Turner,146604,ED,MIN,6,3,0,50.0,1,0,18,0,0,63.5,54.2,22.7,53.8,60.8,77.0,0,2,0,0,6,0.0,0,0,1,56.3,1,1,0,4,0,14,85,80,0,0,80,0,0,5,48,23,0,2,3,0,2,3,0,6,1,6.0
Javon Bullard,146726,S,GB,8,7,0,76.7,0,0,12,0,0,44.5,51.7,84.7,67.6,73.0,52.6,0,3,0,0,31,17.0,8,1,0,113.1,23,0,0,81,5,248,412,12,0,0,12,0,175,400,10,154,139,14,32,1,30,3,1,259,147,11.3
Kamari Lassiter,146727,CB,HST,6,4,0,38.7,0,0,13,0,0,65.0,66.9,84.8,58.5,70.6,59.2,0,0,0,1,49,14.3,3,3,1,61.0,12,0,0,24,331,220,360,1,0,0,1,0,0,359,2,138,4,6,14,1,31,0,1,218,95,18.2
Trevin Wallace,146747,LB,CAR,6,8,0,100.0,0,1,5,1,0,63.9,53.7,82.1,45.2,48.0,78.4,0,1,0,0,42,5.4,2,0,0,158.3,15,0,0,276,0,135,314,10,0,0,10,0,0,304,19,160,28,10,27,0,15,1,2,231,157,15.4
Maason Smith,146774,DI,JAX,5,2,1,,0,0,15,0,0,59.7,55.0,81.4,56.1,54.4,71.4,0,2,0,0,,0.0,0,0,0,0.0,0,1,0,0,0,1,136,136,0,115,0,21,0,0,80,55,0,3,2,0,0,3,0,0,0,
Marcellas Dial,146902,CB,NE,2,0,0,,0,0,19,0,0,60.0,62.3,99.9,,60.0,,0,0,0,0,,,0,0,0,0.0,0,0,0,0,2,1,3,0,0,0,0,0,0,3,0,2,0,0,0,0,0,0,0,0,0,
Byron Young,146932,ED,LA,7,6,0,60.0,1,1,26,0,0,41.2,54.1,45.9,68.4,50.0,37.1,4,14,0,0,12,22.2,6,0,3,72.1,3,4,1,3,0,39,347,329,0,0,329,0,0,18,156,152,15,11,15,3,5,22,0,24,17,8.0
Daijahn Anthony,147537,S,CIN,6,0,0,0.0,0,0,7,0,0,64.1,64.4,73.9,,,22.6,0,0,0,0,,,0,1,2,39.6,0,0,0,1,3,12,12,0,0,0,0,0,1,12,0,0,6,0,0,0,1,0,0,0,0,
Kader Kohou,156070,CB,MIA,6,1,0,58.3,0,0,17,1,0,56.2,52.0,20.7,40.2,51.1,34.2,0,1,0,1,30,23.8,5,2,3,55.6,14,0,0,28,75,158,257,3,0,0,3,0,1,254,6,93,150,3,15,2,24,1,0,128,69,9.1
Joshua Williams,156083,CB,KC,4,1,0,83.3,0,0,16,0,0,53.2,53.2,0.0,,74.8,29.6,0,0,0,0,17,33.3,1,0,2,145.8,5,0,0,4,83,72,89,0,0,0,0,0,0,89,0,17,2,0,1,0,6,0,1,57,38,11.4
Dallis Flowers,156091,CB,IND,4,0,0,100.0,1,0,14,0,0,65.7,60.4,0.0,,51.8,45.1,0,0,0,0,85,18.2,2,0,1,158.3,5,0,0,6,82,58,89,1,0,0,1,0,0,88,0,31,0,4,9,1,5,0,1,111,67,22.2
Jeremiah Pharms Jr.,156117,DI,NE,7,2,0,,0,0,19,0,0,,58.4,82.0,58.5,56.9,56.8,1,4,0,0,,9.1,1,0,0,0.0,0,0,0,0,0,0,168,168,23,79,9,57,0,0,92,76,0,6,8,0,0,5,0,0,0,
Dondrea Tillman,156124,ED,DEN,4,1,0,,0,0,10,0,0,60.9,58.4,80.1,61.7,51.4,47.1,1,3,0,0,,50.0,2,0,0,0.0,0,2,0,0,0,2,68,68,0,0,68,0,0,0,41,25,0,3,1,0,0,6,0,0,0,
Dee Williams,157609,CB,SEA,1,0,0,,0,0,29,0,0,,60.0,69.0,,60.0,,0,0,0,0,,,0,0,0,0.0,0,0,0,0,4,0,4,0,0,0,0,0,0,4,0,4,0,0,0,0,0,0,0,0,0,
Caleb Murphy,169634,ED,TEN,2,0,0,,0,0,31,0,0,58.9,59.5,76.5,58.9,65.1,67.3,0,0,0,0,,0.0,0,0,0,0.0,0,0,0,0,0,1,19,19,0,1,16,2,0,0,10,8,0,0,1,0,0,0,0,0,0,
Qwan'tez Stiggers,169764,CB,NYJ,1,0,0,100.0,0,0,22,0,0,46.3,41.1,63.3,,,22.9,0,0,0,0,8,100.0,1,0,0,100.0,1,0,0,0,0,1,1,0,0,0,0,0,0,1,0,0,1,0,0,0,1,0,0,8,1,8.0
Trevor Nowaske,169859,ED,DET,4,0,0,50.0,0,0,11,0,0,72.6,71.7,80.8,64.9,63.4,77.5,0,4,0,1,1,0.0,0,0,0,16.7,1,2,0,12,2,16,90,75,0,0,75,0,0,15,44,30,1,5,3,0,2,6,0,1,1,1.0
>>>>>>> 59c3138ebf45ca79cf4f8232d283711d0adbc094
