player,player_id,position,team_name,player_game_count,block_percent,declined_penalties,franchise_id,grades_offense,grades_pass_block,grades_run_block,hits_allowed,hurries_allowed,non_spike_pass_block,non_spike_pass_block_percentage,pass_block_percent,pbe,penalties,pressures_allowed,sacks_allowed,snap_counts_block,snap_counts_ce,snap_counts_lg,snap_counts_lt,snap_counts_offense,snap_counts_pass_block,snap_counts_pass_play,snap_counts_rg,snap_counts_rt,snap_counts_run_block,snap_counts_te
Shaq Mason,9564,G,HST,12,100.0,0,13,60.1,64.9,55.2,5,19,481,100.0,100.0,96.0,3,31,7,814,0,0,0,814,510,510,814,0,304,0
Sam Cosmi,60114,G,WAS,12,100.0,1,32,65.1,72.2,61.4,4,12,437,100.0,100.0,97.9,5,17,1,789,0,0,0,789,466,466,789,0,323,0
Daniel Faalele,81734,G,BLT,12,100.0,1,3,58.3,64.7,56.2,1,20,387,100.0,100.0,97.0,6,22,1,784,0,0,0,784,423,423,784,0,361,0
Mike Onwenu,27357,G,NE,12,100.0,0,19,66.1,70.4,59.1,6,20,464,100.0,100.0,97.2,4,26,0,779,0,0,0,779,502,502,450,329,277,0
Tyler Linderbaum,82291,C,BLT,12,100.0,0,3,81.5,69.8,84.8,2,6,387,100.0,100.0,99.0,6,8,0,778,778,0,0,778,423,423,0,0,355,0
Nick Allegretti,39268,G,WAS,12,100.0,0,32,63.0,62.0,63.8,1,21,433,100.0,100.0,96.8,4,25,3,778,0,778,0,778,462,462,0,0,316,0
Ronnie Stanley,10640,T,BLT,12,100.0,1,3,70.4,80.0,63.1,3,22,385,100.0,100.0,96.8,11,25,0,776,0,0,755,776,421,421,0,0,355,20
Quinn Meinerz,112915,G,DEN,12,100.0,1,10,83.5,80.1,80.0,4,3,459,100.0,100.0,99.0,3,8,1,775,0,0,0,775,488,488,774,0,287,0
Ben Powers,41482,G,DEN,12,100.0,1,10,62.0,64.6,57.4,2,10,459,100.0,100.0,98.3,4,14,2,773,0,772,0,773,488,488,0,0,285,0
Laremy Tunsil,10647,T,HST,12,100.0,2,13,75.3,87.4,75.9,1,10,456,100.0,100.0,98.4,17,13,2,773,0,0,773,773,482,482,0,0,291,0
Tyler Biadasz,41178,C,WAS,12,100.0,1,32,66.1,69.4,63.3,0,8,429,100.0,100.0,98.8,2,9,1,770,770,0,0,770,458,458,0,0,312,0
Trey Smith,62960,G,KC,11,100.0,1,16,79.5,66.8,81.9,3,18,440,100.0,100.0,97.6,4,21,0,761,0,0,0,761,468,468,761,0,293,0
Terence Steele,39461,T,DAL,11,100.0,0,9,65.3,53.0,80.3,5,20,481,100.0,100.0,95.5,3,34,9,761,0,0,0,761,524,524,0,761,237,0
Jawaan Taylor,41665,T,KC,11,100.0,1,16,63.5,73.4,60.9,5,14,440,100.0,100.0,96.7,11,24,5,761,0,0,0,761,468,468,0,759,293,2
Joe Thuney,10712,G,KC,11,100.0,0,16,83.5,91.4,74.6,0,6,440,100.0,100.0,99.3,1,6,0,761,1,760,0,761,468,468,0,0,293,0
Creed Humphrey,59996,C,KC,11,100.0,0,16,93.4,87.9,91.9,2,4,440,100.0,100.0,99.3,1,6,0,761,760,1,0,761,468,468,0,0,293,0
Cooper Beebe,99434,C,DAL,11,100.0,0,9,62.0,59.6,62.3,5,7,481,100.0,100.0,98.1,3,15,3,760,760,0,0,760,524,524,0,0,236,0
Juice Scruggs,81800,C,HST,11,100.0,0,13,61.7,64.0,62.1,3,11,443,100.0,100.0,97.3,6,19,5,755,568,187,0,755,471,471,0,0,284,0
Coleman Shelton,39316,C,CHI,11,100.0,0,6,68.8,73.1,68.0,2,9,447,100.0,100.0,98.5,3,12,1,755,755,0,0,755,489,489,0,0,266,0
Joel Bitonio,8670,G,CLV,11,100.0,0,8,62.5,59.1,65.3,3,21,486,100.0,100.0,97.1,7,26,2,754,0,727,27,754,523,523,0,0,231,0
Garett Bolles,11775,T,DEN,12,100.0,2,10,79.5,89.4,71.7,1,11,444,100.0,100.0,98.4,11,13,1,751,0,0,745,751,473,473,0,0,278,5
Tytus Howard,25472,T,HST,11,100.0,1,13,72.0,74.9,62.8,1,25,440,100.0,100.0,96.4,2,29,3,749,0,0,0,749,469,469,0,749,280,0
Patrick Mekari,46219,G,BLT,12,100.0,2,3,67.4,76.5,65.1,0,14,362,100.0,100.0,97.8,13,15,1,746,6,570,1,746,396,396,0,169,350,0
Dan Moore Jr.,60120,T,PIT,11,100.0,1,25,71.0,72.5,63.0,2,15,363,100.0,100.0,96.0,2,23,6,746,0,0,745,746,391,391,0,0,355,1
John Michael Schmitz Jr.,55238,C,NYG,11,100.0,0,21,59.0,45.0,63.5,4,15,436,100.0,100.0,97.1,1,22,3,745,745,0,0,745,472,472,0,0,273,0
Greg Van Roten,7746,G,NYG,11,100.0,0,21,68.4,63.5,69.1,4,15,436,100.0,100.0,96.9,3,23,4,745,0,0,1,745,472,472,744,0,273,0
Jon Runyan,36661,G,NYG,11,100.0,1,21,55.8,63.2,50.9,3,21,436,100.0,100.0,97.0,3,25,1,745,0,744,0,745,472,472,0,0,273,1
Charles Cross,98401,T,SEA,11,100.0,2,29,82.4,80.0,77.6,4,24,460,100.0,100.0,96.1,5,32,4,742,0,0,740,742,505,505,0,2,237,0
Laken Tomlinson,9461,G,SEA,11,100.0,1,29,62.6,65.3,60.3,6,14,460,100.0,100.0,97.0,4,24,4,742,0,742,0,742,505,505,0,0,237,0
Cam Jurgens,84014,C,PHI,11,100.0,2,24,67.8,57.6,69.3,0,14,343,100.0,100.0,97.1,6,17,3,734,734,0,0,734,363,363,0,0,371,0
Liam Eichenberg,41851,G,MIA,11,100.0,0,17,55.5,55.4,60.1,3,11,404,100.0,100.0,97.8,6,16,2,732,0,0,0,732,428,428,731,0,304,0
Aaron Brewer,46014,C,MIA,11,100.0,1,17,77.9,70.9,76.9,0,4,404,100.0,100.0,99.0,3,6,2,731,731,0,0,731,428,428,0,0,303,0
Quenton Nelson,12954,G,IND,12,100.0,0,14,79.1,78.3,82.4,6,8,403,100.0,100.0,98.0,10,15,1,730,0,730,0,730,432,432,0,0,298,0
Braden Smith,46794,T,IND,12,99.9,5,14,66.2,67.8,75.6,2,18,402,99.8,99.8,96.5,12,24,4,730,0,0,0,731,431,432,0,729,299,2
Blake Brandel,46282,G,MIN,11,100.0,0,18,60.2,67.6,61.7,2,14,381,100.0,100.0,96.6,8,21,5,724,0,724,0,724,416,416,0,0,308,0
Garrett Bradbury,46013,C,MIN,11,100.0,0,18,69.5,57.2,77.9,3,18,381,100.0,100.0,96.7,6,23,2,724,724,0,0,724,416,416,0,0,308,0
Brian O'Neill,46854,T,MIN,11,100.0,0,18,85.0,83.6,80.8,0,8,381,100.0,100.0,98.7,3,9,1,721,0,0,0,721,416,416,0,718,305,3
Rasheed Walker,81798,T,GB,11,100.0,1,12,65.2,82.5,46.8,1,18,354,100.0,100.0,96.8,7,21,2,718,0,1,717,718,378,378,0,0,340,0
Landon Dickerson,41712,G,PHI,11,100.0,2,24,77.7,67.8,78.2,3,16,343,100.0,100.0,96.1,5,23,4,716,7,709,0,716,363,363,0,0,353,0
Kevin Dotson,46735,G,LA,11,100.0,0,26,73.8,63.0,75.2,5,10,412,100.0,100.0,97.5,1,18,3,716,0,0,0,716,440,440,716,0,276,0
Elgton Jenkins,46298,G,GB,11,100.0,0,12,63.1,82.8,59.0,1,9,354,100.0,100.0,98.3,7,11,1,714,72,640,0,714,378,378,0,2,336,0
Alex Cappa,66578,G,CIN,11,100.0,1,7,55.6,53.1,55.0,3,20,453,100.0,100.0,96.6,1,27,4,714,0,0,0,714,480,480,714,0,234,0
Peter Skoronski,129737,G,TEN,11,100.0,1,31,58.8,68.1,57.1,6,14,398,100.0,100.0,96.7,7,23,3,714,0,714,0,714,424,424,0,0,290,0
Cordell Volson,30614,G,CIN,11,100.0,1,7,58.4,50.1,63.4,8,20,453,100.0,100.0,95.8,5,33,5,714,0,714,0,714,480,480,0,0,234,0
Ted Karras,10855,C,CIN,11,100.0,1,7,59.7,77.3,49.3,4,9,453,100.0,100.0,98.1,2,15,2,714,714,0,0,714,480,480,0,0,234,0
JC Latham,146596,T,TEN,11,99.9,0,31,63.6,69.5,57.6,8,15,397,99.7,99.8,95.8,5,28,5,713,0,0,710,714,423,424,0,0,290,3
Zach Tom,55443,T,GB,11,100.0,3,12,85.3,81.6,87.0,2,12,354,100.0,100.0,97.7,5,15,1,713,0,1,0,713,378,378,1,711,335,0
Colton McKivitz,29314,T,SF,11,100.0,0,28,70.9,68.4,71.4,6,18,399,100.0,100.0,96.7,5,25,1,712,0,0,0,712,423,423,0,712,289,0
Penei Sewell,81788,T,DET,11,100.0,1,11,86.8,75.3,88.9,2,14,352,100.0,100.0,97.7,3,16,0,712,0,0,0,712,364,364,0,712,348,0
Graham Glasgow,10729,G,DET,11,100.0,1,11,59.1,59.2,59.1,4,13,352,100.0,100.0,97.0,5,19,2,712,52,659,1,712,364,364,0,0,348,0
Dominick Puni,163815,G,SF,11,100.0,0,28,78.4,70.1,77.6,0,20,398,100.0,100.0,97.2,4,21,1,711,0,0,0,711,422,422,711,0,289,0
Jake Brendel,11117,C,SF,11,100.0,1,28,61.1,44.5,69.5,2,15,399,100.0,100.0,97.9,8,17,0,711,711,0,0,711,423,423,0,0,288,0
Cody Mauch,66637,G,TB,11,100.0,0,30,68.3,72.6,62.8,0,11,426,100.0,100.0,98.2,2,13,2,710,0,0,0,710,451,451,709,0,259,1
Ben Bredeson,27305,G,TB,11,100.0,0,30,56.5,58.6,54.2,2,16,426,100.0,100.0,97.9,3,18,0,710,0,709,0,710,451,451,0,0,259,1
Trevor Penning,59963,T,NO,11,100.0,1,20,62.3,54.2,70.0,1,22,385,100.0,100.0,96.2,9,26,3,707,0,0,0,707,410,410,0,706,297,1
Jake Matthews,8641,T,ATL,11,100.0,2,2,72.4,81.5,61.6,4,12,383,100.0,100.0,96.6,7,21,5,701,0,0,700,701,418,418,0,0,283,0
Broderick Jones,124025,T,PIT,11,100.0,2,25,53.2,50.2,59.9,4,16,343,100.0,100.0,94.8,9,28,8,699,0,0,0,699,365,365,0,694,334,5
Taliese Fuaga,131732,T,NO,11,100.0,0,20,64.6,55.5,70.3,6,16,379,100.0,100.0,95.8,5,27,5,696,0,0,696,696,404,404,0,0,292,0
Andrew Wylie,12333,T,WAS,11,99.7,1,32,61.7,66.5,55.0,3,15,377,99.7,99.5,97.6,5,18,0,694,0,0,0,696,399,401,0,683,295,12
O'Cyrus Torrence,102821,G,BUF,11,100.0,0,4,54.7,63.0,51.9,2,24,385,100.0,100.0,96.6,5,26,0,694,0,0,0,694,416,416,694,0,278,0
Jermaine Eluemunor,11914,T,NYG,11,100.0,3,21,63.8,66.1,63.6,9,15,397,100.0,100.0,96.2,8,27,3,690,0,0,79,690,430,430,0,610,260,1
Bradley Bozeman,27934,C,LAC,11,100.0,2,27,60.6,50.5,64.0,2,11,369,100.0,100.0,97.7,3,15,2,689,689,0,0,689,398,398,0,0,291,0
Zion Johnson,99681,G,LAC,11,100.0,0,27,71.1,63.3,71.4,10,8,369,100.0,100.0,96.5,2,22,4,689,0,689,0,689,398,398,0,0,291,0
David Edwards,35941,G,BUF,11,100.0,0,4,60.8,57.0,60.9,1,18,384,100.0,100.0,97.5,3,19,0,684,0,681,0,684,415,415,0,3,269,0
Darnell Wright,98480,T,CHI,10,100.0,1,6,74.2,71.5,78.2,3,13,394,100.0,100.0,96.7,6,21,5,684,0,0,0,684,434,434,0,683,250,1
Michael Jordan,28021,G,NE,11,100.0,0,19,51.5,60.4,45.0,3,17,405,100.0,100.0,96.8,2,23,3,683,0,683,0,683,441,441,0,0,242,0
Matthew Bergeron,99658,G,ATL,11,100.0,1,2,63.7,67.3,62.7,8,12,366,100.0,100.0,96.7,6,22,2,683,0,682,0,683,399,399,0,0,284,0
Chris Lindstrom,46692,G,ATL,11,100.0,0,2,91.5,61.6,93.4,6,18,375,100.0,100.0,96.5,5,25,1,681,0,0,0,681,409,409,681,0,272,0
Joe Tippmann,101568,C,NYJ,11,100.0,0,22,73.8,66.6,73.9,2,8,424,100.0,100.0,98.3,1,12,2,677,677,0,0,677,447,447,0,0,230,0
Aaron Banks,59983,G,SF,11,100.0,0,28,68.6,62.6,71.3,4,17,383,100.0,100.0,97.0,3,22,1,675,0,675,0,675,405,405,0,0,270,0
Robert Jones,100786,G,MIA,11,100.0,0,17,61.5,51.8,63.8,2,10,366,100.0,100.0,97.3,2,16,4,672,0,671,0,672,390,390,0,0,282,0
Kolton Miller,47013,T,LV,11,100.0,2,23,77.3,82.6,64.0,4,12,427,100.0,100.0,96.5,3,23,7,671,0,0,670,671,459,459,0,0,212,1
Dion Dawkins,11818,T,BUF,11,100.0,0,4,71.4,78.8,67.1,2,11,383,100.0,100.0,97.5,9,16,3,669,0,0,669,669,414,414,0,0,255,0
Connor McGovern,41714,C,BUF,11,100.0,0,4,71.6,66.0,72.5,0,17,379,100.0,100.0,97.8,2,17,0,667,667,0,0,667,408,408,0,0,259,0
Tyler Smith,98385,G,DAL,10,100.0,4,9,70.7,75.3,67.2,2,12,423,100.0,100.0,98.1,7,15,1,657,0,553,104,657,462,462,0,0,195,0
Robert Hunt,46139,G,CAR,11,100.0,1,5,70.6,54.4,77.2,4,13,391,100.0,100.0,97.1,3,20,3,655,0,0,0,655,415,415,655,0,240,0
Trent Williams,5529,T,SF,10,100.0,1,28,85.6,84.5,81.4,3,13,358,100.0,100.0,97.5,5,17,1,649,0,0,649,649,381,381,0,0,268,0
Ethan Pocic,11813,C,CLV,10,100.0,0,8,58.6,61.3,59.6,4,17,423,100.0,100.0,97.0,4,23,2,649,622,27,0,649,455,455,0,0,194,0
Hjalte Froholdt,44959,C,ARZ,11,100.0,0,1,73.1,65.1,74.4,3,10,355,100.0,100.0,97.6,3,15,2,646,646,0,0,646,372,372,0,0,274,0
Paris Johnson Jr.,129749,T,ARZ,11,100.0,0,1,79.2,76.1,73.4,1,13,355,100.0,100.0,96.9,4,18,4,646,0,0,645,646,372,372,0,0,274,1
Josh Myers,59992,C,GB,10,100.0,0,12,51.5,69.3,46.4,3,13,311,100.0,100.0,97.4,3,16,0,642,642,0,0,642,332,332,0,0,310,0
Zack Martin,8651,G,DAL,10,100.0,1,9,65.6,62.0,63.3,1,18,408,100.0,100.0,96.4,1,24,5,638,0,0,0,638,447,447,638,0,191,0
Evan Brown,38709,G,ARZ,11,100.0,0,1,70.3,72.6,65.2,0,12,342,100.0,100.0,97.7,1,14,2,638,0,638,0,638,358,358,0,0,280,0
Graham Barton,122367,C,TB,10,100.0,0,30,56.9,63.2,56.6,1,15,385,100.0,100.0,97.7,6,17,1,634,634,0,0,634,406,406,0,0,228,0
Joe Alt,147481,T,LAC,10,100.0,0,27,79.0,76.6,77.0,1,8,340,100.0,100.0,97.5,6,13,4,633,0,0,2,633,367,367,0,630,266,1
Matt Pryor,46647,G,CHI,9,100.0,2,6,68.5,80.3,66.0,0,9,367,100.0,100.0,97.4,6,14,5,631,0,49,1,631,402,402,521,59,229,1
John Simpson,41715,G,NYJ,11,100.0,0,22,80.7,76.6,82.1,6,3,396,100.0,100.0,98.9,4,9,0,630,0,630,0,630,417,417,0,0,213,0
Frank Ragnow,39137,C,DET,10,100.0,0,11,87.1,60.6,91.4,5,5,319,100.0,100.0,97.8,3,12,2,627,627,0,0,627,329,329,0,0,298,0
Kevin Zeitler,7032,G,DET,10,100.0,0,11,88.1,75.4,86.5,4,4,312,100.0,100.0,97.8,1,11,3,622,0,0,0,622,324,324,622,0,298,0
Dillon Radunz,30551,G,TEN,10,100.0,0,31,59.5,62.9,57.5,2,13,348,100.0,100.0,96.7,3,19,4,621,0,0,0,621,373,373,621,0,248,0
Kaleb McGary,46912,T,ATL,10,100.0,0,2,68.0,61.3,71.4,7,9,330,100.0,100.0,96.4,2,20,4,619,0,0,0,619,357,357,0,618,262,0
Connor Williams,46216,C,SEA,9,100.0,0,29,63.9,62.3,71.0,3,6,385,100.0,100.0,98.3,8,11,2,618,618,0,0,618,427,427,0,0,191,0
Spencer Brown,42296,T,BUF,10,100.0,3,4,67.9,73.3,73.5,3,11,336,100.0,100.0,97.6,12,15,1,618,0,0,0,618,364,364,0,618,254,0
Brandon Scherff,9438,G,JAX,11,100.0,1,15,62.0,72.1,56.1,1,11,368,100.0,100.0,98.4,2,12,0,618,0,0,0,618,386,386,618,0,232,0
Mitch Morse,9482,C,JAX,11,100.0,0,15,61.6,58.0,62.5,0,7,368,100.0,100.0,98.2,1,10,3,614,614,0,0,614,386,386,0,0,228,0
Rashawn Slater,59971,T,LAC,10,100.0,1,27,89.3,87.7,80.5,3,7,329,100.0,100.0,97.6,3,13,3,611,0,0,609,611,356,356,0,0,255,2
Lane Johnson,7786,T,PHI,10,100.0,0,24,84.4,87.3,79.8,1,5,278,100.0,100.0,98.9,4,6,0,611,0,0,3,611,297,297,0,606,314,2
Taylor Decker,10650,T,DET,10,99.8,1,11,73.8,71.9,70.0,3,10,306,99.7,99.7,95.9,3,19,6,610,0,0,608,611,316,317,0,0,294,3
Beaux Limmer,99067,C,LA,10,100.0,0,26,61.6,49.2,68.7,3,10,336,100.0,100.0,98.1,5,13,0,609,609,0,0,609,363,363,0,0,246,0
Roger Rosengarten,131912,T,BLT,11,100.0,1,3,59.9,63.7,53.5,0,21,305,100.0,100.0,95.6,4,24,3,607,0,0,5,607,332,332,0,602,275,0
Cam Robinson,11789,T,MIN,11,100.0,2,18,66.7,74.4,60.2,3,19,352,100.0,100.0,95.5,7,27,5,606,0,0,604,606,371,371,0,0,235,2
Sean Rhyan,72009,G,GB,11,100.0,0,12,56.7,67.6,52.9,3,8,302,100.0,100.0,97.2,4,14,3,605,4,7,1,605,320,320,593,0,285,0
Wanya Morris,98247,T,KC,10,99.8,3,16,55.6,59.6,52.3,6,15,342,99.7,99.7,95.8,8,25,4,603,0,0,601,604,362,363,0,0,241,3
Zach Frazier,123419,C,PIT,9,100.0,0,25,77.4,58.4,81.2,2,5,296,100.0,100.0,98.5,1,8,1,603,603,0,0,603,320,320,0,0,283,0
Tristan Wirfs,64818,T,TB,10,100.0,0,30,83.5,92.5,67.7,0,6,373,100.0,100.0,99.2,5,6,0,598,0,1,597,598,393,393,0,0,205,0
Anton Harrison,122929,T,JAX,11,100.0,0,15,61.2,63.4,55.0,2,18,354,100.0,100.0,96.3,2,23,3,596,0,0,2,596,370,370,0,594,226,0
DJ Glaze,129511,T,LV,9,100.0,0,23,60.7,59.2,63.2,6,20,379,100.0,100.0,96.0,7,28,2,594,0,0,0,594,408,408,0,594,186,0
Tyron Smith,6161,T,NYJ,10,100.0,3,22,73.6,72.3,72.3,4,13,365,100.0,100.0,96.3,6,22,5,592,0,0,592,592,386,386,0,0,206,0
Alaric Jackson,40972,T,LA,9,100.0,0,26,73.7,78.6,70.1,4,8,329,100.0,100.0,97.3,5,15,3,586,0,0,586,586,355,355,0,0,231,0
Mekhi Becton,59818,G,PHI,10,100.0,0,24,75.1,59.0,77.0,2,13,279,100.0,100.0,96.2,2,18,3,584,0,0,0,584,297,297,584,0,287,0
Terron Armstead,7856,T,MIA,10,100.0,0,17,90.8,86.5,86.4,0,9,319,100.0,100.0,98.6,1,9,0,581,0,0,581,581,335,335,0,0,246,0
Ed Ingram,59819,G,MIN,9,100.0,0,18,54.0,49.1,58.1,3,16,306,100.0,100.0,95.3,3,24,5,580,0,0,0,580,332,332,580,0,248,0
Anthony Bradford,99103,G,SEA,11,100.0,0,29,50.1,53.0,57.7,1,20,358,100.0,100.0,95.7,10,26,5,578,0,0,0,578,392,392,578,0,186,0
Mason McCormick,78326,G,PIT,9,100.0,0,25,55.9,64.2,52.3,1,10,290,100.0,100.0,98.1,2,11,0,577,0,82,0,577,307,307,482,0,270,13
Trey Pipkins III,91462,G,LAC,10,100.0,2,27,63.3,50.3,71.2,2,12,325,100.0,100.0,96.3,4,19,5,576,0,0,15,576,352,352,505,55,224,1
Braxton Jones,60092,T,CHI,9,100.0,2,6,75.4,75.5,74.6,2,19,332,100.0,100.0,95.9,6,24,3,575,0,0,574,575,366,366,0,0,209,1
Ryan Neuzil,41123,C,ATL,9,100.0,0,2,58.5,63.5,60.6,2,7,320,100.0,100.0,98.3,7,10,1,573,572,0,0,573,345,345,0,0,228,0
Demontrey Jacobs,56619,T,NE,10,100.0,1,19,38.9,37.2,48.8,5,27,348,100.0,100.0,93.1,7,40,8,569,0,0,138,569,379,379,0,431,190,0
Damien Lewis,81532,G,CAR,10,100.0,2,5,71.5,74.7,68.8,2,11,346,100.0,100.0,97.5,3,15,2,564,0,564,0,564,367,367,0,0,197,0
Kenyon Green,99052,G,HST,9,100.0,1,13,39.4,40.9,45.2,4,18,325,100.0,100.0,95.1,7,27,5,561,0,561,0,561,347,347,0,0,214,0
Amarius Mims,146719,T,CIN,9,99.8,0,7,58.6,58.5,55.8,3,19,346,99.7,99.7,96.0,1,25,3,554,0,0,0,555,367,368,0,554,187,1
Jackson Powers-Johnson,146550,G,LV,9,100.0,0,23,58.6,58.4,70.0,2,12,352,100.0,100.0,97.4,10,16,2,553,219,305,0,553,377,377,29,0,176,0
Teven Jenkins,41534,G,CHI,10,100.0,1,6,77.6,78.8,73.5,1,8,331,100.0,100.0,97.7,2,12,3,542,0,542,0,542,358,358,0,0,184,0
Austin Jackson,60816,T,MIA,8,100.0,2,17,60.0,60.1,64.3,3,9,293,100.0,100.0,96.9,6,15,3,542,0,0,0,542,312,312,0,541,230,0
Tyler Guyton,123076,T,DAL,9,100.0,4,9,51.2,60.8,56.4,4,12,338,100.0,100.0,96.2,16,21,5,533,0,0,531,533,371,371,0,0,162,2
Vederian Lowe,59741,T,NE,9,99.8,1,19,57.0,63.3,54.9,3,17,305,99.7,99.7,95.4,10,24,4,532,0,0,533,533,331,332,0,0,201,0
Ikem Ekwonu,98286,T,CAR,9,100.0,1,5,72.7,70.2,82.3,3,15,324,100.0,100.0,96.3,11,21,3,531,0,0,530,531,344,344,0,0,187,1
Alijah Vera-Tucker,57107,G,NYJ,9,100.0,0,22,71.4,69.8,69.3,4,3,338,100.0,100.0,97.8,3,11,4,526,0,0,0,526,354,354,526,0,172,0
Mike McGlinchey,46275,T,DEN,8,100.0,1,10,71.4,72.6,69.9,0,10,319,100.0,100.0,97.8,5,12,2,522,0,0,0,522,335,335,0,521,187,0
Kelvin Beachum,7229,T,ARZ,9,100.0,0,1,62.7,73.6,53.2,0,6,262,100.0,100.0,97.7,3,9,3,520,0,0,0,520,273,273,0,519,247,1
Morgan Moses,8701,T,NYJ,9,100.0,1,22,65.4,71.8,61.2,2,6,310,100.0,100.0,98.4,5,9,1,518,0,0,0,518,329,329,0,518,189,0
Taylor Moton,11819,T,CAR,9,100.0,1,5,72.5,81.3,58.0,1,7,306,100.0,100.0,98.7,1,8,0,515,0,0,0,515,325,325,0,515,190,0
Dawand Jones,101550,T,CLV,9,100.0,0,8,46.3,57.6,45.7,7,11,340,100.0,100.0,96.2,8,22,4,511,0,0,176,511,364,364,1,334,147,0
Ezra Cleveland,41973,G,JAX,9,100.0,0,15,67.9,73.0,61.7,2,4,296,100.0,100.0,97.6,0,10,4,506,0,506,0,506,311,311,0,0,195,0
Bernhard Raimann,77948,T,IND,9,100.0,0,14,82.5,84.7,73.6,1,8,279,100.0,100.0,97.3,1,12,3,501,0,0,501,501,294,294,0,0,207,0
Andre James,47058,C,LV,8,100.0,0,23,54.6,66.1,49.2,1,9,304,100.0,100.0,97.7,2,12,2,500,500,0,0,500,325,325,0,0,175,0
Lloyd Cushenberry III,41924,C,TEN,8,100.0,0,31,55.4,57.2,54.9,1,13,279,100.0,100.0,97.5,3,14,0,499,499,0,0,499,299,299,0,0,200,0
Luke Wattenberg,41024,C,DEN,8,100.0,2,10,61.4,77.3,53.9,2,3,297,100.0,100.0,99.2,4,5,0,495,495,0,0,495,316,316,0,0,179,0
Dylan Parham,60953,G,LV,9,100.0,0,23,77.8,72.7,75.8,0,13,313,100.0,100.0,97.3,0,15,2,481,0,0,0,481,336,336,481,0,145,0
Luke Goedeke,77548,T,TB,7,100.0,0,30,62.9,73.3,54.8,0,10,277,100.0,100.0,97.8,4,11,1,475,0,0,0,475,297,297,1,474,178,0
Ben Brown,59869,C,NE,7,100.0,0,19,47.5,51.5,51.9,2,6,293,100.0,100.0,97.3,5,12,4,471,471,0,0,471,320,320,0,0,151,0
Isaac Seumalo,10713,G,PIT,7,100.0,0,25,69.7,54.5,73.8,0,14,233,100.0,100.0,96.6,3,15,1,468,0,468,0,468,247,247,0,0,221,0
Jordan Mailata,66916,T,PHI,7,100.0,1,24,92.9,91.7,91.9,0,8,237,100.0,100.0,97.9,3,9,1,468,0,0,465,468,250,250,0,0,218,3
Dalton Tucker,81717,G,IND,8,100.0,0,14,53.3,48.7,53.0,4,18,258,100.0,100.0,95.0,1,24,2,464,0,0,0,464,279,279,464,0,185,0
Wyatt Teller,46131,G,CLV,7,100.0,0,8,61.8,61.6,64.3,1,10,295,100.0,100.0,97.8,4,12,1,461,0,0,0,461,318,318,461,0,143,0
Brandon Coleman,123068,T,WAS,11,100.0,1,32,62.4,60.2,63.0,2,12,238,100.0,100.0,95.4,2,18,4,439,0,0,431,439,256,256,0,1,183,7
Cesar Ruiz,59857,G,NO,7,100.0,0,20,71.8,65.9,70.7,1,3,210,100.0,100.0,98.6,1,5,1,439,0,0,0,439,224,224,439,0,215,0
Rob Havenstein,9490,T,LA,7,100.0,0,26,66.5,67.1,65.1,2,5,232,100.0,100.0,97.2,3,10,3,433,0,0,0,433,250,250,0,433,183,0
Andrew Thomas,59701,T,NYG,6,100.0,1,21,75.4,71.8,73.8,4,8,244,100.0,100.0,95.9,3,16,4,416,0,0,413,416,261,261,0,0,155,3
Stone Forsythe,41795,T,SEA,6,100.0,1,29,43.1,41.3,51.6,4,29,269,100.0,100.0,93.1,3,35,2,414,0,0,0,414,298,298,0,413,116,1
Orlando Brown Jr.,46227,T,CIN,8,100.0,0,7,67.7,82.5,50.4,1,5,263,100.0,100.0,98.1,4,8,2,411,0,0,409,411,276,276,0,0,135,2
Fred Johnson,46951,T,PHI,9,100.0,1,24,52.7,42.9,60.0,3,22,183,100.0,100.0,89.3,4,32,7,399,0,0,283,399,193,193,0,112,206,4
Nicholas Petit-Frere,82003,T,TEN,7,100.0,1,31,48.7,34.4,61.1,2,21,218,100.0,100.0,90.6,5,32,9,398,0,0,1,398,231,231,0,394,167,3
Jack Conklin,10642,T,CLV,6,100.0,0,8,69.5,70.1,65.0,0,13,240,100.0,100.0,96.0,1,16,3,394,0,0,0,394,260,260,0,394,134,0
Christian Darrisaw,77373,T,MIN,7,100.0,1,18,81.4,79.9,82.3,1,7,209,100.0,100.0,97.1,5,10,2,392,0,0,392,392,231,231,0,0,161,0
Lucas Patrick,11435,G,NO,7,100.0,0,20,71.1,53.8,75.1,0,6,200,100.0,100.0,98.5,3,6,0,385,88,297,0,385,214,214,0,0,171,0
Ryan Kelly,10652,C,IND,7,100.0,0,14,63.7,70.3,61.1,1,5,206,100.0,100.0,98.1,1,7,1,384,384,0,0,384,222,222,0,0,162,0
Jordan Meredith,60235,G,LV,6,100.0,0,23,85.5,81.1,82.5,0,4,251,100.0,100.0,99.2,1,4,0,376,0,167,0,376,267,267,209,0,109,0
Connor McGovern,10778,C,NYJ,6,100.0,0,22,58.9,69.7,56.8,1,7,228,100.0,100.0,98.2,3,8,0,369,369,0,0,369,243,243,0,0,126,0
Tanor Bortolini,129915,C,IND,7,100.0,0,14,65.1,64.4,65.4,2,5,197,100.0,100.0,98.2,1,7,0,349,348,1,0,349,210,210,0,0,139,0
Cody Ford,39805,T,CIN,9,99.4,0,7,53.1,51.5,51.2,6,17,204,99.0,99.1,93.9,0,24,1,347,0,0,304,349,218,220,0,20,129,25
Justin Skule,38951,T,TB,7,100.0,0,30,70.2,66.4,70.6,2,6,202,100.0,100.0,96.0,1,12,4,345,0,0,112,345,212,212,0,232,133,1
Cornelius Lucas,9025,T,WAS,8,100.0,0,32,77.0,82.8,67.6,0,8,180,100.0,100.0,97.2,1,9,1,323,0,0,318,323,190,190,0,0,133,5
Brady Christensen,51985,C,CAR,10,99.7,0,5,64.0,59.5,70.8,3,9,177,99.4,99.5,96.6,3,12,0,321,179,0,123,322,187,188,0,0,134,20
Foster Moreau,47043,TE,NO,11,63.1,0,20,67.6,68.3,60.7,0,1,55,24.0,24.3,99.1,4,1,0,315,0,0,0,499,59,243,0,1,256,382
Jared Goff,10635,QB,DET,11,46.2,0,11,74.4,62.2,60.0,0,0,1,0.3,0.3,100.0,2,0,0,314,0,0,0,679,1,353,0,0,313,0
Trystan Colon,41117,G,ARZ,8,100.0,0,1,70.8,72.1,66.1,1,7,162,100.0,100.0,97.5,1,8,0,314,6,3,0,314,171,171,305,0,143,0
Landon Young,41761,G,NO,7,100.0,0,20,52.8,24.9,67.0,0,11,183,100.0,100.0,95.9,1,13,2,306,0,30,6,306,195,195,267,0,111,3
Daniel Brunskill,34807,C,TEN,10,100.0,0,31,57.1,50.0,59.9,2,3,151,100.0,100.0,98.3,2,5,0,303,181,0,1,303,158,158,77,0,145,39
Amon-Ra St. Brown,84470,WR,DET,11,46.9,1,11,87.9,62.3,56.4,0,0,1,0.3,0.3,100.0,2,0,0,299,0,0,0,637,1,338,0,0,298,0
Darnell Washington,124044,TE,PIT,11,71.2,0,25,74.8,65.1,64.5,0,2,55,33.1,32.2,96.4,3,3,1,297,0,0,0,417,57,177,0,1,240,380
Grant Calcaterra,60997,TE,PHI,11,63.1,0,24,57.4,62.1,52.0,0,0,17,9.3,10.4,94.1,3,1,1,296,0,0,1,469,20,193,0,1,276,294
Tucker Kraft,104034,TE,GB,11,48.1,0,12,61.0,68.7,56.1,0,0,16,5.1,5.7,100.0,3,0,0,296,0,0,0,615,19,336,0,0,277,408
C.J. Stroud,129759,QB,HST,12,37.0,0,13,74.3,,60.0,0,0,0,0.0,0.0,,2,0,0,296,0,0,0,801,0,497,0,0,296,0
Walker Little,52287,T,JAX,9,100.0,0,15,67.9,66.5,72.3,4,2,166,100.0,100.0,97.0,3,8,2,291,0,0,257,291,175,175,0,27,116,7
Austin Corbett,46290,C,CAR,5,100.0,0,5,62.9,66.8,59.3,1,1,176,100.0,100.0,98.9,1,3,1,291,291,0,0,291,187,187,0,0,104,0
Layden Robinson,99057,G,NE,7,100.0,1,19,53.1,39.2,57.0,4,13,163,100.0,100.0,92.3,1,21,4,289,0,0,0,289,171,171,288,0,118,1
Nick Saldiveri,81785,G,NO,8,100.0,0,20,59.8,39.7,65.2,4,8,162,100.0,100.0,96.3,0,12,0,289,0,289,0,289,170,170,0,0,119,0
Olumuyiwa Fashanu,129777,T,NYJ,7,100.0,0,22,54.9,45.7,64.7,3,12,195,100.0,100.0,95.6,3,16,1,283,0,0,85,283,203,203,37,159,80,2
Spencer Anderson,81719,G,PIT,11,100.0,0,25,54.1,62.6,55.0,2,3,125,100.0,100.0,97.2,2,6,1,282,0,205,0,282,139,139,64,4,143,9
Cole Kmet,60995,TE,CHI,11,44.0,0,6,67.8,66.8,63.0,0,3,42,11.4,11.1,91.7,2,5,2,282,0,0,2,641,45,404,0,2,237,340
Alex Forsyth,60012,C,DEN,6,100.0,0,10,67.2,58.7,68.5,1,5,162,100.0,100.0,96.9,0,8,2,280,279,0,0,280,172,172,0,0,108,0
Will Hernandez,46180,G,ARZ,5,100.0,0,1,69.3,74.2,66.0,0,8,156,100.0,100.0,97.4,2,8,0,280,0,0,0,280,163,163,280,0,117,0
Patrick Mahomes,11765,QB,KC,11,36.5,1,16,85.0,,60.5,0,0,0,0.0,0.0,,2,0,0,278,0,0,0,761,0,468,0,0,278,0
Sam Darnold,29048,QB,MIN,11,38.4,0,18,81.9,61.3,60.0,0,0,1,0.3,0.2,100.0,5,0,0,276,0,0,0,719,1,414,0,0,275,0
Lamar Jackson,46416,QB,BLT,12,35.5,0,3,91.9,,60.5,0,0,0,0.0,0.0,,4,0,0,274,0,0,0,772,0,422,0,0,274,0
DeVonta Smith,61100,WR,PHI,9,48.6,0,24,77.3,,52.9,0,0,0,0.0,0.0,,1,0,0,273,0,0,0,562,0,289,0,0,273,3
Jalen Hurts,40291,QB,PHI,11,37.4,0,24,76.2,,60.2,0,0,0,0.0,0.0,,1,0,0,272,0,0,0,727,0,368,0,0,272,0
Brock Wright,60994,TE,DET,11,70.4,0,11,54.9,61.3,50.7,2,3,42,27.8,26.9,94.0,2,5,0,271,0,0,0,385,42,156,0,0,229,295
Darnell Mooney,48236,WR,ATL,11,40.5,0,2,74.3,,55.3,0,0,0,0.0,0.0,,2,0,0,270,0,0,0,667,0,397,0,0,270,0
Theo Johnson,129787,TE,NYG,11,43.0,0,21,51.8,74.5,50.7,0,2,54,14.2,14.0,98.1,4,2,0,269,0,0,0,625,58,414,0,0,211,354
Will Fries,41530,G,IND,5,100.0,0,14,86.9,74.9,84.9,1,3,145,100.0,100.0,97.2,1,6,2,268,0,0,0,268,153,153,268,0,115,0
Kirk Cousins,7102,QB,ATL,11,38.0,0,2,77.3,,60.0,0,0,0,0.0,0.0,,1,0,0,266,0,0,0,700,0,417,0,0,266,0
Justin Jefferson,61398,WR,MIN,11,39.5,1,18,84.6,,60.8,0,0,0,0.0,0.0,,2,0,0,265,0,0,0,671,0,406,0,0,265,0
Warren McClendon Jr.,99081,T,LA,5,100.0,0,26,54.0,46.1,65.6,4,4,163,100.0,100.0,94.5,2,13,5,265,0,0,52,265,172,172,0,213,93,0
Matthew Stafford,4924,QB,LA,11,36.9,0,26,68.7,,60.0,0,0,0,0.0,0.0,,1,0,0,264,0,0,0,716,0,440,0,0,264,0
Justin Herbert,28237,QB,LAC,11,38.7,0,27,86.6,,60.0,0,0,0,0.0,0.0,,0,0,0,263,0,0,0,679,0,393,0,0,263,0
Adam Trautman,109795,TE,DEN,12,64.6,1,10,59.7,65.2,55.9,2,2,65,32.5,32.5,96.9,1,4,0,261,0,0,1,404,69,212,0,2,192,315
Dalton Schultz,47304,TE,HST,12,39.8,0,13,60.9,52.2,60.3,1,4,50,11.9,11.9,95.0,2,5,0,260,0,0,0,653,53,446,0,0,207,422
Jarrett Patterson,81775,C,HST,5,100.0,0,13,54.7,67.1,47.9,0,4,161,100.0,100.0,98.1,1,5,1,259,249,10,0,259,167,167,0,0,92,0
Cade Otton,61071,TE,TB,11,39.7,0,30,61.8,53.1,63.0,0,1,39,9.5,9.8,96.2,2,2,1,259,0,0,0,653,43,437,0,0,216,390
Kendall Lamm,10017,T,MIA,6,100.0,0,17,69.0,80.4,51.9,1,7,159,100.0,100.0,97.5,0,8,0,259,0,0,70,259,167,167,0,188,92,0
Patrick Ricard,48862,FB,BLT,12,83.5,0,3,55.5,71.8,60.4,0,0,38,44.2,45.7,100.0,1,0,0,258,0,0,1,309,43,94,0,0,215,149
Brock Purdy,77672,QB,SF,10,38.7,0,28,81.3,,60.0,0,0,0,0.0,0.0,,0,0,0,256,0,0,0,662,0,391,0,0,256,0
Drake London,86519,WR,ATL,11,40.2,0,2,82.2,72.7,56.6,0,0,4,1.1,1.3,100.0,4,0,0,254,0,0,0,632,5,383,0,0,249,9
Sam LaPorta,101690,TE,DET,10,50.4,0,11,69.1,47.0,56.0,1,0,23,8.8,8.5,97.8,1,1,0,252,0,0,0,500,23,271,0,0,229,324
Bo Nix,97790,QB,DEN,12,32.8,0,10,72.8,,60.0,0,0,0,0.0,0.0,,6,0,0,252,0,0,0,769,0,487,0,0,252,0
Ray-Ray McCloud III,47895,WR,ATL,11,38.3,0,2,59.4,80.9,48.4,0,0,8,2.2,2.2,100.0,3,0,0,250,0,0,0,653,9,406,0,0,241,0
Josh Oliver,47083,TE,MIN,10,63.3,0,18,74.3,76.7,68.1,0,0,25,15.4,17.9,96.0,2,1,1,245,0,0,0,387,31,173,0,1,214,364
Jedrick Wills Jr.,58467,T,CLV,5,100.0,2,8,52.9,63.6,51.6,3,5,156,100.0,100.0,95.5,7,11,3,245,0,0,245,245,168,168,0,0,77,0
Baker Mayfield,46518,QB,TB,11,34.3,0,30,81.3,,60.0,0,0,0,0.0,0.0,,3,0,0,243,0,0,0,708,0,451,0,0,243,0
Caleb Williams,144622,QB,CHI,11,32.2,1,6,67.5,60.9,60.3,0,0,1,0.2,0.2,100.0,8,0,0,243,0,0,0,755,1,489,0,0,242,0
George Pickens,99229,WR,PIT,11,41.2,0,25,81.1,,63.0,0,0,0,0.0,0.0,,2,0,0,242,0,0,0,587,0,344,0,0,242,0
John Bates,42275,TE,WAS,12,71.6,1,32,50.0,53.7,58.3,0,2,41,31.5,31.4,97.6,3,2,0,242,0,0,9,338,44,140,0,8,198,262
Alec Pierce,78038,WR,IND,12,39.9,0,14,73.0,68.1,51.3,0,0,1,0.3,0.3,100.0,1,0,0,240,0,0,0,601,1,362,0,0,239,1
Kyler Murray,38334,QB,ARZ,11,37.5,0,1,80.9,,60.5,0,0,0,0.0,0.0,,4,0,0,240,0,0,0,640,0,372,0,0,240,0
George Kittle,11901,TE,SF,9,46.8,0,28,90.8,52.4,66.7,0,3,39,13.1,12.8,96.2,2,3,0,239,0,0,0,511,40,312,0,0,199,355
Noah Gray,60878,TE,KC,11,51.1,0,16,73.6,73.6,59.1,0,0,18,7.7,7.3,100.0,1,0,0,239,0,0,0,468,18,247,0,2,221,303
Hunter Henry,10669,TE,NE,12,36.6,1,19,69.2,60.4,52.2,0,1,20,5.0,5.1,97.5,3,1,0,237,0,0,1,647,22,432,0,0,215,339
Jayden Daniels,97993,QB,WAS,12,32.7,1,32,88.5,,60.4,0,0,0,0.0,0.0,,1,0,0,236,0,0,0,721,0,433,0,0,236,0
Drew Sample,47259,TE,CIN,11,62.6,0,7,45.6,56.5,49.0,0,5,50,27.5,28.2,95.0,0,5,0,234,0,0,0,374,55,195,0,0,179,269
Matt Goncalves,99680,T,IND,5,100.0,0,14,67.9,63.1,70.1,2,3,124,100.0,100.0,95.6,1,8,3,233,0,1,230,233,138,138,0,1,95,1
Zak Zinter,129605,G,CLV,8,99.1,0,8,43.9,35.0,54.0,1,6,140,98.6,98.7,95.4,2,10,3,231,0,3,0,233,149,151,208,0,82,21
Demarcus Robinson,10760,WR,LA,11,37.5,0,26,68.9,,48.8,0,0,0,0.0,0.0,,0,0,0,230,0,0,0,614,0,384,0,0,230,1
Terry McLaurin,48229,WR,WAS,12,37.4,0,32,79.1,,41.9,0,0,0,0.0,0.0,,0,0,0,229,0,0,0,613,0,383,0,0,229,0
Michael Pittman Jr.,29049,WR,IND,11,40.2,0,14,71.0,66.1,63.8,0,0,1,0.3,0.3,100.0,2,0,0,229,0,0,0,570,1,342,0,0,228,3
Jaylen Waddle,84088,WR,MIA,11,39.1,0,17,69.7,,63.6,0,0,0,0.0,0.0,,0,0,0,227,0,0,0,581,0,352,0,0,227,1
DJ Moore,48267,WR,CHI,11,31.8,0,6,68.8,,58.1,0,0,0,0.0,0.0,,2,0,0,227,0,0,0,714,0,480,0,0,227,0
Travis Kelce,7844,TE,KC,11,35.8,0,16,70.3,83.8,63.7,0,1,18,4.5,4.3,97.2,1,1,0,226,0,0,0,631,18,423,0,0,208,264
Pat Freiermuth,84085,TE,PIT,11,42.7,0,25,67.2,36.8,36.5,0,2,13,4.4,4.1,92.3,1,2,0,224,0,0,0,525,13,314,0,0,211,215
Aaron Rodgers,2241,QB,NYJ,11,33.6,0,22,75.9,,60.2,0,0,0,0.0,0.0,,5,0,0,223,0,0,0,664,0,437,0,0,223,0
Trey McBride,75916,TE,ARZ,10,42.1,0,1,84.9,68.3,61.1,0,0,6,2.0,1.9,100.0,2,0,0,223,0,0,1,530,6,312,0,0,217,285
T.J. Bass,131703,G,DAL,8,100.0,0,9,60.1,37.3,72.1,1,3,139,100.0,100.0,97.8,1,5,1,223,0,188,0,223,148,148,35,0,75,0
Steve Avila,77319,G,LA,4,100.0,0,26,55.0,48.7,56.3,2,2,145,100.0,100.0,97.2,1,6,2,223,0,223,0,223,152,152,0,0,71,0
James Hudson III,59854,T,CLV,4,100.0,0,8,50.4,40.2,57.7,7,8,149,100.0,100.0,95.0,2,15,0,222,0,0,207,222,159,159,0,15,63,0
Tyreek Hill,10799,WR,MIA,11,38.2,1,17,70.9,,48.3,0,0,0,0.0,0.0,,4,0,0,222,0,0,0,581,0,353,0,0,222,3
A.J. Brown,48327,WR,PHI,8,49.3,0,24,91.1,,51.5,0,0,0,0.0,0.0,,0,0,0,222,0,0,0,450,0,228,0,0,222,14
Courtland Sutton,48164,WR,DEN,12,33.7,0,10,72.8,62.4,34.1,0,0,1,0.2,0.2,100.0,1,0,0,221,0,0,0,655,1,435,0,0,220,0
Tip Reiman,129423,TE,ARZ,11,77.8,0,1,48.0,74.9,56.4,0,0,37,37.0,38.8,100.0,3,0,0,221,0,0,0,284,40,103,0,1,181,235
Jordan Love,40306,QB,GB,9,39.8,0,12,72.4,,60.1,0,0,0,0.0,0.0,,1,0,0,220,0,0,0,553,0,322,0,0,220,0
Derek Carr,8671,QB,NO,8,46.5,0,20,86.2,,61.6,0,0,0,0.0,0.0,,3,0,0,219,0,0,0,471,0,244,0,0,219,0
Julian Hill,88685,TE,MIA,10,67.9,0,17,42.9,58.1,49.6,0,1,27,21.6,22.6,94.4,6,2,1,218,0,0,0,321,30,133,0,0,188,230
Zay Flowers,97268,WR,BLT,12,35.7,0,3,80.1,,43.5,0,0,0,0.0,0.0,,2,0,0,217,0,0,0,607,0,383,0,0,217,0
Josh Allen,46601,QB,BUF,11,32.2,0,4,84.7,,60.0,0,0,0,0.0,0.0,,2,0,0,217,0,0,0,673,0,414,0,0,217,0
Joe Burrow,28022,QB,CIN,11,30.3,0,7,90.4,,60.1,0,0,0,0.0,0.0,,6,0,0,215,0,0,0,710,0,480,0,0,215,0
Van Jefferson,47447,WR,PIT,11,45.0,0,25,55.9,69.6,53.3,0,0,4,1.7,1.5,100.0,3,0,0,214,0,0,0,476,4,266,0,0,210,4
Cody Whitehair,10690,G,LV,6,100.0,0,23,48.4,59.8,40.2,1,8,142,100.0,100.0,96.8,0,9,0,213,0,213,0,213,153,153,0,0,60,0
Romeo Doubs,84329,WR,GB,10,41.5,0,12,65.3,,49.7,0,0,0,0.0,0.0,,3,0,0,212,0,0,0,511,0,299,0,0,212,0
Geno Smith,7820,QB,SEA,11,28.6,1,29,81.0,,60.0,0,0,0,0.0,0.0,,8,0,0,212,0,0,0,741,0,505,0,0,212,0
Andrew Vorhees,60818,G,BLT,4,100.0,0,3,52.1,62.6,50.8,0,2,103,100.0,100.0,99.0,2,2,0,211,0,211,0,211,114,114,0,0,97,0
Garrett Wilson,97405,WR,NYJ,11,32.2,0,22,79.8,,60.9,0,0,0,0.0,0.0,,4,0,0,210,0,0,0,652,0,441,0,0,210,0
James Daniels,45576,G,PIT,4,100.0,0,25,92.9,66.5,92.5,1,3,93,100.0,100.0,96.8,0,5,1,209,0,0,0,209,105,105,209,0,104,0
Nick Vannett,10728,TE,TEN,11,74.1,0,31,56.0,49.9,48.9,1,2,39,35.1,36.5,91.0,1,5,2,209,0,0,2,282,42,115,0,4,167,261
Dawson Knox,35883,TE,BUF,11,49.6,1,4,53.7,75.4,55.1,0,1,17,8.0,7.8,97.1,3,1,0,209,0,0,0,421,18,230,0,0,191,280
Tyler Conklin,47124,TE,NYJ,11,36.1,0,22,55.9,76.9,40.8,0,0,20,5.4,5.7,100.0,1,0,0,208,0,0,0,576,22,389,0,0,186,303
Mo Alie-Cox,12078,TE,IND,12,63.7,0,14,66.0,71.5,67.9,0,0,49,31.0,31.4,100.0,1,0,0,207,0,0,0,325,54,172,0,2,153,282
Justin Dedich,83018,G,LA,4,100.0,0,26,56.6,43.6,59.7,2,5,104,100.0,100.0,96.6,1,7,0,205,0,205,0,205,115,115,0,0,90,0
Daniel Jones,39395,QB,NYG,10,30.0,0,21,72.0,,60.0,0,0,0,0.0,0.0,,5,0,0,202,0,0,0,674,0,419,0,0,202,0
Jameson Williams,101701,WR,DET,9,42.0,0,11,74.4,,57.0,0,0,0,0.0,0.0,,1,0,0,202,0,0,0,481,0,273,0,0,202,0
Calvin Ridley,48262,WR,TEN,11,34.7,1,31,69.2,,52.4,0,0,0,0.0,0.0,,2,0,0,201,0,0,0,579,0,374,0,0,201,0
Darius Slayton,25578,WR,NYG,10,35.0,0,21,65.2,70.3,54.9,0,0,2,0.6,0.5,100.0,4,0,0,200,0,0,0,571,2,372,0,0,198,8
Jonah Jackson,37070,C,LA,3,100.0,0,26,53.4,53.4,51.5,2,5,132,100.0,100.0,97.3,0,7,0,200,107,93,0,200,135,135,0,0,65,0
Tyler Steen,81921,G,PHI,8,100.0,0,24,51.9,66.6,55.9,0,4,84,100.0,100.0,97.6,3,4,0,199,0,33,0,199,89,89,165,0,110,1
Scott Matlock,82482,DI,LAC,11,86.8,0,27,41.5,61.8,38.9,0,1,37,56.1,55.9,98.6,1,1,0,198,0,0,0,228,38,68,0,0,160,70
Rashod Bateman,84296,WR,BLT,12,35.1,2,3,66.9,,39.7,0,0,0,0.0,0.0,,3,0,0,198,0,0,0,564,0,366,0,0,198,0
Kyle Juszczyk,7912,FB,SF,11,52.3,0,28,60.3,75.3,63.3,0,1,25,13.0,12.8,98.0,2,1,0,197,0,0,0,377,26,203,0,0,171,139
Michael Wilson,84423,WR,ARZ,11,38.3,1,1,65.3,66.2,48.9,0,0,1,0.3,0.3,100.0,2,0,0,196,0,0,0,512,1,317,0,0,195,0
Colby Parkinson,52266,TE,LA,11,43.7,0,26,64.2,74.0,54.3,0,0,29,10.9,11.6,96.6,3,1,1,195,0,0,0,446,33,284,0,0,162,345
Logan Bruss,60251,G,TEN,3,100.0,0,31,44.8,7.2,63.3,3,5,107,100.0,100.0,94.4,0,10,2,195,0,195,0,195,115,115,0,0,80,0
Isaiah Likely,83955,TE,BLT,11,46.2,2,3,72.8,35.2,64.7,0,1,11,5.0,4.6,95.5,3,1,0,194,0,0,1,420,11,237,0,0,183,195
Brock Bowers,146715,TE,LV,11,32.9,0,23,83.1,44.0,57.3,0,0,23,5.9,6.0,100.0,0,0,0,193,0,0,0,587,25,417,0,0,168,219
David Andrews,9948,C,NE,4,100.0,2,19,58.7,60.0,60.1,0,4,100,100.0,100.0,97.0,2,5,1,193,193,0,0,193,105,105,0,0,88,0
Mike Jerrell,183057,T,SEA,4,100.0,1,29,43.8,49.1,53.6,2,8,112,100.0,100.0,92.0,6,14,4,192,0,0,2,192,123,123,0,190,69,0
Chris Hubbard,8051,T,NYG,3,100.0,0,21,45.0,23.3,73.1,9,9,111,100.0,100.0,89.2,1,21,3,192,0,1,189,192,124,124,0,0,68,2
Leroy Watson,98723,T,TEN,4,100.0,1,31,35.1,37.8,50.0,1,7,93,100.0,100.0,94.6,8,9,1,191,0,0,0,191,100,100,0,191,91,0
Andrew Ogletree,138351,TE,IND,12,71.0,0,14,66.2,69.6,69.3,0,0,36,33.0,34.5,100.0,1,0,0,191,0,0,0,269,41,119,0,0,150,212
Marvin Harrison Jr.,145056,WR,ARZ,11,37.4,0,1,78.4,,55.1,0,0,0,0.0,0.0,,0,0,0,190,0,0,0,508,0,318,0,0,190,0
Cade Stover,101486,TE,HST,12,61.9,0,13,52.2,21.9,62.7,1,5,27,19.4,20.9,85.2,3,7,1,190,0,0,0,307,31,148,0,0,159,207
Rome Odunze,73774,WR,CHI,11,29.6,0,6,63.8,62.3,48.4,0,0,1,0.2,0.2,100.0,1,0,0,188,0,0,0,635,1,446,0,0,187,0
Justin Watson,66915,WR,KC,11,39.0,0,16,53.0,36.3,50.8,0,1,1,0.4,0.3,50.0,0,1,0,188,0,0,0,482,1,295,0,0,187,17
Nate Adkins,87625,TE,DEN,12,67.5,0,10,49.9,60.3,53.1,1,2,24,22.4,22.4,93.7,1,3,0,187,0,0,1,277,26,116,0,0,161,200
Gardner Minshew,41401,QB,LV,10,33.0,0,23,60.7,,60.2,0,0,0,0.0,0.0,,1,0,0,186,0,0,0,564,0,370,0,0,186,0
Jordan Morgan,98652,G,GB,6,100.0,0,12,59.2,61.5,56.2,3,4,95,100.0,100.0,96.3,1,7,0,186,0,65,0,186,104,104,120,0,82,1
Austin Hooper,10715,TE,NE,12,47.7,0,19,71.8,66.6,62.8,0,1,14,6.9,7.3,96.4,0,1,0,186,0,0,0,390,16,220,0,0,170,302
Thayer Munford Jr.,59994,T,LV,7,98.9,0,23,46.0,46.3,44.7,3,2,116,98.3,98.4,93.5,0,10,5,185,0,0,37,187,121,123,0,125,64,23
Cade Mays,81995,C,CAR,4,100.0,0,5,65.6,78.1,66.1,1,1,106,100.0,100.0,99.1,2,2,0,185,185,0,0,185,113,113,0,0,72,0
Durham Smythe,47257,TE,MIA,11,70.2,0,17,42.6,50.8,52.1,1,1,24,23.5,26.4,95.8,3,2,0,184,0,0,0,262,28,106,0,0,156,154
Charlie Kolar,60917,TE,BLT,12,79.2,0,3,70.1,53.8,61.5,0,1,15,26.3,25.4,96.7,2,1,0,183,0,0,7,231,16,63,0,4,167,202
Dallas Goedert,47272,TE,PHI,8,46.7,1,24,61.5,48.6,49.7,0,0,3,1.5,2.3,100.0,2,0,0,183,0,0,0,392,5,214,0,0,178,240
Jalen Tolbert,61637,WR,DAL,11,28.3,0,9,58.9,,44.4,0,0,0,0.0,0.0,,2,0,0,183,0,0,0,647,0,464,0,0,183,0
Will Dissly,30762,TE,LAC,11,44.7,0,27,71.7,70.4,62.2,1,2,23,10.0,9.2,93.5,3,3,0,183,0,0,0,409,23,249,0,0,160,265
AJ Barner,129433,TE,SEA,11,49.5,0,29,59.7,66.6,59.2,0,0,18,9.5,11.0,100.0,3,0,0,183,0,0,0,370,23,210,0,0,160,218
Trevor Lawrence,77632,QB,JAX,9,35.4,0,15,80.3,,60.0,0,0,0,0.0,0.0,,1,0,0,183,0,0,0,517,0,321,0,0,183,0
Lil'Jordan Humphrey,42247,WR,DEN,12,42.7,1,10,56.9,65.5,50.4,0,1,4,1.7,2.0,87.5,3,1,0,183,0,0,0,429,5,251,0,0,178,7
Chris Manhertz,10211,TE,NYG,11,85.8,0,21,65.5,76.1,57.9,0,2,54,65.9,65.5,98.1,1,2,0,182,0,0,5,212,57,87,0,0,125,196
Juwan Johnson,28305,TE,NO,11,43.1,0,20,66.9,21.4,53.4,2,1,19,7.9,7.7,92.1,2,3,0,181,0,0,0,420,20,259,0,0,161,262
Malik Nabers,146759,WR,NYG,9,33.0,0,21,79.3,,54.9,0,0,0,0.0,0.0,,2,0,0,181,0,0,0,549,0,364,0,0,181,4
Jerry Jeudy,61103,WR,CLV,11,27.2,0,8,69.8,,60.0,0,0,0,0.0,0.0,,5,0,0,181,0,0,0,666,0,484,0,0,181,6
Mark Andrews,47436,TE,BLT,12,40.0,0,3,81.1,53.5,64.2,1,2,17,6.5,6.6,91.2,1,3,0,181,0,0,6,453,19,290,0,1,162,104
Tim Patrick,12087,WR,DET,10,51.3,0,11,69.0,67.3,63.5,0,0,2,1.2,1.1,100.0,0,0,0,181,0,0,0,353,2,174,0,0,179,0
Ja'Marr Chase,84270,WR,CIN,11,27.7,0,7,81.6,,63.5,0,0,0,0.0,0.0,,1,0,0,180,0,0,0,649,0,468,0,0,180,2
Charlie Woerner,42257,TE,ATL,10,79.9,0,2,67.8,68.0,73.6,0,0,23,34.8,35.7,100.0,0,0,0,179,0,0,0,224,25,70,0,0,154,161
Andrei Iosivas,109811,WR,CIN,11,31.5,0,7,52.4,65.7,38.6,0,0,0,0.0,0.3,,0,0,0,179,0,0,0,568,1,390,0,0,178,5
Johnny Mundt,12206,TE,MIN,11,49.2,2,18,51.4,65.3,50.6,0,0,13,7.3,7.1,100.0,4,0,0,176,0,0,0,358,14,196,0,0,162,238
Jamaree Salyer,81656,G,LAC,8,100.0,0,27,51.2,36.3,61.4,1,4,75,100.0,100.0,95.3,2,6,1,176,0,0,57,176,79,79,117,1,97,1
Nelson Agholor,9453,WR,BLT,12,47.7,0,3,64.9,51.5,53.3,0,0,1,0.6,0.5,100.0,1,0,0,173,0,0,0,363,1,191,0,0,172,16
Chigoziem Okonkwo,84000,TE,TEN,11,39.7,0,31,50.3,61.5,35.0,0,1,17,6.5,6.8,97.1,3,1,0,172,0,0,0,433,19,280,0,0,153,204
Nick Westbrook-Ikhine,47861,WR,TEN,11,42.1,0,31,65.4,73.9,43.8,0,0,1,0.4,0.8,100.0,1,0,0,172,0,0,0,409,2,239,0,0,170,0
CeeDee Lamb,61570,WR,DAL,11,27.1,0,9,75.7,67.1,63.2,0,0,0,0.0,0.2,,6,0,0,171,0,0,0,632,1,449,0,0,170,1
Brenton Strange,101694,TE,JAX,11,52.6,0,15,66.6,68.1,64.2,0,2,27,15.3,16.3,96.3,1,2,0,171,0,0,0,325,30,184,0,1,141,188
Xavier Legette,99197,WR,CAR,11,36.2,0,5,61.8,46.2,54.4,0,1,2,0.7,0.7,75.0,0,1,0,169,0,0,0,467,2,295,0,0,167,0
Zach Ertz,7816,TE,WAS,12,31.2,0,32,62.9,59.0,42.2,0,0,8,2.2,2.4,100.0,4,0,0,169,0,0,0,541,9,381,0,2,160,208
Tre Tucker,101106,WR,LV,11,27.2,0,23,58.2,66.2,47.3,0,0,1,0.2,0.2,100.0,1,0,0,168,0,0,0,617,1,444,0,0,167,1
Luke Farrell,42353,TE,JAX,11,73.7,0,15,61.3,82.8,65.4,0,0,28,32.6,34.8,100.0,1,0,0,168,0,0,1,228,32,92,0,0,136,218
Tua Tagovailoa,60326,QB,MIA,7,38.2,1,17,71.2,,60.0,0,0,0,0.0,0.0,,1,0,0,168,0,0,0,440,0,265,0,0,168,0
Jordan Addison,123000,WR,MIN,9,35.2,0,18,70.9,67.4,51.4,0,0,1,0.4,0.3,100.0,3,0,0,167,0,0,0,475,1,306,0,0,166,0
Christian Watson,66581,WR,GB,10,45.2,0,12,70.3,,53.7,0,0,0,0.0,0.0,,1,0,0,166,0,0,0,367,0,198,0,0,166,12
Alex Palczewski,59738,T,DEN,5,100.0,0,10,65.0,66.7,64.3,1,1,87,100.0,100.0,97.7,1,3,1,166,0,0,0,166,97,97,0,163,69,3
Kyle Pitts,83964,TE,ATL,11,33.3,0,2,63.7,31.2,42.0,0,1,17,5.3,5.7,91.2,3,2,1,166,0,0,0,498,20,352,0,0,146,258
Jahan Dotson,84375,WR,PHI,11,37.8,1,24,54.5,,53.1,0,0,0,0.0,0.0,,1,0,0,165,0,0,0,437,0,272,0,0,165,0
Christian Haynes,77339,G,SEA,8,100.0,0,29,50.4,51.9,52.4,0,5,102,100.0,100.0,96.6,2,6,1,164,0,0,0,164,113,113,164,0,51,0
Mack Hollins,11873,WR,BUF,11,36.0,0,4,57.0,62.4,40.9,0,0,1,0.4,0.3,100.0,1,0,0,164,0,0,0,455,1,292,0,0,163,41
Xavier Hutchinson,122518,WR,HST,12,45.0,0,13,54.7,,54.8,0,0,0,0.0,0.0,,0,0,0,163,0,0,0,362,0,199,0,0,163,0
Erik McCoy,37347,C,NO,4,100.0,0,20,94.6,80.6,93.0,1,0,67,100.0,100.0,99.3,1,1,0,163,163,0,0,163,72,72,0,0,91,0
Kingsley Suamataia,146558,T,KC,6,100.0,0,16,36.8,32.6,43.1,5,5,98,100.0,100.0,91.8,3,13,3,162,0,0,160,162,106,106,0,0,56,2
Keenan Allen,7857,WR,CHI,9,31.6,0,6,60.4,67.5,35.5,0,0,2,0.6,0.8,100.0,2,0,0,162,0,0,0,512,3,353,0,0,159,0
Jayden Reed,78171,WR,GB,11,35.4,0,12,72.6,66.2,65.3,0,0,1,0.4,0.4,100.0,0,0,0,161,0,0,0,455,1,284,0,0,160,6
Elijah Moore,84302,WR,CLV,11,28.9,0,8,56.4,65.8,47.1,0,0,1,0.3,0.3,100.0,1,0,0,161,0,0,0,558,1,398,0,0,160,0
Elijah Higgins,98027,TE,ARZ,11,58.8,0,1,64.5,44.9,58.0,0,0,5,4.3,4.2,100.0,2,0,0,161,0,0,0,274,5,118,0,0,156,172
Kayshon Boutte,124087,WR,NE,10,32.6,1,19,55.8,,37.5,0,0,0,0.0,0.0,,3,0,0,161,0,0,0,494,0,333,0,0,161,9
Eric Saubert,11929,TE,SF,11,59.1,1,28,46.5,34.1,54.5,1,1,13,11.2,12.0,92.3,4,2,0,159,0,0,0,269,15,125,0,0,144,186
Adam Prentice,35639,FB,NO,11,79.5,0,20,52.9,54.0,56.6,0,0,22,36.1,34.9,95.5,0,1,1,159,0,0,0,200,22,63,0,0,137,30
Noah Brown,11993,WR,WAS,10,36.7,0,32,70.1,,55.9,0,0,0,0.0,0.0,,0,0,0,158,0,0,0,431,0,273,0,0,158,0
Matt Peart,46179,T,DEN,12,98.1,1,10,68.0,72.5,61.3,0,6,83,96.5,96.7,96.4,1,6,0,158,0,0,24,161,87,90,0,85,71,51
Jaxon Smith-Njigba,129758,WR,SEA,11,25.2,0,29,78.2,,31.2,0,0,0,0.0,0.0,,1,0,0,157,0,0,0,623,0,465,0,0,157,0
Jack Stoll,42058,TE,MIA,7,77.6,0,17,46.2,63.8,53.0,0,1,14,25.0,23.7,96.4,1,1,0,156,0,0,2,201,14,59,0,4,142,155
Ladd McConkey,124030,WR,LAC,11,31.5,0,27,80.2,,53.2,0,0,0,0.0,0.0,,1,0,0,156,0,0,0,496,0,340,0,0,156,6
Wan'Dale Robinson,101735,WR,NYG,11,28.3,0,21,62.1,,57.3,0,0,0,0.0,0.0,,2,0,0,155,0,0,0,548,0,392,0,0,155,0
Russell Wilson,7077,QB,PIT,5,44.7,0,25,75.5,,60.0,0,0,0,0.0,0.0,,0,0,0,155,0,0,0,347,0,180,0,0,155,0
Michael Dunn,39676,G,CLV,5,100.0,0,8,43.0,29.0,52.0,2,2,90,100.0,100.0,95.6,2,6,2,153,57,0,0,153,99,99,87,0,54,9
Ryan McCollum,41974,C,PIT,4,100.0,0,25,50.3,41.5,52.2,1,3,71,100.0,100.0,97.2,2,4,0,153,152,0,0,153,75,75,0,0,78,1
Ben Sinnott,122616,TE,WAS,12,67.4,0,32,56.0,80.4,67.8,0,0,12,15.0,14.9,100.0,3,0,0,153,0,0,0,227,13,87,0,1,140,149
Sidy Sow,59675,G,NE,8,100.0,0,19,29.5,17.0,44.4,2,6,94,100.0,100.0,94.7,1,9,1,151,0,75,0,151,101,101,41,19,50,9
Jakobi Meyers,47468,WR,LV,9,28.3,0,23,74.7,66.3,40.3,0,0,1,0.3,0.3,100.0,2,0,0,151,0,0,0,534,1,382,0,0,150,1
Justin Fields,82118,QB,PIT,8,36.9,0,25,70.9,,60.0,0,0,0,0.0,0.0,,4,0,0,150,0,0,0,406,0,214,0,0,150,0
Dak Prescott,10769,QB,DAL,8,29.8,0,9,67.9,,60.0,0,0,0,0.0,0.0,,3,0,0,149,0,0,0,500,0,344,0,0,149,0
Alec Ingold,34934,FB,MIA,9,67.4,0,17,48.2,64.3,59.9,0,1,11,15.7,17.1,95.5,1,1,0,149,0,0,0,221,13,76,0,0,136,29
Gabe Davis,55410,WR,JAX,10,36.1,1,15,52.5,55.6,43.8,0,1,2,0.8,0.8,75.0,4,1,0,148,0,0,0,410,2,264,0,0,146,6
Jeremy Ruckert,84029,TE,NYJ,11,60.4,0,22,57.0,81.4,44.5,0,0,18,15.9,17.1,100.0,0,0,0,148,0,0,0,245,20,117,0,0,128,171
Keon Coleman,144949,WR,BUF,9,38.1,2,4,69.2,,59.8,0,0,0,0.0,0.0,,4,0,0,147,0,0,0,386,0,239,0,0,147,0
Ja'Tavion Sanders,144717,TE,CAR,11,39.7,0,5,57.6,51.8,57.1,0,0,22,9.4,9.3,95.5,4,1,1,147,0,0,0,370,23,246,0,0,124,207
Brian Thomas Jr.,146760,WR,JAX,11,31.4,0,15,79.6,,52.8,0,0,0,0.0,0.0,,2,0,0,147,0,0,0,468,0,317,0,0,147,0
Kayode Awosika,44909,G,DET,5,100.0,1,11,51.3,59.4,52.5,1,5,63,100.0,100.0,95.2,3,6,0,145,0,52,3,145,65,65,90,0,80,0
Dontayvion Wicks,99711,WR,GB,11,43.5,0,12,57.3,,57.6,0,0,0,0.0,0.0,,1,0,0,145,0,0,0,333,0,188,0,0,145,8
Dalton Kincaid,91791,TE,BUF,10,37.8,0,4,74.9,69.8,66.5,0,0,8,3.5,3.2,100.0,0,0,0,145,0,0,0,384,8,247,0,0,137,158
Anthony Richardson,124393,QB,IND,8,34.5,1,14,60.4,,60.0,0,0,0,0.0,0.0,,3,0,0,145,0,0,0,420,0,229,0,0,145,0
Will Levis,83542,QB,TEN,8,33.4,0,31,56.1,,60.0,0,0,0,0.0,0.0,,3,0,0,145,0,0,0,434,0,272,0,0,145,0
Dalton Risner,47008,G,MIN,2,100.0,0,18,49.7,56.4,46.1,1,6,75,100.0,100.0,95.3,0,7,0,144,0,0,0,144,84,84,144,0,60,0
Quentin Johnston,123085,WR,LAC,9,37.4,0,27,61.9,,50.2,0,0,0,0.0,0.0,,1,0,0,144,0,0,0,385,0,237,0,0,144,0
Nate Davis,46808,G,CHI,5,100.0,0,6,53.6,69.2,53.7,0,5,82,100.0,100.0,95.7,3,6,1,142,0,0,0,142,93,93,142,0,49,0
Joshua Palmer,62979,WR,LAC,10,33.3,1,27,65.9,,58.9,0,0,0,0.0,0.0,,2,0,0,142,0,0,0,427,0,285,0,0,142,5
Stefon Diggs,9579,WR,HST,8,32.6,0,13,79.0,,53.3,0,0,0,0.0,0.0,,2,0,0,140,0,0,0,430,0,288,0,0,140,1
Yosh Nijman,60822,T,CAR,3,100.0,0,5,57.9,62.8,49.8,2,3,85,100.0,100.0,95.9,1,6,1,140,0,0,0,140,90,90,0,140,50,0
Kyren Williams,97118,HB,LA,11,22.0,0,26,63.1,37.1,57.6,1,11,111,29.7,30.3,93.7,0,13,1,139,0,0,0,633,121,400,0,0,18,0
Calvin Austin III,61418,WR,PIT,11,37.0,0,25,63.8,,46.1,0,0,0,0.0,0.0,,0,0,0,139,0,0,0,376,0,237,0,0,139,0
Trent Brown,9677,T,CIN,3,100.0,0,7,65.2,64.2,68.4,0,4,92,100.0,100.0,96.7,1,5,1,139,0,0,0,139,98,98,0,139,41,0
Chris Godwin,11839,WR,TB,7,34.8,0,30,86.3,71.5,62.7,0,0,7,2.8,2.6,100.0,0,0,0,138,0,0,0,397,7,265,0,0,131,0
Josh Whyle,54037,TE,TEN,11,53.3,0,31,62.2,60.4,51.5,0,1,23,16.7,16.1,97.8,2,1,0,137,0,0,0,257,23,143,0,2,114,162
Josh Downs,122832,WR,IND,10,34.1,0,14,87.8,,63.8,0,0,0,0.0,0.0,,2,0,0,137,0,0,0,402,0,265,0,0,137,0
D.K. Metcalf,47864,WR,SEA,9,26.0,1,29,73.4,,45.4,0,0,0,0.0,0.0,,5,0,0,137,0,0,0,526,0,389,0,0,137,3
Tank Dell,78874,WR,HST,11,25.9,0,13,69.0,,45.1,0,0,0,0.0,0.0,,1,0,0,137,0,0,0,528,0,383,0,0,137,0
Deebo Samuel,48274,WR,SF,10,30.4,1,28,72.4,,47.9,0,0,0,0.0,0.0,,3,0,0,137,0,0,0,450,0,286,0,0,137,5
Ja'Lynn Polk,123153,WR,NE,11,36.0,0,19,43.4,74.3,31.3,0,0,2,0.9,0.8,100.0,4,0,0,137,0,0,0,381,2,245,0,0,135,1
Drew Dalman,52270,C,ATL,3,100.0,0,2,78.9,50.0,84.5,1,3,67,100.0,100.0,95.5,0,5,1,136,136,0,0,136,77,77,0,0,59,0
MyCole Pruitt,9576,TE,PIT,6,76.4,0,25,48.2,83.1,49.9,0,0,17,32.7,30.0,100.0,0,0,0,136,0,0,0,178,18,60,0,0,118,144
Evan Neal,99063,T,NYG,4,100.0,0,21,73.4,56.7,86.3,1,1,82,100.0,100.0,97.6,0,3,1,136,0,0,0,136,88,88,0,134,48,2
Cedric Tillman,84434,WR,CLV,11,31.0,2,8,63.6,70.7,39.5,0,1,5,1.8,1.7,90.0,2,1,0,134,0,0,0,432,5,302,0,0,129,0
Jacoby Brissett,10725,QB,NE,6,39.5,0,19,59.4,,60.2,0,0,0,0.0,0.0,,2,0,0,134,0,0,0,339,0,198,0,0,134,0
Drake Maye,143969,QB,NE,8,30.5,0,19,71.3,,60.0,0,0,0,0.0,0.0,,1,0,0,134,0,0,0,440,0,304,0,0,134,0
Alec Anderson,81882,C,BUF,11,96.4,0,4,73.6,74.3,76.7,1,0,29,85.3,86.8,98.3,3,1,0,134,8,20,5,139,33,38,8,0,101,98
Larry Borom,59879,T,CHI,2,100.0,0,6,52.4,62.4,40.5,0,5,91,100.0,100.0,92.9,2,9,4,134,0,0,133,134,96,96,0,0,38,1
Dan Skipper,12307,T,DET,9,96.4,0,11,51.9,44.1,54.7,1,3,48,90.6,90.9,93.7,0,5,1,133,0,0,100,138,50,55,0,0,83,37
Trent Scott,24481,T,WAS,10,99.3,0,32,51.8,53.5,49.5,1,3,80,98.8,98.9,97.5,3,4,0,133,0,0,31,134,87,88,0,94,46,9
Jauan Jennings,48027,WR,SF,9,33.1,0,28,84.8,62.4,67.2,0,0,1,0.4,0.4,100.0,3,0,0,133,0,0,0,402,1,270,0,0,132,0
Brandon Aiyuk,84109,WR,SF,7,37.0,1,28,74.6,,62.0,0,0,0,0.0,0.0,,1,0,0,132,0,0,0,357,0,225,0,0,132,0
Davante Adams,8688,WR,NYJ,8,29.9,0,22,64.8,,40.1,0,0,0,0.0,0.0,,0,0,0,132,0,0,0,441,0,309,0,0,132,0
Hunter Long,60859,TE,LA,11,72.4,1,26,61.9,67.2,66.5,0,0,17,26.2,26.5,100.0,4,0,0,131,0,0,0,181,18,68,0,0,113,157
Dyami Brown,77986,WR,WAS,12,43.6,0,32,67.2,66.3,59.0,0,0,1,0.6,0.6,100.0,3,0,0,130,0,0,0,298,1,168,0,0,129,0
Diontae Johnson,33441,WR,BLT,11,34.4,0,3,66.1,,58.7,0,0,0,0.0,0.0,,1,0,0,129,0,0,0,375,0,244,0,0,129,0
Olusegun Oluwatimi,98581,C,SEA,4,100.0,0,29,71.4,57.6,74.8,0,1,75,100.0,100.0,99.3,0,1,0,128,124,0,0,128,78,78,0,0,50,4
Asim Richards,99674,T,DAL,7,100.0,0,9,62.0,69.2,49.9,1,3,76,100.0,100.0,96.1,1,5,1,128,0,1,124,128,81,81,0,0,47,3
Amari Cooper,9437,WR,BUF,9,28.7,0,4,66.6,,54.2,0,0,0,0.0,0.0,,3,0,0,127,0,0,0,442,0,315,0,0,127,1
David Njoku,11784,TE,CLV,8,31.4,0,8,64.0,75.8,55.8,0,0,7,2.6,2.8,100.0,2,0,0,127,0,0,0,405,8,286,0,0,119,255
Marcedes Lewis,2973,TE,CHI,11,83.4,0,6,45.3,80.8,60.1,0,0,15,39.5,41.9,100.0,3,0,0,126,0,0,0,151,18,43,0,0,108,142
Demario Douglas,104155,WR,NE,12,27.1,0,19,71.5,67.4,57.3,0,0,1,0.3,0.3,100.0,1,0,0,125,0,0,0,462,1,337,0,0,124,0
Johnny Wilson,76366,WR,PHI,11,56.1,0,24,51.4,82.4,58.0,0,0,2,2.2,2.0,100.0,3,0,0,124,0,0,0,221,2,99,0,0,122,9
Tyler Boyd,10689,WR,TEN,11,28.9,0,31,59.5,39.1,46.0,0,1,4,1.4,1.3,62.5,0,2,1,124,0,0,0,429,4,309,0,0,120,0
Erick All,52595,TE,CIN,9,53.2,0,7,59.9,77.7,47.6,0,0,14,11.6,11.5,100.0,0,0,0,123,0,0,0,231,14,122,0,0,109,115
Storm Norton,12188,T,ATL,5,99.2,0,2,63.4,50.0,70.3,0,3,65,100.0,98.6,97.7,0,3,0,122,0,0,20,123,73,74,0,102,49,0
C.J. Ham,11347,FB,MIN,11,70.9,0,18,57.8,83.8,62.9,0,1,30,41.7,40.0,98.3,0,1,0,122,0,0,0,172,32,80,0,0,90,24
Payne Durham,84037,TE,TB,10,74.8,0,30,59.3,82.3,60.5,0,0,14,25.5,28.1,100.0,1,0,0,122,0,0,1,163,16,57,0,1,106,125
Allen Lazard,48135,WR,NYJ,7,31.4,2,22,67.9,36.3,55.4,0,0,1,0.4,0.4,100.0,4,0,0,122,0,0,0,388,1,267,0,0,121,15
Mason Rudolph,46569,QB,TEN,4,43.2,0,31,59.8,,60.5,0,0,0,0.0,0.0,,2,0,0,121,0,0,0,280,0,152,0,0,121,0
Xavier Worthy,144718,WR,KC,11,24.8,0,16,60.2,,63.9,0,0,0,0.0,0.0,,1,0,0,120,0,0,0,483,0,355,0,0,120,0
Luke McCaffrey,101634,WR,WAS,12,36.4,0,32,53.6,65.8,41.4,0,0,1,0.5,0.5,100.0,0,0,0,120,0,0,0,330,1,211,0,0,119,0
Tyler Johnson,48054,WR,LA,11,42.2,0,26,68.2,73.5,56.9,0,0,4,2.5,2.4,100.0,1,0,0,119,0,0,0,282,4,167,0,0,115,8
Cooper Kupp,11824,WR,LA,7,31.1,0,26,74.8,65.3,57.9,0,0,1,0.4,0.4,100.0,0,0,0,118,0,0,0,379,1,260,0,0,117,1
Nick Leverett,27699,C,NE,3,100.0,0,19,38.1,19.8,53.6,4,5,71,100.0,100.0,92.3,2,10,1,117,115,0,0,117,77,77,0,0,40,1
Bryce Young,123943,QB,CAR,8,33.4,0,5,61.8,,60.0,0,0,0,0.0,0.0,,5,0,0,117,0,0,0,350,0,230,0,0,117,0
Tyler Lockett,9502,WR,SEA,11,21.6,0,29,70.2,,58.8,0,0,0,0.0,0.0,,1,0,0,116,0,0,0,538,0,422,0,0,116,1
Kylen Granson,40630,TE,IND,12,40.1,0,14,53.2,77.8,61.7,0,0,8,4.7,4.4,100.0,1,0,0,116,0,0,0,289,8,181,0,0,108,160
Jake Ferguson,61081,TE,DAL,9,28.9,1,9,57.0,34.9,53.4,0,0,9,3.3,3.7,100.0,5,0,0,116,0,0,0,402,11,297,0,0,105,173
Germain Ifedi,10665,T,CLV,4,100.0,0,8,41.5,29.9,62.4,0,6,71,100.0,100.0,94.4,2,7,1,115,0,0,102,115,77,77,0,13,38,0
Connor Heyward,57301,TE,PIT,11,75.7,1,25,49.8,83.8,55.2,0,0,10,22.7,26.0,100.0,6,0,0,115,0,0,0,152,13,50,0,0,102,52
Andy Dalton,6187,QB,CAR,6,37.7,0,5,68.1,,60.0,0,0,0,0.0,0.0,,0,0,0,115,0,0,0,305,0,185,0,0,115,0
Deshaun Watson,11767,QB,CLV,7,27.7,0,8,63.1,,60.0,0,0,0,0.0,0.0,,2,0,0,115,0,0,0,415,0,290,0,0,115,0
Chris Olave,84355,WR,NO,8,36.2,0,20,82.4,39.9,55.1,0,1,1,0.5,0.5,50.0,0,1,0,114,0,0,0,315,1,202,0,0,113,0
Blake Fisher,147479,T,HST,5,100.0,0,13,46.5,35.5,53.3,5,4,68,100.0,100.0,91.9,0,10,1,114,0,0,44,114,71,71,0,68,43,2
Pharaoh Brown,12247,TE,SEA,9,67.1,0,29,49.8,33.8,56.8,1,0,15,22.1,25.7,96.7,4,1,0,112,0,0,0,167,19,74,0,1,93,136
David Moore,11981,WR,CAR,11,37.6,0,5,68.9,,55.7,0,0,0,0.0,0.0,,0,0,0,112,0,0,0,298,0,186,0,0,112,0
Jalen Nailor,84292,WR,MIN,11,30.1,1,18,59.5,,57.5,0,0,0,0.0,0.0,,3,0,0,112,0,0,0,372,0,257,0,0,112,0
Tommy Tremble,84025,TE,CAR,6,44.2,0,5,46.5,32.5,57.2,0,1,14,9.7,9.1,96.4,0,1,0,111,0,0,1,251,14,154,0,0,97,167
Simi Fehoko,84424,WR,LAC,8,45.5,0,27,55.2,,44.6,0,0,0,0.0,0.0,,0,0,0,111,0,0,0,244,0,133,0,0,111,0
Jonathan Mingo,97774,WR,DAL,11,32.7,0,9,48.4,,60.7,0,0,0,0.0,0.0,,0,0,0,110,0,0,0,336,0,224,0,0,110,0
Jonnu Smith,11855,TE,MIA,11,29.3,2,17,77.8,68.0,42.6,1,1,20,7.3,8.0,95.0,3,2,0,110,0,0,0,376,23,287,0,0,87,109
Luke Schoonmaker,84005,TE,DAL,11,47.0,2,9,60.3,36.8,41.7,0,2,14,10.9,10.1,92.9,2,2,0,110,0,0,2,234,14,138,0,0,96,145
Cedrick Wilson Jr.,48170,WR,NO,9,48.4,0,20,60.9,74.3,42.5,0,0,2,1.8,1.7,100.0,0,0,0,108,0,0,0,223,2,117,0,0,106,0
DeAndre Hopkins,7808,WR,KC,11,30.5,1,16,78.1,,57.0,0,0,0,0.0,0.0,,1,0,0,108,0,0,0,354,0,246,0,0,108,0
Mike Evans,8642,WR,TB,8,31.9,0,30,76.9,,77.2,0,0,0,0.0,0.0,,0,0,0,108,0,0,0,339,0,231,0,0,108,0
Brock Hoffman,54535,G,DAL,6,100.0,0,9,61.8,65.0,63.8,0,1,60,100.0,100.0,99.2,1,1,0,108,1,19,0,108,64,64,88,0,44,0
Christian Kirk,47546,WR,JAX,8,31.8,0,15,67.9,,48.7,0,0,0,0.0,0.0,,0,0,0,107,0,0,0,337,0,230,0,0,107,1
Chandler Zavala,144009,G,CAR,7,100.0,0,5,61.5,80.3,64.2,0,1,47,100.0,100.0,98.9,2,1,0,106,0,91,0,106,51,51,0,0,55,15
Abraham Lucas,60218,T,SEA,2,100.0,2,29,60.7,70.6,61.6,0,3,65,100.0,100.0,96.2,2,4,1,106,0,0,0,106,68,68,0,106,38,0
Ben Sims,77918,TE,GB,11,69.1,0,12,63.5,66.3,61.8,0,0,1,2.1,2.1,100.0,0,0,0,105,0,0,0,152,1,48,0,0,104,133
Bo Melton,61610,WR,GB,11,62.9,0,12,63.3,,57.0,0,0,0,0.0,0.0,,2,0,0,105,0,0,0,167,0,56,0,0,105,4
Ryan Bates,28300,G,CHI,3,100.0,0,6,60.1,48.8,62.8,1,1,66,100.0,100.0,97.0,0,3,1,105,0,7,0,105,68,68,98,0,37,0
Harrison Bryant,26394,TE,LV,8,62.9,0,23,63.2,38.8,54.8,0,3,18,23.4,25.3,91.7,0,3,0,105,0,0,1,167,21,83,0,0,84,119
Saquon Barkley,45791,HB,PHI,11,18.9,0,24,86.8,58.8,57.5,1,2,44,17.3,17.3,92.0,1,5,2,104,0,0,0,549,46,266,0,0,58,0
Jake Bobo,77997,WR,SEA,11,46.2,0,29,55.4,65.7,54.6,0,0,1,0.9,0.8,100.0,2,0,0,104,0,0,0,225,1,122,0,0,103,5
Marquez Valdes-Scantling,47809,WR,NO,9,43.3,0,20,66.8,,65.1,0,0,0,0.0,0.0,,0,0,0,104,0,0,0,240,0,136,0,0,104,5
Justice Hill,45865,HB,BLT,12,29.8,0,3,77.0,60.2,52.2,0,5,57,23.9,22.3,92.1,1,7,2,104,0,0,0,349,58,260,0,0,46,2
Joe Flacco,4332,QB,IND,6,33.3,1,14,65.5,,60.0,0,0,0,0.0,0.0,,2,0,0,104,0,0,0,312,0,203,0,0,104,0
Jake Hanson,28148,G,NYJ,3,100.0,0,22,69.9,26.3,83.5,1,1,57,100.0,100.0,93.0,0,5,3,103,0,0,0,103,62,62,103,0,41,0
Tutu Atwell,77965,WR,LA,11,34.9,0,26,73.2,,58.4,0,0,0,0.0,0.0,,1,0,0,102,0,0,0,292,0,188,0,0,102,0
Olamide Zaccheaus,44920,WR,WAS,12,36.8,0,32,67.1,,62.9,0,0,0,0.0,0.0,,2,0,0,102,0,0,0,277,0,175,0,0,102,0
Robert Woods,7822,WR,HST,10,45.1,0,13,61.1,74.6,61.0,0,0,2,1.7,1.6,100.0,1,0,0,101,0,0,0,224,2,125,0,0,99,1
Malik Willis,60341,QB,GB,5,61.2,0,12,77.4,,60.0,0,0,0,0.0,0.0,,2,0,0,101,0,0,0,165,0,56,0,0,101,0
Jordan Whittington,97623,WR,LA,8,49.8,0,26,77.2,78.9,73.3,0,0,5,5.0,5.7,100.0,0,0,0,100,0,0,0,201,6,106,0,0,94,3
Khalil Shakir,84140,WR,BUF,10,26.2,0,4,79.6,61.6,53.4,0,0,1,0.4,0.4,100.0,1,0,0,100,0,0,0,381,1,281,0,0,99,2
Ryan Van Demark,55113,T,BUF,5,100.0,0,4,60.7,58.6,59.2,0,2,52,100.0,100.0,98.1,0,2,0,100,0,0,19,100,55,55,0,80,45,1
Eric Tomlinson,9786,TE,LAC,8,79.2,0,27,37.4,78.0,52.9,0,0,12,31.6,31.6,100.0,2,0,0,99,0,0,0,125,12,38,0,3,87,113
Rashid Shaheed,63707,WR,NO,6,34.3,0,20,69.7,,54.8,0,0,0,0.0,0.0,,2,0,0,98,0,0,0,286,0,182,0,0,98,0
Joe Noteboom,46249,T,LA,2,100.0,0,26,49.3,30.8,67.5,0,7,69,100.0,100.0,92.0,0,9,2,97,0,0,27,97,70,70,0,70,27,0
Mason Tipton,109617,WR,NO,10,29.1,0,20,48.4,,62.9,0,0,0,0.0,0.0,,1,0,0,96,0,0,0,330,0,234,0,0,96,0
David Quessenberry,7957,T,MIN,3,100.0,0,18,58.9,55.9,57.8,2,3,48,100.0,100.0,92.7,0,6,1,96,0,0,93,96,53,53,0,3,43,0
K.J. Osborn,23503,WR,NE,7,41.6,0,19,54.0,,65.2,0,0,0,0.0,0.0,,2,0,0,96,0,0,0,231,0,135,0,0,96,4
DJ Turner,47663,WR,LV,11,27.6,0,23,53.2,69.0,53.3,0,0,0,0.0,0.4,,1,0,0,95,0,0,0,344,1,245,0,0,94,0
Javonte Williams,77803,HB,DEN,12,22.0,0,10,62.6,64.4,41.7,1,5,76,27.9,27.5,96.1,1,6,0,95,0,0,0,431,80,291,0,0,15,2
Jalen McMillan,131905,WR,TB,7,31.6,0,30,50.1,,34.4,0,0,0,0.0,0.0,,1,0,0,94,0,0,0,297,0,201,0,0,94,0
Davis Allen,99697,TE,LA,8,44.5,0,26,45.3,80.7,60.6,0,0,11,9.2,9.3,100.0,0,0,0,94,0,0,0,211,12,129,0,0,82,170
J.K. Dobbins,57366,HB,LAC,11,21.3,0,27,67.3,69.9,69.8,1,5,72,29.0,29.1,94.4,0,7,1,94,0,0,0,442,77,265,0,0,17,1
Gerald Everett,11799,TE,CHI,11,44.3,0,6,45.2,70.2,50.6,0,1,10,8.4,8.6,95.0,0,1,0,93,0,0,0,210,11,128,0,0,82,106
John Metchie III,97400,WR,HST,9,36.8,0,13,63.5,,41.8,0,0,0,0.0,0.0,,0,0,0,93,0,0,0,253,0,160,0,0,93,0
Sterling Shepard,10674,WR,TB,9,27.2,0,30,55.9,62.3,63.7,0,0,1,0.4,0.4,100.0,4,0,0,93,0,0,0,342,1,244,0,0,92,1
Shane Lemieux,28149,C,NO,2,100.0,0,20,53.3,39.0,56.3,0,3,47,100.0,100.0,96.8,0,3,0,93,93,0,0,93,50,50,0,0,43,0
Mike Williams,11762,WR,PIT,12,26.0,0,25,56.0,,38.7,0,0,0,0.0,0.0,,0,0,0,92,0,0,0,354,0,262,0,0,92,1
Isaiah Adams,158192,G,ARZ,5,100.0,0,1,68.9,50.2,71.4,0,5,50,100.0,100.0,95.0,0,5,0,92,0,18,0,92,52,52,74,0,40,0
Brevyn Spann-Ford,84006,TE,DAL,11,46.0,0,9,59.1,66.4,63.5,0,0,8,7.6,7.0,100.0,2,0,0,91,0,0,0,198,8,115,0,0,83,123
Trent Sherfield,48021,WR,MIN,11,67.4,0,18,68.0,65.7,47.9,0,0,1,2.3,2.2,100.0,1,0,0,91,0,0,0,135,1,45,0,0,90,2
Curtis Samuel,11795,WR,BUF,10,35.2,0,4,65.8,,62.6,0,0,0,0.0,0.0,,0,0,0,90,0,0,0,256,0,165,0,0,90,2
Jalen Brooks,111284,WR,DAL,10,30.1,0,9,55.0,,47.1,0,0,0,0.0,0.0,,0,0,0,90,0,0,0,299,0,209,0,0,90,0
Ashton Dulin,91479,WR,IND,12,56.0,0,14,54.9,70.4,42.0,0,0,2,3.3,3.0,100.0,2,0,0,89,0,0,0,159,2,67,0,0,87,15
Evan Engram,11778,TE,JAX,7,32.8,0,15,74.6,81.2,72.1,0,0,9,4.9,4.7,100.0,0,0,0,89,0,0,1,271,9,191,0,0,80,134
Noah Fant,42388,TE,SEA,8,25.9,0,29,62.8,49.6,44.6,0,2,16,6.6,5.9,93.7,0,2,0,89,0,0,0,343,16,270,0,0,73,134
Geoff Swaim,9679,TE,CLV,8,63.6,0,8,45.3,65.6,49.8,0,2,29,38.7,37.8,96.6,1,2,0,89,0,0,0,140,31,82,0,1,58,112
Nico Collins,61441,WR,HST,7,27.8,0,13,92.4,62.4,63.4,0,0,1,0.5,0.4,100.0,2,0,0,88,0,0,0,316,1,229,0,0,87,0
Nick Harris,46752,C,CLV,5,97.8,0,8,49.7,63.9,48.3,0,2,54,96.4,96.7,98.1,1,2,0,88,78,0,0,90,58,60,0,0,30,0
Olisaemeka Udoh,28394,T,NO,7,100.0,0,20,51.4,6.6,68.9,2,2,34,100.0,100.0,94.1,1,4,0,87,0,52,11,87,35,35,7,6,52,11
John Ojukwu,58530,T,TEN,5,100.0,1,31,52.7,63.6,42.0,0,5,51,100.0,100.0,93.1,1,6,1,86,0,0,0,86,54,54,0,75,32,9
Zach Thomas,43641,T,HST,7,100.0,0,13,60.1,56.4,59.5,0,2,53,100.0,100.0,94.3,0,4,2,86,0,21,55,86,55,55,0,0,31,10
Chris Conley,9509,WR,SF,9,50.0,0,28,50.9,66.8,69.5,0,0,1,1.2,1.1,100.0,1,0,0,86,0,0,0,172,1,87,0,0,85,1
Zach Charbonnet,97630,HB,SEA,11,24.6,0,29,68.3,70.3,65.6,0,3,59,25.3,26.6,95.8,0,4,1,85,0,0,0,346,68,256,0,0,17,7
Greg Dortch,42237,WR,ARZ,11,29.0,0,1,59.2,,62.1,0,0,0,0.0,0.0,,0,0,0,85,0,0,0,293,0,207,0,0,85,0
Jameis Winston,9434,QB,CLV,9,28.4,1,8,82.0,,60.0,0,0,0,0.0,0.0,,1,0,0,85,0,0,0,299,0,204,0,0,85,0
Jalin Hyatt,124282,WR,NYG,10,33.7,0,21,49.6,,47.3,0,0,0,0.0,0.0,,0,0,0,84,0,0,0,249,0,165,0,0,84,1
Austin Ekeler,12164,HB,WAS,11,22.5,0,32,64.9,28.2,55.6,0,3,38,16.0,16.5,90.8,0,5,2,84,0,0,0,373,42,255,0,0,42,1
Tyler Huntley,46448,QB,MIA,3,45.7,0,17,62.3,,60.0,0,0,0,0.0,0.0,,2,0,0,84,0,0,0,184,0,91,0,0,84,0
Tony Pollard,27126,HB,TEN,11,15.9,1,31,73.3,69.0,76.0,0,2,55,19.4,19.4,98.2,2,2,0,83,0,0,0,521,58,299,0,0,25,1
Patrick Paul,101019,T,MIA,5,100.0,1,17,53.0,61.6,51.9,1,2,37,100.0,100.0,93.2,1,4,1,83,0,0,80,83,42,42,0,2,41,0
Jake Curhan,38549,G,CHI,2,100.0,0,6,62.0,62.2,59.8,1,3,47,100.0,100.0,95.7,0,4,0,82,0,65,0,82,51,51,0,17,31,0
Devin Singletary,40485,HB,NYG,9,28.3,0,21,63.7,75.2,51.8,0,2,54,32.0,31.7,96.3,0,3,1,81,0,0,0,286,57,180,0,0,24,0
Teagan Quitoriano,84036,TE,HST,7,79.2,0,13,45.3,31.3,54.0,0,0,8,27.6,32.3,100.0,0,0,0,80,0,0,0,101,10,31,0,0,70,93
Jonah Williams,41651,T,ARZ,2,100.0,0,1,70.3,67.0,70.3,0,3,56,100.0,100.0,97.3,0,3,0,80,0,0,0,80,57,57,0,80,23,0
Breece Hall,97636,HB,NYJ,11,15.3,0,22,59.1,54.8,56.1,0,8,65,19.2,18.9,92.3,2,9,1,80,0,0,0,522,67,354,0,0,13,6
Daniel Bellinger,84041,TE,NYG,11,59.4,0,21,58.6,81.0,60.6,0,0,5,9.4,10.0,100.0,2,0,0,79,0,0,0,133,6,60,0,0,73,63
Tylan Wallace,61577,WR,BLT,12,64.2,0,3,82.5,28.9,80.2,0,0,0,0.0,0.0,,0,0,0,79,0,0,0,123,0,44,0,0,79,2
Robert Hainsey,59980,C,TB,3,100.0,0,30,71.5,81.0,73.0,0,0,41,100.0,100.0,100.0,1,0,0,79,76,0,0,79,45,45,0,0,34,3
Bijan Robinson,123126,HB,ATL,11,15.3,0,2,91.6,56.0,82.0,1,3,62,20.4,20.1,96.8,2,4,0,79,0,0,0,516,67,333,0,0,12,0
Tee Higgins,61211,WR,CIN,6,25.9,0,7,90.3,,59.2,0,0,0,0.0,0.0,,1,0,0,79,0,0,0,305,0,226,0,0,79,0
Scott Miller,47481,WR,PIT,9,60.5,0,25,61.5,,59.8,0,0,0,0.0,0.0,,0,0,0,78,0,0,0,129,0,51,0,0,78,0
JuJu Smith-Schuster,11817,WR,KC,8,35.1,1,16,60.4,83.1,38.7,0,0,2,1.5,1.4,100.0,2,0,0,78,0,0,0,222,2,146,0,0,76,3
Kyle Hinton,83163,G,ATL,6,100.0,0,2,61.4,31.6,73.2,3,1,37,100.0,100.0,94.6,1,4,0,78,0,38,0,78,40,40,39,0,38,0
Kendrick Bourne,12270,WR,NE,7,28.5,0,19,59.4,,48.9,0,0,0,0.0,0.0,,1,0,0,77,0,0,0,270,0,193,0,0,77,1
Jordan Akins,47050,TE,CLV,11,28.1,0,8,67.9,69.6,48.3,0,0,11,5.7,5.3,100.0,0,0,0,77,0,0,0,274,11,208,0,0,66,155
Rachaad White,131633,HB,TB,10,20.2,0,30,73.9,68.5,68.7,0,5,46,18.7,19.5,94.6,0,5,0,77,0,0,0,382,51,262,0,0,26,0
Derrick Henry,10679,HB,BLT,12,17.5,0,3,91.9,88.2,56.7,0,1,31,21.1,19.8,98.4,2,1,0,76,0,0,0,435,32,162,0,0,44,2
Kalif Raymond,11028,WR,DET,11,36.2,0,11,69.4,,59.7,0,0,0,0.0,0.0,,0,0,0,75,0,0,0,207,0,130,0,0,75,0
Quintin Morris,61182,TE,BUF,11,67.0,0,4,46.4,71.0,48.6,0,0,3,7.5,7.5,100.0,1,0,0,75,0,0,0,112,3,40,0,0,72,81
Ryan Miller,78734,WR,TB,5,46.0,0,30,64.4,62.4,66.3,0,0,1,1.2,1.1,100.0,0,0,0,75,0,0,0,163,1,89,0,0,74,0
Doug Kramer,41458,G,CHI,7,100.0,0,6,33.8,15.6,57.0,0,2,36,100.0,100.0,94.4,1,3,1,75,6,56,0,75,40,40,0,0,35,1
Michael Mayer,122906,TE,LV,5,42.8,0,23,58.1,59.6,53.8,0,0,14,12.8,12.4,92.9,1,1,1,74,0,0,0,173,14,113,0,0,60,122
Jaylon Moore,43678,T,SF,6,98.7,0,28,72.3,72.2,68.2,1,2,45,97.8,97.9,96.7,0,3,0,74,0,0,63,75,46,47,0,0,28,12
Hunter Luepke,91319,FB,DAL,10,35.7,0,9,58.6,68.3,50.6,0,0,29,20.3,20.1,96.6,1,1,1,74,0,0,0,207,32,159,0,0,42,30
Jonathan Taylor,57488,HB,IND,9,17.0,0,14,48.5,31.6,43.7,0,3,32,15.5,15.6,89.1,2,5,2,73,0,0,0,429,35,224,0,0,38,0
Tyrone Tracy,84226,HB,NYG,11,19.0,0,21,63.1,61.7,39.3,1,0,36,17.1,16.2,98.6,0,1,0,73,0,0,0,385,38,234,0,0,35,0
Trey Palmer,99248,WR,TB,9,32.0,0,30,59.9,,49.0,0,0,0,0.0,0.0,,2,0,0,71,0,0,0,222,0,151,0,0,71,0
Adonai Mitchell,146712,WR,IND,12,30.6,0,14,62.0,,37.3,0,0,0,0.0,0.0,,1,0,0,71,0,0,0,232,0,158,0,0,71,1
Malik Washington,97108,WR,MIA,8,42.7,1,17,52.7,64.9,36.2,0,0,1,1.1,1.1,100.0,2,0,0,70,0,0,0,164,1,91,0,0,69,2
Caedan Wallace,98427,T,NE,4,100.0,3,19,55.1,48.6,62.9,1,1,27,100.0,100.0,92.6,4,3,1,70,0,0,40,70,31,31,0,0,39,30
Puka Nacua,100632,WR,LA,6,29.5,0,26,87.7,75.5,66.1,0,0,3,1.9,1.8,100.0,2,0,0,70,0,0,0,237,3,167,0,0,67,5
Parker Washington,129799,WR,JAX,11,28.9,1,15,51.6,,45.8,0,0,0,0.0,0.0,,1,0,0,70,0,0,0,242,0,172,0,0,70,0
Brandon Powell,48036,WR,MIN,11,38.5,1,18,58.5,70.7,49.4,0,0,2,1.9,1.8,100.0,2,0,0,69,0,0,0,179,2,112,0,0,67,2
Ian Thomas,42130,TE,CAR,5,71.6,0,5,52.8,71.1,57.4,0,1,12,33.3,30.8,95.8,0,1,0,68,0,0,0,95,12,39,0,0,56,89
Jared Wiley,98508,TE,KC,7,72.3,1,16,51.5,71.0,62.4,0,0,2,7.4,7.1,100.0,1,0,0,68,0,0,0,94,2,28,0,0,66,67
D'Andre Swift,57212,HB,CHI,11,13.8,0,6,60.5,27.1,33.1,0,2,34,13.2,14.4,97.1,4,2,0,66,0,0,0,480,41,284,0,0,25,0
Kendrick Green,56642,G,HST,3,100.0,0,13,36.9,4.3,52.7,0,4,36,100.0,100.0,91.7,0,5,1,66,0,59,0,66,38,38,3,0,28,0
Rhamondre Stevenson,98689,HB,NE,11,14.5,1,19,66.9,66.5,72.6,0,1,54,20.9,21.4,99.1,3,1,0,66,0,0,0,454,60,281,0,0,6,11
Blake Hance,46301,G,JAX,3,100.0,1,15,53.7,60.6,49.3,0,1,43,100.0,100.0,98.8,1,1,0,66,0,66,0,66,45,45,0,0,21,0
Troy Franklin,146567,WR,DEN,11,25.2,1,10,55.6,,45.9,0,0,0,0.0,0.0,,3,0,0,65,0,0,0,258,0,191,0,0,65,0
Dare Ogunbowale,12329,HB,HST,12,26.3,0,13,58.5,36.6,60.0,1,4,52,25.9,27.8,93.3,2,6,1,65,0,0,0,247,60,216,0,0,5,0
James Conner,11860,HB,ARZ,11,15.4,0,1,83.0,69.7,62.0,0,3,38,17.4,18.1,96.1,0,3,0,65,0,0,0,423,41,226,0,0,24,0
Treylon Burks,99218,WR,TEN,5,43.5,0,31,52.2,,39.8,0,0,0,0.0,0.0,,0,0,0,64,0,0,0,147,0,81,0,0,64,0
Jalen Coker,143068,WR,CAR,7,28.7,0,5,77.2,,49.8,0,0,0,0.0,0.0,,2,0,0,64,0,0,0,223,0,159,0,0,64,0
Malik Heath,124173,WR,GB,8,62.1,2,12,60.3,,57.4,0,0,0,0.0,0.0,,3,0,0,64,0,0,0,103,0,39,0,0,64,0
Devaughn Vele,100637,WR,DEN,8,23.3,0,10,75.7,,30.5,0,0,0,0.0,0.0,,0,0,0,64,0,0,0,275,0,211,0,0,64,3
Brandin Cooks,8655,WR,DAL,4,29.0,1,9,55.5,,46.6,0,0,0,0.0,0.0,,1,0,0,63,0,0,0,217,0,152,0,0,63,1
Chuba Hubbard,57373,HB,CAR,11,13.2,0,5,77.1,55.7,53.9,0,7,41,15.4,15.6,91.5,0,7,0,63,0,0,0,478,44,282,0,0,19,0
Cooper Hodges,81548,G,JAX,3,100.0,0,15,62.6,35.6,73.7,1,2,41,100.0,100.0,96.3,0,3,0,63,0,54,0,63,44,44,8,0,19,1
Aaron Jones,11937,HB,MIN,11,13.8,0,18,74.0,80.8,50.0,0,2,35,15.2,14.6,97.1,1,2,0,63,0,0,0,456,36,246,0,0,27,8
Cooper Rush,12324,QB,DAL,7,25.8,0,9,46.4,,60.0,0,0,0,0.0,0.0,,0,0,0,63,0,0,0,244,0,172,0,0,63,0
Michael Burton,9601,FB,DEN,12,54.9,0,10,64.5,83.5,71.5,0,0,8,15.1,16.4,100.0,0,0,0,62,0,0,0,113,9,55,0,0,53,11
Joshua Ezeudu,77355,T,NYG,4,100.0,0,21,59.8,65.8,49.3,0,1,40,100.0,100.0,93.7,0,3,2,62,0,0,58,62,44,44,0,0,18,4
Zack Moss,40341,HB,CIN,8,20.9,0,7,58.2,50.6,60.0,1,2,48,23.6,24.1,92.7,0,5,2,62,0,0,0,297,51,212,0,0,11,8
Hayden Hurst,47294,TE,LAC,7,38.8,0,27,36.4,,30.8,0,0,0,0.0,0.0,,1,0,0,62,0,0,0,160,0,98,0,0,62,64
Luke Musgrave,98499,TE,GB,4,56.5,0,12,47.0,22.5,51.6,0,1,3,6.3,6.0,83.3,0,1,0,61,0,0,0,108,3,50,0,0,58,77
Lester Cotton,46085,G,MIA,3,100.0,0,17,67.0,39.5,74.8,2,1,38,100.0,100.0,93.4,0,4,1,61,0,60,0,61,38,38,0,0,23,0
Sam Mustipher,13026,G,LAC,3,100.0,1,27,37.7,22.5,51.4,0,3,30,100.0,100.0,95.0,3,3,0,60,0,0,0,60,32,32,56,0,28,4
Kenneth Gainwell,77737,HB,PHI,11,32.3,1,24,52.7,27.6,48.7,0,3,23,24.5,23.3,80.4,1,6,3,60,0,0,0,186,24,103,0,0,36,0
Alvin Kamara,11822,HB,NO,11,11.8,0,20,73.8,41.0,57.1,0,1,34,12.3,12.2,95.6,0,2,1,60,0,0,0,507,36,294,0,0,24,0
Josh Jacobs,45953,HB,GB,11,12.9,0,12,88.9,38.1,54.8,2,3,37,16.9,17.7,93.2,1,5,0,59,0,0,0,459,41,231,0,0,18,3
KhaDarel Hodge,26104,WR,ATL,10,48.0,0,2,66.3,,42.7,0,0,0,0.0,0.0,,1,0,0,59,0,0,0,123,0,64,0,0,59,4
Brian Robinson,57120,HB,WAS,9,19.7,0,32,79.9,54.1,67.8,0,3,24,18.5,18.7,93.7,0,3,0,58,0,0,0,295,26,139,0,0,32,0
Jaylen Warren,98692,HB,PIT,9,22.1,0,25,58.7,29.6,55.3,0,5,34,22.8,22.8,92.6,0,5,0,58,0,0,0,263,38,167,0,0,20,12
Ricky Pearsall,100660,WR,SF,5,29.1,0,28,61.3,66.2,71.9,0,0,1,0.8,0.7,100.0,0,0,0,58,0,0,0,199,1,141,0,0,57,0
Andrus Peat,9446,G,LV,8,100.0,0,23,32.3,30.8,34.3,1,1,34,100.0,100.0,94.1,0,3,1,57,0,34,11,57,38,38,0,0,19,12
Rico Dowdle,40693,HB,DAL,10,16.6,0,9,66.4,68.2,54.9,0,0,33,16.6,18.0,100.0,0,0,0,57,0,0,0,344,38,211,0,0,19,0
Taysom Hill,12112,TE,NO,7,30.8,0,20,74.9,75.6,49.4,0,0,4,4.2,5.0,100.0,0,0,0,57,0,0,0,185,5,100,0,0,52,40
Rakim Jarrett,129519,WR,TB,4,40.6,0,30,64.1,,41.9,0,0,0,0.0,0.0,,0,0,0,56,0,0,0,138,0,82,0,0,56,0
Roschon Johnson,99467,HB,CHI,9,25.0,0,6,72.1,44.2,60.0,0,5,44,29.3,28.8,92.0,0,6,1,55,0,0,0,220,47,163,0,0,8,1
Troy Fautanu,100521,T,PIT,1,100.0,0,25,64.4,69.3,59.3,1,1,23,100.0,100.0,95.7,0,2,0,55,0,0,0,55,29,29,0,55,26,0
Rashee Rice,97605,WR,KC,4,35.5,1,16,85.1,,43.7,0,0,0,0.0,0.0,,1,0,0,55,0,0,0,155,0,99,0,0,55,1
Jerome Ford,83601,HB,CLV,9,16.9,0,8,65.9,44.6,60.0,0,7,46,19.2,18.8,90.2,0,8,1,55,0,0,0,326,48,255,0,0,7,39
Mike Gesicki,47153,TE,CIN,11,16.2,0,7,67.3,61.4,47.4,0,0,5,1.9,1.8,100.0,0,0,0,54,0,0,1,333,5,284,0,0,49,47
Kiran Amegadjie,151121,T,CHI,3,100.0,1,6,49.8,44.7,59.6,0,4,24,100.0,100.0,91.7,1,4,0,54,0,0,51,54,27,27,0,0,27,3
Trey Sermon,57372,HB,IND,12,28.4,0,14,58.2,55.9,67.5,1,1,43,34.7,33.1,97.7,0,2,0,54,0,0,0,190,44,133,0,0,10,0
Jackson Barton,46978,T,ARZ,2,100.0,0,1,52.5,46.2,54.2,1,1,26,100.0,100.0,96.2,0,2,0,54,0,0,6,54,31,31,0,48,23,0
Najee Harris,57121,HB,PIT,11,13.2,0,25,78.0,71.1,67.5,0,1,26,14.6,14.1,98.1,0,1,0,54,0,0,0,409,26,184,0,0,28,8
Blake Whiteheart,77881,TE,CLV,5,60.2,0,8,72.6,75.9,61.2,0,0,6,16.7,14.6,100.0,0,0,0,53,0,0,0,88,6,41,0,0,47,58
Alexander Mattison,45817,HB,LV,10,16.3,0,23,67.1,36.1,58.1,0,4,37,19.6,19.5,94.6,0,4,0,52,0,0,0,319,40,205,0,0,12,0
Tucker Fisk,52286,TE,LAC,3,81.3,0,27,62.5,66.7,63.8,1,0,8,40.0,40.0,93.7,1,1,0,52,0,0,0,64,8,20,0,0,44,59
Josh Reynolds,11872,WR,DEN,5,27.4,0,10,66.3,,38.1,0,0,0,0.0,0.0,,1,0,0,51,0,0,0,186,0,135,0,0,51,1
AJ Arcuri,44757,T,LA,1,100.0,1,26,25.9,1.9,55.8,2,5,31,100.0,100.0,88.7,2,7,0,51,0,0,51,51,33,33,0,0,18,0
Skyy Moore,97116,WR,KC,6,62.2,0,16,39.7,,49.9,0,0,0,0.0,0.0,,0,0,0,51,0,0,0,82,0,31,0,0,51,2
Max Mitchell,81707,G,NYJ,3,100.0,0,22,64.4,64.9,62.2,1,1,29,100.0,100.0,96.6,0,2,0,50,0,47,0,50,31,31,0,0,19,3
Tim Jones,61669,WR,JAX,10,51.5,0,15,51.4,64.9,51.5,0,0,0,0.0,2.1,,2,0,0,50,0,0,0,97,1,48,0,0,49,1
Spencer Rattler,97408,QB,NO,3,27.8,0,20,55.9,,60.6,0,0,0,0.0,0.0,,0,0,0,50,0,0,0,180,0,127,0,0,50,0
Lucas Krull,83962,TE,DEN,8,26.5,0,10,54.4,75.1,61.6,0,0,5,3.7,3.6,100.0,0,0,0,48,0,0,0,181,5,138,0,0,43,76
Brevin Jordan,77887,TE,HST,2,71.6,0,13,65.7,59.0,64.3,0,1,5,21.7,20.8,90.0,0,1,0,48,0,0,0,67,5,24,0,0,43,58
Trenton Irwin,48080,WR,CIN,7,37.6,0,7,45.5,68.9,46.1,0,0,1,1.4,2.5,100.0,1,0,0,47,0,0,0,125,2,80,0,0,45,0
Ross Dwelley,20994,TE,ATL,9,79.7,0,2,46.3,,47.9,0,0,0,0.0,0.0,,0,0,0,47,0,0,0,59,0,12,0,0,47,44
Bub Means,98847,WR,NO,7,32.4,0,20,59.9,,31.2,0,0,0,0.0,0.0,,1,0,0,47,0,0,0,145,0,98,0,0,47,3
Ty Johnson,45769,HB,BUF,11,24.0,0,4,68.6,52.1,33.5,0,2,20,14.7,15.9,95.0,0,2,0,47,0,0,0,196,24,151,0,0,23,0
De'Von Achane,124305,HB,MIA,11,11.0,1,17,81.9,39.6,37.5,0,3,12,5.1,4.8,87.5,1,3,0,46,0,0,0,420,12,252,0,0,34,0
Marvin Mims Jr.,122937,WR,DEN,12,26.0,0,10,58.4,,55.5,0,0,0,0.0,0.0,,0,0,0,46,0,0,0,177,0,122,0,0,46,1
Kyle Hergel,87427,G,NO,1,100.0,0,20,43.7,30.0,62.5,1,1,32,100.0,100.0,96.9,1,2,0,45,0,45,0,45,35,35,0,0,10,0
Kenneth Walker III,97199,HB,SEA,9,11.5,1,29,90.1,39.7,67.8,2,1,26,11.7,12.3,94.2,2,3,0,45,0,0,0,392,30,244,0,0,15,2
Jeremy McNichols,11917,HB,WAS,11,27.3,0,32,69.2,48.9,44.9,0,1,16,17.8,20.2,96.9,1,1,0,45,0,0,0,165,19,94,0,0,26,0
Parker Hesse,48369,TE,DET,5,76.3,0,11,49.2,85.6,48.6,0,0,6,31.6,30.0,100.0,0,0,0,45,0,0,0,59,6,20,0,0,39,14
DeAndre Carter,9859,WR,CHI,8,33.3,0,6,53.4,73.7,29.6,0,0,2,2.4,2.2,100.0,1,0,0,45,0,0,0,135,2,92,0,0,43,0
KaVontae Turpin,47658,WR,DAL,11,24.4,0,9,66.7,,58.7,0,0,0,0.0,0.0,,0,0,0,44,0,0,0,180,0,131,0,0,44,0
Parris Campbell,47940,WR,PHI,4,39.6,0,24,54.8,,57.1,0,0,0,0.0,0.0,,0,0,0,44,0,0,0,111,0,67,0,0,44,5
Samaje Perine,11869,HB,KC,11,21.1,0,16,65.9,64.8,53.5,1,1,27,16.7,16.3,92.6,0,3,1,43,0,0,0,204,28,172,0,0,15,5
Reggie Gilliam,40951,FB,BUF,8,87.8,0,4,44.6,,52.2,0,0,0,0.0,0.0,,1,0,0,43,0,0,0,49,0,6,0,0,43,32
Travis Etienne Jr.,57185,HB,JAX,9,15.6,0,15,56.0,15.1,58.9,2,5,32,18.5,18.0,82.8,0,9,2,43,0,0,0,275,33,183,0,0,10,0
Bill Murray,48692,G,CHI,3,100.0,0,6,82.4,85.7,77.3,0,0,20,100.0,100.0,100.0,0,0,0,42,0,42,0,42,24,24,0,0,18,0
Tyquan Thornton,78092,WR,NE,6,37.8,0,19,53.5,,59.5,0,0,0,0.0,0.0,,1,0,0,42,0,0,0,111,0,69,0,0,42,0
Ezekiel Elliott,10638,HB,DAL,10,18.5,0,9,59.8,56.8,59.3,1,1,22,16.5,18.6,95.5,0,2,0,40,0,0,0,216,27,145,0,0,13,0
Adam Thielen,8288,WR,CAR,4,26.5,0,5,64.4,,57.0,0,0,0,0.0,0.0,,0,0,0,39,0,0,0,147,0,108,0,0,39,0
Shane Zylstra,143786,TE,DET,6,56.5,0,11,50.1,8.6,51.9,0,1,1,3.2,3.2,50.0,0,1,0,39,0,0,0,69,1,31,0,0,38,34
Chase Brown,77787,HB,CIN,11,10.2,0,7,73.6,46.6,60.1,0,1,25,11.7,11.7,94.0,0,2,1,39,0,0,0,384,27,230,0,0,12,2
Jordan Mason,62946,HB,SF,11,11.0,0,28,71.2,44.5,67.3,1,1,23,12.6,12.6,95.7,0,2,0,39,0,0,0,353,24,191,0,0,15,3
Joe Mixon,11803,HB,HST,9,9.5,0,13,74.9,59.4,74.3,0,1,25,13.3,14.2,98.0,2,1,0,38,0,0,0,400,28,197,0,0,10,0
Carson Steele,145632,HB,KC,11,23.9,0,16,56.4,15.8,61.6,3,0,10,12.7,12.2,85.0,0,3,0,38,0,0,0,159,10,82,0,0,28,2
Ronnie Bell,84288,WR,SF,8,33.6,0,28,46.1,,57.2,0,0,0,0.0,0.0,,0,0,0,38,0,0,0,113,0,75,0,0,38,1
Kevin Austin Jr.,84345,WR,NO,2,56.7,0,20,70.0,75.5,56.7,0,0,4,12.5,12.1,100.0,1,0,0,38,0,0,0,67,4,33,0,0,34,0
T.J. Hockenson,40912,TE,MIN,4,24.5,0,18,78.5,71.1,47.7,0,0,2,1.8,1.7,100.0,0,0,0,38,0,0,0,155,2,119,0,1,36,92
Jahmyr Gibbs,122474,HB,DET,11,9.9,0,11,81.6,25.5,75.8,2,4,27,13.4,13.3,85.2,3,7,1,37,0,0,0,375,28,210,0,0,9,0
Zach Pascal,12303,WR,ARZ,11,71.2,0,1,45.3,,44.3,0,0,0,0.0,0.0,,2,0,0,37,0,0,0,52,0,15,0,0,37,1
Ameer Abdullah,9487,HB,LV,9,16.0,0,23,59.3,58.2,26.8,0,2,34,17.8,17.2,94.1,1,3,1,37,0,0,0,231,35,204,0,0,2,1
Xavier Gipson,104136,WR,NYJ,11,24.8,0,22,48.7,,35.5,0,0,0,0.0,0.0,,0,0,0,37,0,0,0,149,0,112,0,0,37,0
Emanuel Wilson,154173,HB,GB,11,20.2,0,12,81.9,68.7,71.9,0,2,20,21.7,22.4,95.0,1,2,0,36,0,0,0,178,22,98,0,0,14,0
Isaiah Hodgins,52130,WR,NYG,3,57.1,0,21,54.3,,68.1,0,0,0,0.0,0.0,,0,0,0,36,0,0,0,63,0,27,0,0,36,2
Jack Driscoll,27064,T,PHI,5,100.0,0,24,65.1,74.5,62.9,0,0,4,100.0,100.0,100.0,0,0,0,36,0,0,1,36,4,4,2,32,32,1
John Samuel Shenker,60854,TE,LV,5,60.0,0,23,54.5,58.6,63.5,0,0,8,26.7,25.0,87.5,0,1,1,36,0,0,0,60,8,32,0,0,28,38
Michael Deiter,38554,C,WAS,6,100.0,0,32,50.8,66.3,48.9,0,0,13,100.0,100.0,92.3,0,1,1,35,20,12,0,35,13,13,1,1,22,1
Chris Brooks,83644,HB,GB,7,38.5,0,12,58.3,87.7,44.5,0,0,10,22.7,22.0,100.0,1,0,0,35,0,0,0,91,11,50,0,0,24,3
Allen Robinson II,8696,WR,DET,7,57.4,0,11,53.1,,50.4,0,0,0,0.0,0.0,,1,0,0,35,0,0,0,61,0,26,0,0,35,0
Ryan Flournoy,159617,WR,DAL,7,31.3,0,9,59.6,,76.2,0,0,0,0.0,0.0,,0,0,0,35,0,0,0,112,0,77,0,0,35,0
Bucky Irving,144970,HB,TB,11,11.7,0,30,86.0,44.8,56.0,0,0,16,9.5,10.3,93.7,0,1,1,35,0,0,0,300,18,174,0,0,17,0
Emari Demercado,77763,HB,ARZ,11,26.1,0,1,72.7,46.8,47.6,0,3,26,26.0,25.0,94.2,0,3,0,35,0,0,0,134,26,104,0,0,9,0
Michael Niese,108444,C,DET,4,100.0,0,11,42.4,63.5,40.7,0,0,12,100.0,100.0,100.0,1,0,0,34,33,1,0,34,12,12,0,0,22,0
Mecole Hardman Jr.,42683,WR,KC,10,31.8,0,16,75.5,69.4,59.2,0,0,1,1.5,1.4,100.0,0,0,0,34,0,0,0,107,1,69,0,0,33,1
Corey Levin,11972,C,TEN,1,100.0,0,31,57.0,66.4,55.4,0,0,13,100.0,100.0,100.0,0,0,0,34,34,0,0,34,13,13,0,0,21,0
Tyler Allgeier,83639,HB,ATL,11,17.2,0,2,84.8,54.0,49.4,0,1,19,22.4,23.3,97.4,0,1,0,33,0,0,0,192,21,90,0,0,12,0
Antonio Gibson,78050,HB,NE,12,15.6,0,19,67.0,52.4,45.8,0,1,26,21.1,20.5,94.2,0,2,1,33,0,0,0,211,27,132,0,0,6,5
Mac Jones,60323,QB,JAX,4,30.3,0,15,44.0,,60.3,0,0,0,0.0,0.0,,0,0,0,33,0,0,0,109,0,72,0,0,33,0
Jalen Reagor,61697,WR,LAC,6,30.2,0,27,58.2,,57.6,0,0,0,0.0,0.0,,0,0,0,32,0,0,0,106,0,72,0,0,32,0
Spencer Burford,81920,G,SF,3,100.0,0,28,43.7,52.4,43.7,0,0,12,100.0,100.0,100.0,0,0,0,31,0,30,0,31,14,14,1,0,17,0
Zamir White,83665,HB,LV,8,20.1,0,23,42.7,47.8,71.7,0,1,18,24.3,26.9,97.2,0,1,0,31,0,0,0,154,21,78,0,0,10,0
Ainias Smith,99207,WR,PHI,5,70.5,0,24,56.4,,57.7,0,0,0,0.0,0.0,,0,0,0,31,0,0,0,44,0,12,0,0,31,0
Miles Sanders,40555,HB,CAR,10,16.9,0,5,68.1,42.1,58.1,0,1,20,15.6,16.3,92.5,0,2,1,31,0,0,0,183,22,135,0,0,9,0
D'Ernest Johnson,45734,HB,JAX,10,18.9,0,15,61.0,21.7,60.0,1,1,22,19.0,19.5,90.9,2,3,1,30,0,0,0,159,24,123,0,0,6,0
George Fant,11282,T,SEA,2,100.0,0,29,61.3,44.7,68.2,0,1,14,100.0,100.0,82.1,0,3,2,30,0,0,0,30,16,16,0,30,14,0
Charlie Heck,36501,T,ARZ,5,100.0,0,1,41.6,56.7,41.1,0,2,12,100.0,100.0,91.7,0,2,0,30,0,0,7,30,12,12,0,11,18,12
Derius Davis,78196,WR,LAC,8,43.3,0,27,74.7,,61.1,0,0,0,0.0,0.0,,0,0,0,29,0,0,0,67,0,33,0,0,29,0
Jaleel McLaughlin,138346,HB,DEN,12,13.6,0,10,63.5,23.3,60.8,2,0,5,4.2,4.0,80.0,0,2,0,29,0,0,0,213,5,126,0,0,24,2
Isaiah Prince,47019,T,TEN,1,100.0,0,31,29.3,46.8,59.6,0,0,16,100.0,100.0,93.7,3,1,1,29,0,0,0,29,19,19,0,27,10,2
David Montgomery,45719,HB,DET,11,9.9,0,11,84.2,51.1,60.0,2,1,25,18.0,18.3,90.0,1,4,1,29,0,0,0,292,26,142,0,0,3,0
D'Onta Foreman,11844,HB,CLV,8,23.9,0,8,60.2,41.2,58.3,1,0,19,35.8,32.8,92.1,1,2,1,28,0,0,0,117,19,58,0,0,9,2
Sedrick Van Pran-Granger,124042,C,BUF,5,100.0,0,4,53.7,73.4,52.4,0,0,3,100.0,100.0,100.0,0,0,0,28,27,1,0,28,3,3,0,0,25,0
Tank Bigsby,123974,HB,JAX,9,14.1,0,15,75.4,35.1,59.5,0,1,13,15.1,15.9,88.5,0,2,1,28,0,0,0,199,14,88,0,0,14,0
Zay Jones,11792,WR,ARZ,5,33.3,0,1,52.5,,56.3,0,0,0,0.0,0.0,,0,0,0,28,0,0,0,84,0,56,0,0,28,0
Nick Gates,29476,G,PHI,3,100.0,0,24,55.6,76.9,54.8,0,0,4,100.0,100.0,100.0,1,0,0,28,14,10,0,28,4,4,4,0,24,0
Tyjae Spears,97195,HB,TEN,7,17.3,0,31,64.4,50.6,59.6,0,2,20,20.4,19.3,90.0,0,3,1,28,0,0,0,162,21,109,0,0,7,4
Kareem Hunt,11841,HB,KC,8,8.3,0,16,72.6,72.4,60.3,1,1,19,12.3,11.4,94.7,0,2,0,28,0,0,0,338,19,167,0,0,9,7
Braxton Berrios,47961,WR,MIA,6,24.1,0,17,44.9,,38.1,0,0,0,0.0,0.0,,0,0,0,27,0,0,0,112,0,85,0,0,27,0
Cody White,61448,WR,SEA,3,48.2,0,29,67.3,,55.6,0,0,0,0.0,0.0,,0,0,0,27,0,0,0,56,0,29,0,0,27,0
Jamaal Williams,11889,HB,NO,8,26.0,0,20,65.8,60.9,57.8,1,1,19,31.7,31.8,94.7,0,2,0,27,0,0,0,104,21,66,0,0,6,1
Jha'Quan Jackson,101135,WR,TEN,8,61.4,0,31,70.3,,69.3,0,0,0,0.0,0.0,,0,0,0,27,0,0,0,44,0,17,0,0,27,0
Ty Chandler,62942,HB,MIN,9,19.1,0,18,54.3,45.9,58.3,0,3,14,19.7,22.0,89.3,1,3,0,27,0,0,0,141,18,82,0,0,9,8
Braelon Allen,145159,HB,NYJ,11,15.5,0,22,73.4,40.8,56.5,0,1,16,17.2,17.8,96.9,0,1,0,27,0,0,0,174,18,101,0,0,9,1
Gus Edwards,46027,HB,LAC,7,20.3,0,27,61.0,73.6,58.0,0,0,10,22.2,21.7,100.0,0,0,0,26,0,0,0,128,10,46,0,0,16,0
Aidan O'Connell,60516,QB,LV,4,22.4,0,23,47.7,,60.0,0,0,0,0.0,0.0,,2,0,0,26,0,0,0,116,0,90,0,0,26,0
Ko Kieft,41372,TE,TB,11,89.3,0,30,47.6,77.0,49.5,0,0,2,40.0,40.0,100.0,0,0,0,25,0,0,0,28,2,5,0,0,23,20
Tanner Hudson,66924,TE,CIN,7,29.8,0,7,59.3,60.7,54.8,0,0,4,6.8,7.9,100.0,1,0,0,25,0,0,0,84,5,63,0,0,20,31
Greg Dulcich,84068,TE,DEN,4,20.8,0,10,38.4,39.4,32.5,1,1,7,7.4,6.9,85.7,0,2,0,25,0,0,0,120,7,102,0,0,18,55
Dallin Holker,83946,TE,NO,6,60.0,0,20,50.0,64.1,63.1,0,0,3,18.8,15.8,100.0,1,0,0,24,0,0,0,40,3,19,0,0,21,28
Jaelyn Duncan,81722,T,TEN,3,100.0,0,31,52.1,44.7,,0,1,24,100.0,100.0,93.7,0,2,1,24,0,0,0,24,24,24,0,21,0,3
Jermaine Burton,124017,WR,CIN,9,22.6,0,7,62.7,,62.4,0,0,0,0.0,0.0,,0,0,0,24,0,0,0,106,0,82,0,0,24,0
Marcus Mariota,9435,QB,WAS,2,35.3,0,32,81.2,,60.0,0,0,0,0.0,0.0,,0,0,0,24,0,0,0,68,0,33,0,0,24,0
Brady Russell,60876,TE,SEA,8,75.0,0,29,66.2,77.4,67.5,0,0,2,22.2,20.0,100.0,0,0,0,24,0,0,0,32,2,10,0,0,22,14
Jody Fortson,94384,TE,KC,3,57.5,0,16,54.0,,86.7,0,0,0,0.0,0.0,,1,0,0,23,0,0,0,40,0,17,0,0,23,7
Ray Davis,101072,HB,BUF,11,14.8,1,4,73.0,47.3,60.0,0,0,5,8.8,8.1,100.0,1,0,0,22,0,0,0,149,5,62,0,0,17,0
Nick Chubb,45783,HB,CLV,5,13.2,0,8,61.2,41.1,60.0,0,1,15,21.4,19.2,96.7,0,1,0,21,0,0,0,159,15,78,0,0,6,2
Kameron Johnson,165866,WR,TB,3,52.5,0,30,47.4,,75.3,0,0,0,0.0,0.0,,0,0,0,21,0,0,0,40,0,18,0,0,21,0
Feleipe Franks,40217,TE,CAR,7,75.0,0,5,64.6,69.1,71.0,0,0,1,12.5,22.2,100.0,0,0,0,21,0,0,0,28,2,9,0,0,19,25
Brenden Bates,53746,TE,NYJ,4,80.8,0,22,43.4,81.6,42.0,0,0,4,44.4,44.4,100.0,0,0,0,21,0,0,0,26,4,9,0,0,17,21
Kenny Pickett,60515,QB,PHI,3,71.4,0,24,54.0,,60.0,0,0,0,0.0,0.0,,0,0,0,20,0,0,0,28,0,4,0,0,20,0
Laviska Shenault Jr.,61220,WR,SEA,9,46.5,0,29,54.8,,47.7,0,0,0,0.0,0.0,,1,0,0,20,0,0,0,43,0,22,0,0,20,0
Peyton Hendershot,60915,TE,KC,4,57.1,0,16,84.3,70.2,54.5,0,0,1,6.7,6.3,100.0,0,0,0,20,0,0,0,35,1,16,0,0,19,28
James Cook,83666,HB,BUF,10,6.0,0,4,74.6,73.4,29.0,0,1,8,4.7,5.0,93.7,0,1,0,20,0,0,0,334,9,181,0,0,11,0
Jamari Thrash,97399,WR,CLV,4,52.6,0,8,61.4,,58.9,0,0,0,0.0,0.0,,0,0,0,20,0,0,0,38,0,18,0,0,20,0
Alex Bachman,47996,WR,LV,5,28.2,0,23,53.8,,35.6,0,0,0,0.0,0.0,,0,0,0,20,0,0,0,71,0,51,0,0,20,0
Ben VanSumeren,82523,LB,PHI,6,90.9,0,24,67.8,,65.9,0,0,0,0.0,0.0,,0,0,0,20,0,0,0,22,0,2,0,0,20,0
Eric Gray,99143,HB,NYG,9,23.5,0,21,47.5,63.4,37.3,0,0,10,17.5,16.9,100.0,0,0,0,19,0,0,0,81,10,59,0,0,9,1
Cordarrelle Patterson,7810,HB,PIT,7,26.0,0,25,65.0,75.5,58.3,0,0,4,11.8,10.8,100.0,1,0,0,19,0,0,0,73,4,37,0,0,15,1
Jordan Mims,57209,HB,NO,7,33.9,0,20,63.5,73.7,60.0,1,0,9,31.0,29.0,94.4,0,1,0,19,0,0,0,56,9,31,0,0,10,0
Mitch Trubisky,11757,QB,BUF,6,65.5,0,4,29.6,,60.0,0,0,0,0.0,0.0,,0,0,0,19,0,0,0,29,0,3,0,0,19,0
Christian McCaffrey,11763,HB,SF,3,12.3,0,28,68.0,77.2,57.3,0,0,13,13.3,13.3,92.3,0,1,1,19,0,0,0,155,14,105,0,0,5,3
Kristian Wilkerson,28729,WR,LV,2,42.2,0,23,59.9,,36.8,0,0,0,0.0,0.0,,0,0,0,19,0,0,0,45,0,26,0,0,19,0
Malachi Corley,66272,WR,NYJ,6,45.2,0,22,54.4,66.1,83.9,0,0,1,4.3,4.3,100.0,0,0,0,19,0,0,0,42,1,23,0,0,18,1
Cam Akers,57206,HB,MIN,9,10.8,0,18,65.3,31.8,60.0,0,1,14,15.7,15.5,89.3,0,2,1,19,0,0,0,176,15,97,0,0,4,2
James Mitchell,77885,TE,DET,1,76.0,0,11,60.4,72.6,64.0,0,0,2,25.0,25.0,100.0,0,0,0,19,0,0,0,25,2,8,0,0,17,21
Ben Skowronek,27948,WR,PIT,4,55.9,0,25,53.9,67.8,54.7,0,0,1,6.3,6.3,100.0,0,0,0,19,0,0,0,34,1,16,0,0,18,4
Tyler Goodson,101659,HB,IND,10,17.0,0,14,59.4,22.0,55.8,0,2,8,11.1,12.0,87.5,0,2,0,19,0,0,0,112,9,75,0,0,10,0
Hendon Hooker,60593,QB,DET,3,54.5,0,11,74.1,,60.0,0,0,0,0.0,0.0,,0,0,0,18,0,0,0,33,0,11,0,0,18,0
Tim Boyle,21956,QB,NYG,2,36.7,0,21,57.5,,60.0,0,0,0,0.0,0.0,,0,0,0,18,0,0,0,49,0,31,0,0,18,0
Chris Moore,10741,WR,ARZ,5,66.7,0,1,55.5,,61.8,0,0,0,0.0,0.0,,0,0,0,18,0,0,0,27,0,9,0,0,18,0
C.J. Uzomah,9590,TE,PHI,2,94.7,0,24,61.9,74.3,58.8,0,0,4,80.0,80.0,100.0,0,0,0,18,0,0,0,19,4,5,0,0,14,17
Josiah Deguara,47034,TE,JAX,7,54.8,0,15,49.3,81.5,55.6,0,0,3,18.8,17.6,100.0,1,0,0,17,0,0,0,31,3,17,0,1,14,15
Raheem Mostert,9783,HB,MIA,8,9.4,0,17,68.8,73.3,59.4,0,1,9,8.4,8.8,94.4,0,1,0,17,0,0,0,181,10,113,0,0,7,0
John FitzPatrick,83974,TE,GB,4,70.8,0,12,61.8,,64.8,0,0,0,0.0,0.0,,0,0,0,17,0,0,0,24,0,7,0,0,17,21
Pierre Strong Jr.,66619,HB,CLV,8,12.3,0,8,56.5,47.2,59.5,0,0,10,9.2,10.4,100.0,0,0,0,17,0,0,0,138,12,115,0,0,5,17
Skylar Thompson,60417,QB,MIA,3,29.3,0,17,39.7,,60.0,0,0,0,0.0,0.0,,0,0,0,17,0,0,0,58,0,41,0,0,17,0
Foster Sarell,52272,G,LAC,2,100.0,0,27,52.3,51.7,51.9,0,0,9,100.0,100.0,100.0,0,0,0,17,0,0,6,17,9,9,11,0,8,0
Jacob Cowing,100894,WR,SF,6,51.5,0,28,72.6,,53.1,0,0,0,0.0,0.0,,0,0,0,17,0,0,0,33,0,16,0,0,17,0
Jaheim Bell,124225,TE,NE,8,51.5,0,19,55.6,62.3,61.6,0,0,1,6.3,5.9,100.0,0,0,0,17,0,0,0,33,1,17,0,0,16,15
River Cracraft,47417,WR,MIA,3,65.4,0,17,51.5,,49.3,0,0,0,0.0,0.0,,0,0,0,17,0,0,0,26,0,9,0,0,17,0
Dareke Young,111900,WR,SEA,5,72.7,0,29,56.6,,56.3,0,0,0,0.0,0.0,,0,0,0,16,0,0,0,22,0,6,0,0,16,0
Jake Tonges,60864,TE,SF,9,53.3,0,28,61.2,,82.6,0,0,0,0.0,0.0,,0,0,0,16,0,0,0,30,0,14,0,0,16,15
Javon Baker,123904,WR,NE,5,53.3,0,19,52.9,,62.8,0,0,0,0.0,0.0,,0,0,0,16,0,0,0,30,0,14,0,0,16,0
Brandon Allen,10835,QB,SF,2,32.0,0,28,48.0,,60.0,0,0,0,0.0,0.0,,0,0,0,16,0,0,0,50,0,32,0,0,16,0
Craig Reynolds,94383,HB,DET,9,40.0,0,11,54.3,,61.0,0,0,0,0.0,0.0,,0,0,0,16,0,0,0,40,0,12,0,0,16,0
Andrew Rupcich,156082,G,TEN,2,100.0,0,31,47.7,17.0,59.8,1,0,12,100.0,100.0,95.8,0,1,0,16,0,0,0,16,12,12,16,0,4,0
Jalen Virgil,41991,WR,BUF,4,76.2,0,4,56.4,,60.5,0,0,0,0.0,0.0,,0,0,0,16,0,0,0,21,0,5,0,0,16,0
Josh Jones,26634,T,BLT,2,100.0,0,3,61.7,76.7,56.0,0,0,6,100.0,100.0,100.0,0,0,0,15,0,0,8,15,6,6,0,7,9,0
Hassan Haskins,83701,HB,LAC,8,26.3,0,27,62.2,38.6,69.5,0,2,11,33.3,27.5,90.9,0,2,0,15,0,0,0,57,11,40,0,0,4,0
E.J. Jenkins,109834,TE,PHI,3,93.8,0,24,61.0,75.1,59.0,0,0,2,66.7,66.7,100.0,0,0,0,15,0,0,0,16,2,3,0,0,13,15
Trey Benson,131705,HB,ARZ,10,14.6,0,1,62.7,85.6,72.8,0,0,9,22.5,20.9,100.0,0,0,0,15,0,0,0,103,9,43,0,0,6,0
Isaac Guerendo,83806,HB,SF,10,15.3,0,28,53.9,33.3,60.0,0,0,5,10.6,10.4,80.0,0,1,1,15,0,0,0,98,5,48,0,0,10,1
Michael Penix Jr.,82134,QB,ATL,2,70.0,0,2,92.1,,60.0,0,0,0,0.0,0.0,,0,0,0,14,0,0,0,20,0,6,0,0,14,0
Mike Caliendo,41446,G,KC,6,93.3,0,16,68.0,64.9,53.2,0,0,1,50.0,50.0,100.0,0,0,0,14,0,0,0,15,1,2,0,0,13,15
Jaylen Wright,146934,HB,MIA,10,9.9,0,17,69.3,79.7,58.5,0,0,6,8.6,8.1,100.0,0,0,0,14,0,0,0,142,6,74,0,0,8,0
Xavier Smith,102585,WR,LA,6,60.9,0,26,75.4,,61.4,0,0,0,0.0,0.0,,0,0,0,14,0,0,0,23,0,7,0,0,14,0
Clayton Tune,77652,QB,ARZ,4,73.7,0,1,32.4,,60.0,0,0,0,,,,0,0,0,14,0,0,0,19,0,0,0,0,14,0
Stone Smartt,60492,TE,LAC,8,35.9,0,27,61.7,,58.1,0,0,0,0.0,0.0,,0,0,0,14,0,0,0,39,0,25,0,0,14,17
Bryce Oliver,84248,WR,TEN,4,65.0,0,31,87.9,,59.3,0,0,0,0.0,0.0,,0,0,0,13,0,0,0,20,0,7,0,0,13,0
Jordan Matthews,8677,TE,CAR,3,50.0,0,5,52.6,67.6,60.2,0,0,1,7.7,7.1,100.0,0,0,0,13,0,0,0,26,1,14,0,0,12,13
JaMycal Hasty,25582,HB,NE,10,12.5,0,19,71.2,85.4,60.0,0,0,10,13.2,13.4,100.0,0,0,0,13,0,0,0,104,11,82,0,0,2,1
Jake Haener,60596,QB,NO,6,23.2,0,20,61.0,60.9,60.0,0,0,1,2.7,2.6,100.0,0,0,0,13,0,0,0,56,1,39,0,0,12,0
Equanimeous St. Brown,47967,WR,NO,2,37.1,0,20,50.9,,55.8,0,0,0,0.0,0.0,,0,0,0,13,0,0,0,35,0,22,0,0,13,0
Tommy DeVito,60545,QB,NYG,1,22.4,0,21,51.1,,60.0,0,0,0,0.0,0.0,,0,0,0,13,0,0,0,58,0,42,0,0,13,0
Luke Fortner,42028,C,JAX,3,100.0,0,15,52.7,28.5,55.4,0,1,6,100.0,100.0,91.7,0,1,0,12,12,0,0,12,7,7,0,0,5,0
Britain Covey,32933,WR,PHI,4,27.9,0,24,72.1,,79.6,0,0,0,0.0,0.0,,0,0,0,12,0,0,0,43,0,31,0,0,12,0
Travis Vokolek,61004,TE,ARZ,1,100.0,0,1,48.2,,52.3,0,0,0,,,,0,0,0,12,0,0,0,12,0,0,0,0,12,12
Matt Hennessy,41141,C,ATL,2,92.3,0,2,63.9,70.7,62.9,0,0,2,100.0,66.7,100.0,0,0,0,12,12,0,0,13,2,3,0,0,10,0
Jakob Johnson,32565,FB,NYG,3,100.0,0,21,41.7,73.2,42.7,0,0,2,100.0,100.0,100.0,0,0,0,12,0,0,0,12,2,2,0,0,10,1
Chukwuma Okorafor,46302,T,NE,1,100.0,0,19,44.4,0.0,69.9,1,2,6,100.0,100.0,75.0,0,3,0,12,0,0,12,12,6,6,0,0,6,0
Andrew Beck,47121,FB,GB,3,80.0,0,12,62.5,,67.9,0,0,0,0.0,0.0,,0,0,0,12,0,0,0,15,0,3,0,0,12,8
Devin Duvernay,40006,WR,JAX,6,26.1,0,15,56.4,,53.7,0,0,0,0.0,0.0,,0,0,0,12,0,0,0,46,0,31,0,0,12,1
Khalil Herbert,41668,HB,CIN,7,36.4,0,7,56.4,42.7,60.0,0,1,3,20.0,18.8,83.3,0,1,0,12,0,0,0,33,3,16,0,0,9,0
Grant DuBose,111276,WR,MIA,2,28.2,0,17,53.8,,75.4,0,0,0,0.0,0.0,,0,0,0,11,0,0,0,39,0,28,0,0,11,0
Justin Shorter,84376,TE,LV,5,50.0,0,23,50.4,78.3,55.5,0,0,3,21.4,21.4,100.0,0,0,0,11,0,0,0,22,3,14,0,0,8,11
Xavier Newman,58525,G,NYJ,1,100.0,0,22,68.6,64.2,66.0,0,0,8,100.0,100.0,100.0,0,0,0,11,0,0,0,11,8,8,11,0,3,0
Julius Chestnut,109239,HB,TEN,6,26.8,0,31,71.5,83.3,58.7,0,0,6,31.6,31.6,100.0,0,0,0,11,0,0,0,41,6,19,0,0,5,0
Matt Lee,98544,C,CIN,4,100.0,0,7,61.2,68.3,59.7,0,0,1,100.0,100.0,100.0,0,0,0,11,0,0,0,11,1,1,0,0,10,11
Calvin Anderson,46247,T,PIT,3,100.0,0,25,56.2,46.2,58.0,0,0,5,100.0,100.0,80.0,0,1,1,11,0,0,10,11,5,5,0,1,6,0
D'Wayne Eskridge,29573,WR,MIA,4,35.5,0,17,72.8,,53.1,0,0,0,0.0,0.0,,0,0,0,11,0,0,0,31,0,20,0,0,11,0
Sean Tucker,123056,HB,TB,8,15.1,0,30,80.7,79.5,59.8,0,0,2,6.3,8.6,100.0,0,0,0,11,0,0,0,73,3,35,0,0,8,0
Xavier Weaver,101130,WR,ARZ,1,26.8,0,1,49.8,,61.3,0,0,0,0.0,0.0,,0,0,0,11,0,0,0,41,0,30,0,0,11,0
Tyler Scott,123578,WR,CHI,7,73.3,0,6,55.0,,60.0,0,0,0,0.0,0.0,,0,0,0,11,0,0,0,15,0,4,0,0,11,0
Ben Cleveland,41696,G,BLT,8,100.0,0,3,50.0,68.3,50.8,0,0,1,100.0,100.0,100.0,0,0,0,11,0,3,0,11,1,1,0,1,10,7
Khari Blasingame,44889,FB,CHI,2,100.0,0,6,67.1,32.7,73.3,1,0,1,100.0,100.0,50.0,0,1,0,10,0,0,0,10,1,1,0,0,9,0
Aaron Shampklin,148900,HB,PIT,3,35.7,0,25,52.5,43.8,67.5,1,0,7,38.9,40.0,92.9,0,1,0,10,0,0,0,28,8,20,0,0,2,0
Dorian Thompson-Robinson,83574,QB,CLV,3,23.3,0,8,32.2,,60.0,0,0,0,0.0,0.0,,1,0,0,10,0,0,0,43,0,30,0,0,10,0
Deven Thompkins,84480,WR,CAR,3,45.5,0,5,62.3,,57.9,0,0,0,0.0,0.0,,0,0,0,10,0,0,0,22,0,11,0,0,10,0
Minkah Fitzpatrick,51206,S,PIT,5,100.0,1,25,60.0,,60.0,0,0,0,,,,2,0,0,10,0,0,0,10,0,0,0,0,10,0
Blake Corum,129574,HB,LA,8,18.5,0,26,71.6,52.8,60.0,0,1,8,38.1,36.4,93.7,0,1,0,10,0,0,0,54,8,22,0,0,2,0
Reed Blankenship,56065,S,PHI,4,100.0,0,24,60.0,,60.0,0,0,0,,,,1,0,0,10,0,0,0,10,0,0,0,0,10,0
Ronnie Rivers,57208,HB,LA,4,33.3,0,26,74.6,53.1,60.0,0,0,7,41.2,44.4,100.0,0,0,0,10,0,0,0,30,8,18,0,0,2,0
Brandon Johnson,40666,WR,PIT,3,47.4,0,25,65.2,,61.5,0,0,0,0.0,0.0,,0,0,0,9,0,0,0,19,0,10,0,0,9,0
Charlie Jones,55038,WR,CIN,7,34.6,0,7,51.6,,53.7,0,0,0,0.0,0.0,,0,0,0,9,0,0,0,26,0,17,0,0,9,0
Kenny Yeboah,42196,TE,NYJ,3,75.0,0,22,89.9,,55.6,0,0,0,0.0,0.0,,0,0,0,9,0,0,0,12,0,3,0,0,9,11
Audric Estime,147476,HB,DEN,8,13.2,0,10,59.3,77.9,60.0,0,0,4,18.2,16.7,100.0,0,0,0,9,0,0,0,68,4,24,0,0,5,0
Travis Homer,45859,HB,CHI,3,28.1,0,6,60.5,86.8,,0,0,8,29.6,31.0,100.0,0,0,0,9,0,0,0,32,9,29,0,0,0,0
Robert Tonyan,12193,TE,MIN,5,60.0,0,18,50.8,,56.4,0,0,0,0.0,0.0,,0,0,0,9,0,0,0,15,0,6,0,0,9,13
Dante Pettis,48113,WR,NO,2,64.3,0,20,72.2,,61.5,0,0,0,0.0,0.0,,0,0,0,9,0,0,0,14,0,5,0,0,9,0
Austin Trammell,52195,WR,JAX,1,27.3,0,15,64.9,,53.6,0,0,0,0.0,0.0,,0,0,0,9,0,0,0,33,0,24,0,0,9,0
Tyrell Shavers,61107,WR,BUF,2,40.9,0,4,52.9,,58.7,0,0,0,0.0,0.0,,0,0,0,9,0,0,0,22,0,13,0,0,9,0
Jeff Wilson Jr.,29413,HB,MIA,4,21.1,0,17,60.0,79.9,60.1,0,0,3,12.5,12.5,100.0,0,0,0,8,0,0,0,38,3,24,0,0,5,0
Will Mallory,77888,TE,IND,7,11.9,0,14,48.4,,35.7,0,0,0,0.0,0.0,,0,0,0,8,0,0,0,67,0,59,0,0,8,12
Chris Rodriguez Jr.,83689,HB,WAS,2,32.0,0,32,71.3,22.4,60.0,0,1,4,57.1,57.1,87.5,0,1,0,8,0,0,0,25,4,7,0,0,4,0
Trishton Jackson,41247,WR,MIN,2,80.0,0,18,57.8,,61.2,0,0,0,0.0,0.0,,0,0,0,8,0,0,0,10,0,2,0,0,8,0
Avery Williams,42873,HB,ATL,3,100.0,0,2,60.0,,60.0,0,0,0,,,,0,0,0,8,0,0,0,8,0,0,0,0,8,0
Mason Kinsey,115664,WR,TEN,1,100.0,0,31,61.1,,61.3,0,0,0,,,,0,0,0,8,0,0,0,8,0,0,0,0,8,0
Frank Crum,75860,T,DEN,2,100.0,0,10,59.3,66.2,58.2,0,0,1,100.0,100.0,100.0,0,0,0,8,0,0,3,8,1,1,0,3,7,2
Josh Johnson,4474,QB,BLT,3,66.7,0,3,52.0,,60.0,0,0,0,0.0,0.0,,0,0,0,8,0,0,0,12,0,1,0,0,8,0
Anthony Gould,97078,WR,IND,3,72.7,0,14,56.7,,60.2,0,0,0,0.0,0.0,,0,0,0,8,0,0,0,11,0,3,0,0,8,0
Robbie Chosen,11254,WR,MIA,2,27.6,0,17,51.8,,53.5,0,0,0,0.0,0.0,,0,0,0,8,0,0,0,29,0,21,0,0,8,0
Kendric Pryor,40408,WR,CIN,1,44.4,0,7,65.2,,60.2,0,0,0,0.0,0.0,,0,0,0,8,0,0,0,18,0,10,0,0,8,0
Kimani Vidal,123727,HB,LAC,4,13.6,0,27,61.3,65.6,60.0,0,0,5,14.7,13.2,80.0,0,1,1,8,0,0,0,59,5,38,0,0,3,0
Jaelon Darden,61522,WR,CLV,3,31.8,0,8,54.7,,60.3,0,0,0,0.0,0.0,,0,0,0,7,0,0,0,22,0,15,0,0,7,0
Isiah Pacheco,83747,HB,KC,2,8.1,0,16,67.0,77.7,60.0,0,0,3,7.0,6.5,100.0,0,0,0,7,0,0,0,86,3,46,0,0,4,0
Kendre Miller,123091,HB,NO,2,23.3,0,20,71.9,35.5,60.0,0,0,6,33.3,33.3,100.0,0,0,0,7,0,0,0,30,6,18,0,0,1,0
Anthony Firkser,51837,TE,NYJ,3,77.8,0,22,54.4,70.4,55.7,0,0,1,33.3,50.0,100.0,0,0,0,7,0,0,0,9,2,4,0,0,5,5
Tanner Conner,22777,TE,MIA,6,28.0,1,17,49.0,,60.1,0,0,0,0.0,0.0,,1,0,0,7,0,0,0,25,0,18,0,0,7,7
Raheem Blackshear,57385,HB,CAR,5,63.6,0,5,52.2,25.0,60.0,0,1,2,33.3,42.9,75.0,0,1,0,7,0,0,0,11,3,7,0,0,4,0
Tylan Grable,109425,T,BUF,2,100.0,0,4,51.6,69.9,46.8,0,0,1,100.0,100.0,100.0,0,0,0,7,0,0,7,7,1,1,0,0,6,0
Ben Bartch,84236,G,SF,1,100.0,0,28,62.9,78.2,59.7,0,0,5,100.0,100.0,100.0,0,0,0,7,0,7,0,7,5,5,0,0,2,0
Jon Gaines II,81879,C,ARZ,2,87.5,0,1,72.1,,74.3,0,0,0,0.0,0.0,,0,0,0,7,7,0,0,8,0,1,0,0,7,0
Sione Vaki,158505,HB,DET,8,27.3,0,11,65.6,,53.7,0,0,0,0.0,0.0,,0,0,0,6,0,0,0,22,0,9,0,0,6,0
Casey Washington,101710,WR,ATL,2,66.7,0,2,76.0,,60.6,0,0,0,0.0,0.0,,0,0,0,6,0,0,0,9,0,3,0,0,6,0
Jalen Sundell,91396,C,SEA,3,100.0,0,29,58.8,,58.8,0,0,0,,,,0,0,0,6,0,0,0,6,0,0,0,0,6,4
Kadeem Telfort,59680,G,GB,2,100.0,0,12,53.6,,54.0,0,0,0,,,,0,0,0,6,0,4,0,6,0,0,0,1,6,1
Ramel Keyton,99204,WR,LV,3,17.1,0,23,58.0,,60.9,0,0,0,0.0,0.0,,0,0,0,6,0,0,0,35,0,29,0,0,6,0
Zach Davidson,143780,TE,BUF,1,54.5,0,4,66.1,,77.9,0,0,0,0.0,0.0,,0,0,0,6,0,0,0,11,0,5,0,0,6,4
Nick Muse,61079,TE,MIN,2,75.0,0,18,56.4,,59.6,0,0,0,0.0,0.0,,0,0,0,6,0,0,0,8,0,2,0,1,6,7
Brayden Willis,77917,TE,SF,3,100.0,0,28,55.7,,55.7,0,0,0,,,,0,0,0,6,0,0,0,6,0,0,0,0,6,5
Princeton Fant,62982,TE,DAL,1,62.5,0,9,60.6,82.1,58.4,0,0,2,66.7,40.0,100.0,0,0,0,5,0,0,0,8,2,5,0,0,3,4
Taylor Heinicke,9896,QB,LAC,1,50.0,0,27,66.0,,60.0,0,0,0,0.0,0.0,,0,0,0,5,0,0,0,10,0,5,0,0,5,0
British Brooks,77714,HB,HST,2,55.6,0,13,56.5,64.9,65.2,0,0,1,25.0,25.0,100.0,0,0,0,5,0,0,0,9,1,4,0,0,4,3
Jalen Cropper,97273,WR,DAL,1,41.7,0,9,54.1,,59.6,0,0,0,0.0,0.0,,0,0,0,5,0,0,0,12,0,7,0,0,5,0
Irvin Charles,28304,WR,NYJ,5,50.0,0,22,50.7,,50.9,0,0,0,0.0,0.0,,0,0,0,5,0,0,0,10,0,5,0,0,5,4
Trayveon Williams,45775,HB,CIN,2,62.5,0,7,43.1,15.4,60.0,0,0,3,50.0,50.0,66.7,0,1,1,5,0,0,0,8,3,6,0,0,2,0
Devontez Walker,145773,WR,BLT,2,83.3,0,3,55.1,,60.0,0,0,0,0.0,0.0,,0,0,0,5,0,0,0,6,0,1,0,0,5,0
Dalvin Cook,11796,HB,DAL,2,21.7,0,9,53.3,78.8,,0,0,5,33.3,33.3,100.0,0,0,0,5,0,0,0,23,5,15,0,0,0,0
Odell Beckham Jr.,8647,WR,MIA,7,5.3,0,17,46.7,,31.1,0,0,0,0.0,0.0,,0,0,0,5,0,0,0,95,0,90,0,0,5,0
Deuce Vaughn,122624,HB,DAL,5,13.5,0,9,55.7,16.0,60.0,0,0,2,10.0,8.7,100.0,0,0,0,5,0,0,0,37,2,23,0,0,3,0
J.J. Taylor,25512,HB,HST,4,15.2,0,13,59.5,30.5,,0,0,5,22.7,21.7,100.0,0,0,0,5,0,0,0,33,5,23,0,0,0,0
Rodney Williams,63718,TE,PIT,3,100.0,0,25,60.0,,60.0,0,0,0,,,,0,0,0,5,0,0,0,5,0,0,0,0,5,5
Dameon Pierce,83659,HB,HST,5,12.2,0,13,73.1,41.7,60.0,0,0,2,8.7,8.7,100.0,0,0,0,5,0,0,0,41,2,23,0,0,3,0
Isaiah Williams,97156,WR,CIN,2,62.5,0,7,60.2,,59.3,0,0,0,0.0,0.0,,0,0,0,5,0,0,0,8,0,3,0,0,5,0
Pat Surtain II,83119,CB,DEN,2,100.0,1,10,60.0,,60.0,0,0,0,,,,9,0,0,5,0,0,0,5,0,0,0,0,5,0
Winston Reid,63354,LB,CLV,3,71.4,0,8,55.0,,53.4,0,0,0,0.0,0.0,,0,0,0,5,0,0,0,7,0,2,0,0,5,1
Trey Lance,91399,QB,DAL,2,29.4,0,9,55.1,,60.0,0,0,0,0.0,0.0,,0,0,0,5,0,0,0,17,0,8,0,0,5,0
James Proche II,48037,WR,CLV,4,40.0,0,8,57.7,,60.0,0,0,0,0.0,0.0,,0,0,0,4,0,0,0,10,0,6,0,0,4,0
Colson Yankoff,83589,TE,WAS,2,66.7,0,32,56.5,,60.0,0,0,0,0.0,0.0,,0,0,0,4,0,0,0,6,0,2,0,0,4,2
Deonte Harty,91470,WR,BLT,3,66.7,0,3,56.0,,60.0,0,0,0,0.0,0.0,,0,0,0,4,0,0,0,6,0,2,0,0,4,0
Andre Dillard,29250,T,GB,1,100.0,0,12,65.5,,67.8,0,0,0,,,,0,0,0,4,0,0,0,4,0,0,0,4,4,0
Kana'i Mauga,81982,LB,LV,2,100.0,0,23,66.7,78.4,68.0,0,0,2,100.0,100.0,100.0,0,0,0,4,0,0,0,4,2,2,0,0,2,0
Travis Glover,81658,G,GB,1,100.0,0,12,69.8,,68.0,0,0,0,,,,0,0,0,4,0,0,0,4,0,0,4,0,4,0
David Bell,97989,WR,CLV,1,44.4,0,8,78.7,,81.4,0,0,0,0.0,0.0,,0,0,0,4,0,0,0,9,0,5,0,0,4,0
Jonathan Ward,25859,HB,PIT,3,40.0,0,25,72.9,75.7,60.0,0,0,1,50.0,50.0,100.0,1,0,0,4,0,0,0,10,1,2,0,0,3,0
Tyler Mabry,25705,TE,SEA,2,100.0,0,29,60.0,,58.9,0,0,0,,,,0,0,0,4,0,0,0,4,0,0,0,0,4,4
Kenny McIntosh,99158,HB,SEA,3,30.8,0,29,73.5,74.5,60.0,0,0,2,33.3,33.3,100.0,0,0,0,4,0,0,0,13,2,6,0,0,2,0
Solomon Thomas,11758,DI,NYJ,2,80.0,1,22,57.9,71.3,58.1,0,0,1,50.0,50.0,100.0,2,0,0,4,0,0,0,5,1,2,0,0,3,1
Sam Hubbard,48457,ED,CIN,3,100.0,0,7,61.1,68.3,60.0,0,0,1,100.0,100.0,100.0,0,0,0,4,0,0,0,4,1,1,0,0,3,4
Roman Wilson,129604,WR,PIT,1,80.0,0,25,56.7,,53.9,0,0,0,0.0,0.0,,0,0,0,4,0,0,0,5,0,1,0,0,4,0
Desmond Ridder,55086,QB,LV,2,10.3,0,23,39.8,,60.0,0,0,0,0.0,0.0,,0,0,0,4,0,0,0,39,0,35,0,0,4,0
Calvin Throckmorton,28238,G,DEN,2,100.0,0,10,42.3,62.1,43.5,0,0,1,100.0,100.0,100.0,0,0,0,3,0,2,0,3,1,1,0,0,2,0
Jermaine Jackson,141559,WR,NO,2,75.0,0,20,56.1,,59.1,0,0,0,,,,0,0,0,3,0,0,0,4,0,0,0,0,3,0
Chris Collier,142677,HB,BLT,1,100.0,0,3,60.0,,60.0,0,0,0,,,,0,0,0,3,0,0,0,3,0,0,0,0,3,0
Royce Newman,41746,T,TB,1,100.0,0,30,60.0,,59.7,0,0,0,,,,0,0,0,3,0,0,0,3,0,0,0,3,3,0
Jamison Crowder,9538,WR,WAS,2,25.0,0,32,55.5,,60.0,0,0,0,0.0,0.0,,0,0,0,3,0,0,0,12,0,9,0,0,3,0
Jake Browning,46401,QB,CIN,2,75.0,0,7,60.0,,60.0,0,0,0,,,,0,0,0,3,0,0,0,4,0,0,0,0,3,0
Will Shipley,144138,HB,PHI,6,10.7,0,24,53.9,,60.0,0,0,0,0.0,0.0,,0,0,0,3,0,0,0,28,0,6,0,0,3,0
Jaxson Kirkland,60215,T,CIN,1,100.0,0,7,49.3,,50.3,0,0,0,,,,0,0,0,3,0,0,0,3,0,0,0,0,3,3
Brycen Tremayne,84425,WR,WAS,1,60.0,0,32,59.1,,59.9,0,0,0,0.0,0.0,,0,0,0,3,0,0,0,5,0,2,0,0,3,0
Jarrett Stidham,13725,QB,DEN,2,60.0,0,10,61.0,,60.0,0,0,0,,,,0,0,0,3,0,0,0,5,0,0,0,0,3,0
Lecitus Smith,61069,G,NE,1,100.0,0,19,58.7,,58.2,0,0,0,,,,0,0,0,3,0,0,0,3,0,0,0,0,3,0
Cole Van Lanen,41583,T,JAX,1,100.0,0,15,60.0,71.3,60.0,0,0,0,,100.0,,0,0,0,3,0,0,0,3,2,2,0,3,1,0
Richard Gouraige,81635,T,BUF,1,100.0,0,4,60.0,,58.7,0,0,0,,,,0,0,0,3,0,0,2,3,0,0,0,1,3,0
Montrell Washington,64310,WR,KC,1,60.0,0,16,57.4,,60.0,0,0,0,0.0,0.0,,0,0,0,3,0,0,0,5,0,2,0,0,3,0
Marquez Callaway,42295,WR,TB,2,60.0,0,30,54.5,,55.4,0,0,0,0.0,0.0,,0,0,0,3,0,0,0,5,0,2,0,0,3,0
Erik Ezukanma,78148,WR,MIA,1,27.3,0,17,54.6,,60.1,0,0,0,0.0,0.0,,0,0,0,3,0,0,0,11,0,8,0,0,3,0
Terrace Marshall Jr.,84271,WR,LV,1,42.9,0,23,54.3,,59.6,0,0,0,0.0,0.0,,0,0,0,3,0,0,0,7,0,4,0,0,3,0
Tyrod Taylor,6332,QB,NYJ,1,23.1,0,22,66.1,,60.0,0,0,0,0.0,0.0,,0,0,0,3,0,0,0,13,0,10,0,0,3,0
Cam Grandy,134552,TE,CIN,2,60.0,0,7,67.5,,74.0,0,0,0,0.0,0.0,,0,0,0,3,0,0,0,5,0,2,0,0,3,3
Kendall Milton,124031,HB,CIN,1,60.0,0,7,60.6,73.5,60.0,0,0,1,33.3,33.3,100.0,0,0,0,3,0,0,0,5,1,3,0,0,2,0
Darian Kinnard,51789,G,PHI,1,100.0,0,24,59.0,,59.0,0,0,0,,,,0,0,0,3,0,3,0,3,0,0,0,0,3,0
Kadarius Toney,61245,WR,CLV,1,33.3,0,8,43.3,,60.0,0,0,0,0.0,0.0,,0,0,0,2,0,0,0,6,0,3,0,0,2,0
Joshua Kelley,13750,HB,TEN,1,100.0,0,31,60.0,,60.0,0,0,0,,,,0,0,0,2,0,0,0,2,0,0,0,0,2,0
Nick Vigil,10721,LB,DAL,2,100.0,0,9,60.0,94.5,,0,0,2,100.0,100.0,100.0,0,0,0,2,0,0,0,2,2,2,0,0,0,0
Vita Vea,48956,DI,TB,1,100.0,0,30,59.7,,59.1,0,0,0,,,,1,0,0,2,0,0,0,2,0,0,0,0,2,0
Claudin Cherelus,52094,LB,CAR,2,100.0,0,5,60.0,88.8,,0,0,2,100.0,100.0,100.0,0,0,0,2,0,0,0,2,2,2,0,0,0,0
Jon Rhattigan,57718,LB,CAR,2,100.0,0,5,60.0,84.4,,0,0,2,100.0,100.0,100.0,0,0,0,2,0,0,0,2,2,2,0,0,0,0
Bryce Ford-Wheaton,78127,WR,NYG,2,100.0,0,21,60.0,36.3,60.0,0,1,1,100.0,100.0,50.0,0,1,0,2,0,0,0,2,1,1,0,0,1,0
Jack Campbell,101515,LB,DET,2,100.0,0,11,60.0,62.7,60.0,0,0,1,100.0,100.0,100.0,2,0,0,2,0,0,0,2,1,1,0,0,1,0
Trevin Wallace,146747,LB,CAR,2,100.0,0,5,60.0,80.4,,0,0,2,100.0,100.0,100.0,0,0,0,2,0,0,0,2,2,2,0,0,0,0
Justyn Ross,78021,WR,KC,2,14.3,0,16,50.9,,60.0,0,0,0,0.0,0.0,,0,0,0,2,0,0,0,14,0,12,0,0,2,0
Steven Sims,48341,WR,HST,4,20.0,0,13,50.4,,60.0,0,0,0,0.0,0.0,,0,0,0,2,0,0,0,10,0,7,0,0,2,0
Jase McClellan,123926,HB,ATL,2,10.5,0,2,70.6,74.5,,0,0,2,33.3,33.3,100.0,0,0,0,2,0,0,0,19,2,6,0,0,0,0
Devin Culp,84080,TE,TB,2,100.0,0,30,60.0,,60.0,0,0,0,,,,0,0,0,2,0,0,0,2,0,0,0,0,2,1
Elijah Cooks,61501,WR,JAX,1,66.7,0,15,58.1,,60.0,0,0,0,0.0,0.0,,0,0,0,2,0,0,0,3,0,1,0,0,2,0
Malcolm Rodriguez,60731,LB,DET,2,100.0,0,11,60.0,62.7,60.0,0,0,1,100.0,100.0,100.0,0,0,0,2,0,0,0,2,1,1,0,0,1,0
Davis Mills,52269,QB,HST,2,12.5,0,13,63.2,,60.0,0,0,0,0.0,0.0,,0,0,0,2,0,0,0,16,0,14,0,0,2,0
Drew Lock,39517,QB,NYG,2,15.4,0,21,27.5,,60.0,0,0,0,0.0,0.0,,0,0,0,2,0,0,0,13,0,11,0,0,2,0
Leo Chenal,101463,LB,KC,2,66.7,0,16,56.5,,59.0,0,0,0,0.0,0.0,,0,0,0,2,0,0,0,3,0,1,0,0,2,0
JJ Jansen,4712,LS,CAR,2,100.0,0,5,60.0,75.9,,0,0,2,100.0,100.0,100.0,0,0,0,2,0,0,0,2,2,2,0,0,0,0
Ben Niemann,51099,LB,DET,2,100.0,0,11,60.0,62.7,60.0,0,0,1,100.0,100.0,100.0,0,0,0,2,0,0,0,2,1,1,0,0,1,0
Patrick Taylor,40448,HB,SF,2,9.5,0,28,59.5,,60.0,0,0,0,0.0,0.0,,0,0,0,2,0,0,0,21,0,10,0,0,2,0
Markquese Bell,56033,S,DAL,2,100.0,0,9,60.0,95.5,,0,0,2,100.0,100.0,100.0,1,0,0,2,0,0,0,2,2,2,0,0,0,0
Nick Mullens,12282,QB,MIN,3,40.0,0,18,76.9,,60.0,0,0,0,0.0,0.0,,0,0,0,2,0,0,0,5,0,2,0,0,2,0
Hogan Hatten,102135,LS,DET,2,100.0,0,11,60.0,61.5,60.0,0,0,1,100.0,100.0,100.0,0,0,0,2,0,0,0,2,1,1,0,0,1,0
Trent Sieg,27036,LS,DAL,2,100.0,0,9,60.0,81.0,,0,0,2,100.0,100.0,100.0,0,0,0,2,0,0,0,2,2,2,0,0,0,0
Ihmir Smith-Marsette,61324,WR,NYG,2,100.0,0,21,57.7,,54.3,0,0,0,,,,0,0,0,2,0,0,0,2,0,0,0,0,2,0
Tyler Badie,83714,HB,DEN,3,9.5,0,10,62.0,,60.0,0,0,0,0.0,0.0,,0,0,0,2,0,0,0,21,0,7,0,0,2,0
Buddy Johnson,58189,LB,DAL,2,100.0,0,9,60.0,88.3,,0,0,2,100.0,100.0,100.0,0,0,0,2,0,0,0,2,2,2,0,0,0,0
Thomas Incoom,145694,ED,CAR,2,100.0,0,5,60.0,84.4,,0,0,2,100.0,100.0,100.0,0,0,0,2,0,0,0,2,2,2,0,0,0,0
Amari Burney,83811,LB,LV,1,100.0,0,23,60.0,62.0,,0,0,1,100.0,100.0,100.0,0,0,0,1,0,0,0,1,1,1,0,0,0,0
Kindle Vildor,49346,CB,DET,2,50.0,0,11,58.6,,60.0,0,0,0,0.0,0.0,,1,0,0,1,0,0,0,2,0,1,0,0,1,0
DeForest Buckner,10641,DI,IND,1,100.0,0,14,60.0,,60.0,0,0,0,,,,0,0,0,1,0,0,0,1,0,0,0,0,1,0
Christian Rozeboom,49862,LB,LA,1,100.0,0,26,60.0,,60.0,0,0,0,,,,1,0,0,1,0,0,0,1,0,0,0,0,1,0
Carson Wentz,10636,QB,KC,1,100.0,0,16,60.0,,60.0,0,0,0,,,,0,0,0,1,0,0,0,1,0,0,0,0,1,0
Jarrett Kingston,81933,G,CAR,1,100.0,0,5,60.0,73.0,,0,0,1,100.0,100.0,100.0,0,0,0,1,0,0,1,1,1,1,0,0,0,0
Sincere McCormick,97119,HB,LV,1,12.5,0,23,69.1,73.4,,0,0,1,33.3,33.3,100.0,0,0,0,1,0,0,0,8,1,3,0,0,0,0
J.T. Gray,51495,S,NO,1,100.0,0,20,60.0,,60.0,0,0,0,,,,0,0,0,1,0,0,0,1,0,0,0,0,1,0
Brenden Rice,131692,WR,LAC,1,33.3,0,27,56.2,,60.0,0,0,0,0.0,0.0,,0,0,0,1,0,0,0,3,0,2,0,0,1,0
Devin Cochran,41198,T,CIN,1,100.0,0,7,60.0,68.8,,0,0,1,100.0,100.0,100.0,0,0,0,1,0,0,0,1,1,1,0,1,0,0
Elijah Wilkinson,46238,T,ATL,1,100.0,0,2,60.0,,60.0,0,0,0,,,,0,0,0,1,0,0,0,1,0,0,0,0,1,1
Tuli Tuipulotu,131840,ED,LAC,1,100.0,0,27,60.0,,60.0,0,0,0,,,,1,0,0,1,0,0,0,1,0,0,0,0,1,0
Charles Woods,89148,CB,LA,1,100.0,0,26,60.0,,60.0,0,0,0,,,,0,0,0,1,0,0,0,1,0,0,0,0,1,0
Matt Waletzko,87430,T,DAL,1,100.0,0,9,60.0,69.6,,0,0,1,100.0,100.0,100.0,0,0,0,1,0,0,0,1,1,1,0,0,0,1
Calais Campbell,4364,DI,MIA,1,100.0,0,17,60.0,,60.0,0,0,0,,,,0,0,0,1,0,0,0,1,0,0,0,0,1,0
Andrew Stueber,59856,T,CIN,1,100.0,0,7,60.0,,60.0,0,0,0,,,,0,0,0,1,0,0,0,1,0,0,0,0,1,1
Keenan Isaac,86972,CB,TB,1,100.0,0,30,60.0,,60.0,0,0,0,,,,0,0,0,1,0,0,0,1,0,0,0,0,1,0
Jason Sanders,29578,K,MIA,1,100.0,0,17,60.0,,60.0,0,0,0,,,,0,0,0,1,0,0,0,1,0,0,0,0,1,0
Jacob Bobenmoyer,30352,LS,LV,1,100.0,0,23,60.0,60.8,,0,0,1,100.0,100.0,100.0,0,0,0,1,0,0,0,1,1,1,0,0,0,0
Nick Zakelj,59693,C,SF,1,100.0,0,28,60.0,,60.0,0,0,0,,,,0,0,0,1,1,0,0,1,0,0,0,0,1,0
Jonathon Brooks,144721,HB,CAR,1,20.0,0,5,52.7,74.4,,0,0,1,33.3,33.3,100.0,0,0,0,1,0,0,0,5,1,3,0,0,0,0
Mark Robinson,55265,LB,PIT,1,100.0,0,25,60.0,61.5,,0,0,1,100.0,100.0,100.0,0,0,0,1,0,0,0,1,1,1,0,0,0,0
Jack Fox,34735,P,DET,2,50.0,0,11,72.6,,60.0,0,0,0,0.0,0.0,,0,0,0,1,0,0,0,2,0,1,0,0,1,0
Alex Ward,55396,LS,LA,1,100.0,0,26,60.0,,60.0,0,0,0,,,,0,0,0,1,0,0,0,1,0,0,0,0,1,0
Liam McCullough,35213,LS,ATL,1,100.0,0,2,60.0,63.8,,0,0,0,,100.0,,0,0,0,1,0,0,0,1,1,1,0,0,0,0
Blake Ferguson,35517,LS,MIA,1,100.0,0,17,60.0,,60.0,0,0,0,,,,0,0,0,1,0,0,0,1,0,0,0,0,1,0
J.J. Russell,57958,LB,TB,1,100.0,0,30,60.0,,60.0,0,0,0,,,,1,0,0,1,0,0,0,1,0,0,0,0,1,0
Jake Hummel,57879,LB,LA,1,100.0,0,26,60.0,,60.0,0,0,0,,,,0,0,0,1,0,0,0,1,0,0,0,0,1,0
Kaevon Merriweather,83257,S,TB,1,100.0,1,30,60.0,,60.0,0,0,0,,,,1,0,0,1,0,0,0,1,0,0,0,0,1,0
James Winchester,8580,LS,KC,1,100.0,0,16,60.0,,60.0,0,0,0,,,,0,0,0,1,0,0,0,1,0,0,0,0,1,0
D'Marco Jackson,57691,LB,NO,1,100.0,0,20,60.0,,60.0,0,0,0,,,,0,0,0,1,0,0,0,1,0,0,0,0,1,0
Mitchell Fraboni,38930,LS,DEN,1,100.0,0,10,60.0,62.1,,0,0,1,100.0,100.0,100.0,0,0,0,1,0,0,0,1,1,1,0,0,0,0
Josh Harris,7748,LS,LAC,1,100.0,0,27,60.0,,60.0,0,0,0,,,,0,0,0,1,0,0,0,1,0,0,0,0,1,0
Jaylen Johnson,84191,WR,LAC,1,100.0,0,27,60.0,,60.0,0,0,0,,,,0,0,0,1,0,0,0,1,0,0,0,0,1,0
Ja'Sir Taylor,55426,CB,LAC,1,100.0,0,27,60.0,,60.0,0,0,0,,,,1,0,0,1,0,0,0,1,0,0,0,0,1,0
Corliss Waitman,39620,P,PIT,1,100.0,0,25,60.0,62.1,,0,0,1,100.0,100.0,100.0,0,0,0,1,0,0,0,1,1,1,0,0,0,0
Joshua Williams,156083,CB,KC,1,100.0,0,16,60.0,,60.0,0,0,0,,,,3,0,0,1,0,0,0,1,0,0,0,0,1,0
Nikola Kalinic,156095,TE,LA,1,100.0,0,26,60.0,,60.0,0,0,0,,,,0,0,0,1,0,0,0,1,0,0,0,0,1,0
Tyreik McAllister,156153,WR,LV,1,25.0,0,23,62.0,,60.0,0,0,0,0.0,0.0,,0,0,0,1,0,0,0,4,0,1,0,0,1,0
DeeJay Dallas,55632,HB,ARZ,2,20.0,0,1,68.1,,60.0,0,0,0,,,,0,0,0,1,0,0,0,5,0,0,0,0,1,0
Payton Turner,56624,ED,NO,1,100.0,0,20,60.0,,60.0,0,0,0,,,,1,0,0,1,0,0,0,1,0,0,0,0,1,0
Jacoby Windmon,101226,LB,CAR,1,100.0,0,5,60.0,60.9,,0,0,1,100.0,100.0,100.0,0,0,0,1,0,0,0,1,1,1,0,0,0,0
Tommy Eichenberg,101488,LB,LV,1,100.0,1,23,60.0,61.4,,0,0,1,100.0,100.0,100.0,1,0,0,1,0,0,0,1,1,1,0,0,0,0
Matt Araiza,82642,P,KC,1,100.0,0,16,60.0,,60.0,0,0,0,,,,0,0,0,1,0,0,0,1,0,0,0,0,1,0
Zach Sieler,66917,DI,MIA,1,100.0,0,17,60.0,,60.0,0,0,0,,,,0,0,0,1,0,0,0,1,0,0,0,0,1,0
Juanyeh Thomas,76655,S,DAL,2,50.0,0,9,61.1,63.8,,0,0,1,50.0,50.0,100.0,0,0,0,1,0,0,0,2,1,2,0,0,0,0
Grover Stewart,11899,DI,IND,1,100.0,1,14,60.0,,60.0,0,0,0,,,,2,0,0,1,0,0,0,1,0,0,0,0,1,0
Jack Cochrane,63345,LB,KC,1,100.0,0,16,60.0,,60.0,0,0,0,,,,0,0,0,1,0,0,0,1,0,0,0,0,1,0
Chamarri Conner,76662,S,KC,1,100.0,0,16,60.0,,60.0,0,0,0,,,,3,0,0,1,0,0,0,1,0,0,0,0,1,0
Amari Gainer,77091,ED,LV,1,100.0,0,23,60.0,61.4,,0,0,1,100.0,100.0,100.0,0,0,0,1,0,0,0,1,1,1,0,0,0,0
Terrell Jennings,102408,HB,NE,1,7.1,0,19,55.8,75.0,,0,0,1,11.1,11.1,100.0,0,0,0,1,0,0,0,14,1,9,0,0,0,0
Isaiah Foskey,102728,ED,NO,1,100.0,0,20,60.0,,60.0,0,0,0,,,,0,0,0,1,0,0,0,1,0,0,0,0,1,0
Payton Wilson,77127,LB,PIT,1,100.0,0,25,60.0,62.1,,0,0,1,100.0,100.0,100.0,0,0,0,1,0,0,0,1,1,1,0,0,0,0
Blake Freeland,102844,T,IND,1,100.0,0,14,60.0,,60.0,0,0,0,,,,0,0,0,1,0,0,1,1,0,0,0,0,1,0
Antonio Grier,77185,LB,TB,1,100.0,0,30,60.0,,60.0,0,0,0,,,,0,0,0,1,0,0,0,1,0,0,0,0,1,0
Jordan McFadden,77578,G,LAC,1,100.0,0,27,60.0,,60.0,0,0,0,,,,0,0,0,1,0,0,0,1,0,0,0,0,1,1
Daiyan Henley,61500,LB,LAC,1,100.0,0,27,60.0,,60.0,0,0,0,,,,1,0,0,1,0,0,0,1,0,0,0,0,1,0
Dante Miller,109158,HB,NYG,1,100.0,0,21,60.0,,60.0,0,0,0,,,,0,0,0,1,0,0,0,1,0,0,0,0,1,0
Millard Bradford,99504,S,NO,1,100.0,0,20,60.0,,60.0,0,0,0,,,,0,0,0,1,0,0,0,1,0,0,0,0,1,0
Mitchell Wilcox,47234,TE,NE,1,100.0,0,19,60.0,,60.0,0,0,0,,,,0,0,0,1,0,0,0,1,0,0,0,0,1,1
Christian Kuntz,20035,LS,PIT,1,100.0,0,25,60.0,60.8,,0,0,1,100.0,100.0,100.0,0,0,0,1,0,0,0,1,1,1,0,0,0,0
Cole Christiansen,43856,LB,KC,1,100.0,0,16,60.0,,60.0,0,0,0,,,,0,0,0,1,0,0,0,1,0,0,0,0,1,0
Ethan Evans,112090,P,LA,1,100.0,0,26,60.0,,60.0,0,0,0,,,,0,0,0,1,0,0,0,1,0,0,0,0,1,0
AJ Finley,98887,S,LAC,1,100.0,0,27,60.0,,60.0,0,0,0,,,,0,0,0,1,0,0,0,1,0,0,0,0,1,0
Nick Niemann,43500,LB,LAC,1,100.0,0,27,60.0,,60.0,0,0,0,,,,0,0,0,1,0,0,0,1,0,0,0,0,1,0
Jammie Robinson,98836,S,CAR,1,100.0,0,5,60.0,63.8,,0,0,1,100.0,100.0,100.0,0,0,0,1,0,0,0,1,1,1,0,0,0,0
DJ Chark Jr.,47702,WR,LAC,1,100.0,0,27,60.0,,60.0,0,0,0,,,,0,0,0,1,0,0,0,1,0,0,0,0,1,0
Kyle Allen,26152,QB,PIT,1,50.0,0,25,73.2,,60.0,0,0,0,0.0,0.0,,0,0,0,1,0,0,0,2,0,1,0,0,1,0
Anfernee Orji,98568,LB,NO,1,100.0,0,20,60.0,,60.0,0,0,0,,,,0,0,0,1,0,0,0,1,0,0,0,0,1,0
Nazeeh Johnson,42553,CB,KC,1,100.0,1,16,60.0,,60.0,0,0,0,,,,2,0,0,1,0,0,0,1,0,0,0,0,1,0
John Ross,11764,WR,PHI,1,8.3,0,24,55.9,,60.0,0,0,0,0.0,0.0,,0,0,0,1,0,0,0,12,0,11,0,0,1,0
Nick Hampton,81162,ED,LA,1,100.0,0,26,60.0,,60.0,0,0,0,,,,0,0,0,1,0,0,0,1,0,0,0,0,1,0
Jeremiah Moon,26453,ED,PIT,1,100.0,0,25,60.0,62.1,,0,0,1,100.0,100.0,100.0,0,0,0,1,0,0,0,1,1,1,0,0,0,0
Jack Westover,84079,TE,NE,1,100.0,0,19,60.0,,60.0,0,0,0,,,,0,0,0,1,0,0,0,1,0,0,0,0,1,1
Cam Jones,81244,LB,KC,1,100.0,0,16,60.0,,60.0,0,0,0,,,,0,0,0,1,0,0,0,1,0,0,0,0,1,0
Damone Clark,81282,LB,DAL,1,100.0,0,9,60.0,62.7,,0,0,1,100.0,100.0,100.0,0,0,0,1,0,0,0,1,1,1,0,0,0,0
Zach Triner,11518,LS,TB,1,100.0,0,30,60.0,,60.0,0,0,0,,,,0,0,0,1,0,0,0,1,0,0,0,0,1,0
Khalil Dorsey,27819,CB,DET,2,50.0,0,11,58.4,,60.0,0,0,0,0.0,0.0,,0,0,0,1,0,0,0,2,0,1,0,0,1,0
Keaton Mitchell,123826,HB,BLT,2,25.0,0,3,53.7,,60.0,0,0,0,0.0,0.0,,0,0,0,1,0,0,0,4,0,2,0,0,1,0
Zach Wood,11414,LS,NO,1,100.0,0,20,60.0,,60.0,0,0,0,,,,0,0,0,1,0,0,0,1,0,0,0,0,1,0
Omar Speights,97723,LB,LA,1,100.0,0,26,60.0,,60.0,0,0,0,,,,0,0,0,1,0,0,0,1,0,0,0,0,1,0
Troy Dye,28251,LB,LAC,1,100.0,0,27,60.0,,60.0,0,0,0,,,,0,0,0,1,0,0,0,1,0,0,0,0,1,0
Sam Howell,97599,QB,SEA,1,100.0,0,29,60.0,,60.0,0,0,0,,,,0,0,0,1,0,0,0,1,0,0,0,0,1,0
Cody Thompson,48152,WR,TB,1,33.3,0,30,57.1,,60.0,0,0,0,0.0,0.0,,0,0,0,1,0,0,0,3,0,2,0,0,1,0
Trenton Gill,60295,P,TB,1,100.0,0,30,60.0,,60.0,0,0,0,,,,0,0,0,1,0,0,0,1,0,0,0,0,1,0
Tyler Matakevich,10880,LB,PIT,1,100.0,0,25,60.0,61.5,,0,0,1,100.0,100.0,100.0,0,0,0,1,0,0,0,1,1,1,0,0,0,0
MarShawn Lloyd,124247,HB,GB,1,10.0,0,12,53.3,,60.0,0,0,0,0.0,0.0,,0,0,0,1,0,0,0,10,0,3,0,0,1,0
Anthony Nelson,48405,ED,TB,1,100.0,0,30,60.0,,60.0,0,0,0,,,,0,0,0,1,0,0,0,1,0,0,0,0,1,0
Elandon Roberts,10848,LB,PIT,1,100.0,0,25,60.0,61.5,,0,0,1,100.0,100.0,100.0,0,0,0,1,0,0,0,1,1,1,0,0,0,0
Jeff Driskel,10841,QB,WAS,1,100.0,0,32,60.0,,60.0,0,0,0,,,,0,0,0,1,0,0,0,1,0,0,0,0,1,0
Evan Hull,97302,HB,IND,1,100.0,0,14,60.0,,60.0,0,0,0,,,,0,0,0,1,0,0,0,1,0,0,0,0,1,0
Trevor Nowaske,169859,ED,DET,1,100.0,0,11,60.0,,60.0,0,0,0,,,,0,0,0,1,0,0,0,1,0,0,0,0,1,0
Velus Jones Jr.,40573,HB,JAX,1,25.0,0,15,71.7,,59.8,0,0,0,0.0,0.0,,0,0,0,1,0,0,0,4,0,1,0,0,1,0
